,Pollster,Start Date,End Date,Sample,Weight,Approve,Disapprove,Net
0,"<a href=""https://harvardharrispoll.com/wp-content/uploads/2025/06/HHP_June2025_KeyResults.pdf"" style=""color:black; text-decoration:underline;""><u>Harris Insights & Analytics</u></a>^Sponsor: Harvard University Center for American Political Studies^",2025-06-11,2025-06-12,2097 RV,0.38551417435635027,37.0,52.0,-15.0
1,"<a href=""https://d3nkl3psvxxpe9.cloudfront.net/documents/econTabReport_wObz24u.pdf"" style=""color:black; text-decoration:underline;""><u>YouGov</u></a>^Sponsor: The Economist^",2025-05-16,2025-05-19,1710 A,0.1317067605636433,21.0,49.0,-28.0
2,"<a href=""https://news.gallup.com/poll/690986/political-economic-indicators-steady-may.aspx"" style=""color:black; text-decoration:underline;""><u>Gallup</u></a>",2025-05-01,2025-05-18,1003 A,0.10665075249182976,26.0,65.0,-39.0
3,"<a href=""https://harvardharrispoll.com/wp-content/uploads/2025/05/HHP_May2025_Crosstabs.pdf"" style=""color:black; text-decoration:underline;""><u>Harris Insights & Analytics</u></a>^Sponsor: Harvard University Center for American Political Studies^",2025-05-14,2025-05-15,1903 RV,0.08130606361864928,38.0,51.0,-13.0
4,"<a href=""https://d3nkl3psvxxpe9.cloudfront.net/documents/econTabReport_tDmEBHo.pdf"" style=""color:black; text-decoration:underline;""><u>YouGov</u></a>^Sponsor: The Economist^",2025-05-09,2025-05-12,1786 A,0.09031720192761143,22.0,48.0,-26.0
5,"<a href=""https://d3nkl3psvxxpe9.cloudfront.net/documents/econTabReport_wZDAeTq.pdf"" style=""color:black; text-decoration:underline;""><u>YouGov</u></a>^Sponsor: The Economist^",2025-05-02,2025-05-05,1850 A,0.05895317799434058,24.0,48.0,-24.0
6,"<a href=""https://d3nkl3psvxxpe9.cloudfront.net/documents/econTabReport_fmq348X.pdf"" style=""color:black; text-decoration:underline;""><u>YouGov</u></a>^Sponsor: The Economist^",2025-04-25,2025-04-28,1785 A,0.03347019964314376,22.0,48.0,-26.0
7,"<a href=""https://d3nkl3psvxxpe9.cloudfront.net/documents/econTabReport_iR37dyy.pdf"" style=""color:black; text-decoration:underline;""><u>YouGov</u></a>^Sponsor: The Economist^",2025-04-19,2025-04-22,1625 A,0.02179509010556637,23.0,50.0,-27.0
8,"<a href=""https://d3nkl3psvxxpe9.cloudfront.net/documents/econTabReport_wmD8f2B.pdf"" style=""color:black; text-decoration:underline;""><u>YouGov</u></a>^Sponsor: The Economist^",2025-04-13,2025-04-15,1512 A,0.014051020964143441,24.0,48.0,-24.0
9,"<a href=""https://news.gallup.com/poll/1600/congress-public.aspx"" style=""color:black; text-decoration:underline;""><u>Gallup</u></a>",2025-04-01,2025-04-14,1006 A,0.012091668600476096,28.0,67.0,-39.0
10,"<a href=""https://45840940.fs1.hubspotusercontent-na1.net/hubfs/45840940/Clarity%20Omnibus%20Overview_April%202025.pdf"" style=""color:black; text-decoration:underline;""><u>Clarity Campaign Labs</u></a>",2025-04-09,2025-04-14,1008 RV,0.007538086900392951,40.0,47.0,-7.0
11,"<a href=""https://www.realclearpolitics.com/docs/2025/HHP_APRIL_Final.pdf"" style=""color:black; text-decoration:underline;""><u>Harris Insights & Analytics</u></a>^Sponsor: Harvard University Center for American Political Studies^",2025-04-09,2025-04-10,2286 RV,0.009488651849543367,35.0,51.0,-16.0
12,"<a href=""https://www.umass.edu/political-science/about/reports/2025-4"" style=""color:black; text-decoration:underline;""><u>YouGov</u></a>^Sponsor: WCVB-TV (Boston)^",2025-04-04,2025-04-09,1000 A,0.00808969198500792,29.0,57.0,-28.0
13,"<a href=""https://d3nkl3psvxxpe9.cloudfront.net/documents/econTabReport_pXJ0PxA.pdf"" style=""color:black; text-decoration:underline;""><u>YouGov</u></a>^Sponsor: The Economist^",2025-04-05,2025-04-08,1741 A,0.01007700262575298,22.0,53.0,-31.0
14,"<a href=""https://d3nkl3psvxxpe9.cloudfront.net/documents/econTabReport_Uo7FRzc.pdf"" style=""color:black; text-decoration:underline;""><u>YouGov</u></a>^Sponsor: The Economist^",2025-03-30,2025-04-01,1626 A,0.0065086700617677535,23.0,49.0,-26.0
15,"<a href=""https://harvardharrispoll.com/wp-content/uploads/2025/03/HHP_Mar2025_Crosstabs.pdf"" style=""color:black; text-decoration:underline;""><u>Harris Insights & Analytics</u></a>^Sponsor: Harvard University Center for American Political Studies^",2025-03-26,2025-03-27,2746 RV,0.004645331007952651,36.0,52.0,-16.0
16,"<a href=""https://d3nkl3psvxxpe9.cloudfront.net/documents/econTabReport_o8LZals.pdf"" style=""color:black; text-decoration:underline;""><u>YouGov</u></a>^Sponsor: The Economist^",2025-03-22,2025-03-25,1600 A,0.004315111056643169,24.0,48.0,-24.0
17,"<a href=""https://d3nkl3psvxxpe9.cloudfront.net/documents/econTabReport_ngfganU.pdf"" style=""color:black; text-decoration:underline;""><u>YouGov</u></a>^Sponsor: The Economist^",2025-03-16,2025-03-18,1618 A,0.0029001552352907927,25.0,48.0,-23.0
18,"<a href=""https://news.gallup.com/poll/1600/congress-public.aspx"" style=""color:black; text-decoration:underline;""><u>Gallup</u></a>",2025-03-03,2025-03-16,1002 A,0.0022731134215126883,31.0,63.0,-32.0
19,"<a href=""https://d3nkl3psvxxpe9.cloudfront.net/documents/econTabReport_ddjSlqx.pdf"" style=""color:black; text-decoration:underline;""><u>YouGov</u></a>^Sponsor: The Economist^",2025-03-09,2025-03-11,1699 A,0.001986226059583831,21.0,49.0,-28.0
20,"<a href=""https://static1.squarespace.com/static/61ae8d5e55be5c7314b4c83a/t/67d0921f11ba8d57a17670a9/1741722147070/Clarity+Omnibus+Overview+-+March+2025+PUBLIC.pdf"" style=""color:black; text-decoration:underline;""><u>Clarity Campaign Labs</u></a>",2025-03-03,2025-03-09,1036 RV,0.0009620790361673314,40.0,46.0,-6.0
21,"<a href=""https://d3nkl3psvxxpe9.cloudfront.net/documents/econTabReport_uHE5Cxl.pdf"" style=""color:black; text-decoration:underline;""><u>YouGov</u></a>^Sponsor: The Economist^",2025-03-01,2025-03-04,1638 A,0.0013034336684346307,25.0,42.0,-17.0
22,"<a href=""https://d3nkl3psvxxpe9.cloudfront.net/documents/econTabReport_1q7T4HA.pdf"" style=""color:black; text-decoration:underline;""><u>YouGov</u></a>^Sponsor: The Economist^",2025-02-23,2025-02-25,1604 A,0.0008620533981326383,23.0,44.0,-21.0
23,"<a href=""https://harvardharrispoll.com/wp-content/uploads/2025/02/HHP_Feb2025_vFinal.pdf"" style=""color:black; text-decoration:underline;""><u>Harris Insights & Analytics</u></a>^Sponsor: Harvard University Center for American Political Studies^",2025-02-19,2025-02-20,2443 RV,0.0005842895682197631,36.0,52.0,-16.0
24,"<a href=""https://d3nkl3psvxxpe9.cloudfront.net/documents/econTabReport_OFVhPxp.pdf"" style=""color:black; text-decoration:underline;""><u>YouGov</u></a>^Sponsor: The Economist^",2025-02-16,2025-02-18,1603 A,0.0005759685199583376,25.0,43.0,-18.0
25,"<a href=""https://news.gallup.com/poll/656891/trump-job-approval-rating-congress-jumps.aspx"" style=""color:black; text-decoration:underline;""><u>Gallup</u></a>",2025-02-03,2025-02-16,1004 A,0.00045399816958987226,29.0,65.0,-36.0
26,"<a href=""https://d3nkl3psvxxpe9.cloudfront.net/documents/econTabReport_nyOrDiw.pdf"" style=""color:black; text-decoration:underline;""><u>YouGov</u></a>^Sponsor: The Economist^",2025-02-09,2025-02-11,1595 A,0.0003839832939807953,19.0,51.0,-32.0
27,"<a href=""https://static1.squarespace.com/static/61ae8d5e55be5c7314b4c83a/t/67aa57a7976e415c4d212706/1739216809584/Clarity+Omnibus+Overview+-+Jan_Feb+2025.pdf"" style=""color:black; text-decoration:underline;""><u>Clarity Campaign Labs</u></a>",2025-01-31,2025-02-06,1102 RV,0.00016657954479380995,33.0,45.0,-12.0
28,"<a href=""https://d3nkl3psvxxpe9.cloudfront.net/documents/econTabReport_FOXP71G.pdf"" style=""color:black; text-decoration:underline;""><u>YouGov</u></a>^Sponsor: The Economist^",2025-02-02,2025-02-04,1604 A,0.0002573559231364343,23.0,45.0,-22.0
29,"<a href=""https://d3nkl3psvxxpe9.cloudfront.net/documents/econTabReport_m8tctwx.pdf"" style=""color:black; text-decoration:underline;""><u>YouGov</u></a>^Sponsor: The Economist^",2025-01-26,2025-01-28,1577 A,0.00017054847202252897,24.0,45.0,-21.0
30,"<a href=""https://d3nkl3psvxxpe9.cloudfront.net/documents/econTabReport_P0a6afQ.pdf"" style=""color:black; text-decoration:underline;""><u>YouGov</u></a>^Sponsor: The Economist^",2025-01-19,2025-01-21,1609 A,0.0001151357006605798,18.0,52.0,-34.0
31,"<a href=""https://harvardharrispoll.com/wp-content/uploads/2025/01/HHP_Jan25_KeyResults.pdf"" style=""color:black; text-decoration:underline;""><u>Harris Insights & Analytics</u></a>^Sponsor: Harvard University Center for American Political Studies^",2025-01-15,2025-01-16,2650 RV,8.115015170729136e-05,31.0,56.0,-25.0
32,"<a href=""https://news.gallup.com/poll/1600/congress-public.aspx"" style=""color:black; text-decoration:underline;""><u>Gallup</u></a>",2025-01-02,2025-01-15,1005 A,7.198968551504664e-05,17.0,76.0,-59.0
33,"<a href=""https://d3nkl3psvxxpe9.cloudfront.net/documents/econTabReport_62FWpzz.pdf"" style=""color:black; text-decoration:underline;""><u>YouGov</u></a>^Sponsor: The Economist^",2025-01-12,2025-01-14,1558 A,7.572089051422782e-05,15.0,54.0,-39.0
34,"<a href=""https://static.foxnews.com/foxnews.com/content/uploads/2025/01/fox_january-10-13-2025_national_cross-tabs_january-15-release.pdf"" style=""color:black; text-decoration:underline;""><u>Beacon Research/Shaw & Co. Research</u></a>^Sponsor: Fox News^",2025-01-10,2025-01-13,922 RV,7.44089010313762e-05,26.0,67.0,-41.0
35,"<a href=""https://d3nkl3psvxxpe9.cloudfront.net/documents/econTabReport_gsOVPsO.pdf"" style=""color:black; text-decoration:underline;""><u>YouGov</u></a>^Sponsor: The Economist^",2025-01-05,2025-01-08,1704 A,5.606176690935378e-05,15.0,55.0,-40.0
36,"<a href=""https://d3nkl3psvxxpe9.cloudfront.net/documents/econTabReport_Goy6hsR.pdf"" style=""color:black; text-decoration:underline;""><u>YouGov</u></a>^Sponsor: The Economist^",2024-12-29,2024-12-31,1552 A,3.375808828520594e-05,16.0,50.0,-34.0
37,"<a href=""https://d3nkl3psvxxpe9.cloudfront.net/documents/econTabReport_y6xjoz3.pdf"" style=""color:black; text-decoration:underline;""><u>YouGov</u></a>^Sponsor: The Economist^",2024-12-21,2024-12-24,1582 A,2.277902995714765e-05,15.0,56.0,-41.0
38,"<a href=""https://news.gallup.com/poll/654650/americans-ratings-biden-tepid-steady.aspx"" style=""color:black; text-decoration:underline;""><u>Gallup</u></a>",2024-12-02,2024-12-18,1003 A,1.4349531170934639e-05,17.0,77.0,-60.0
39,"<a href=""https://d3nkl3psvxxpe9.cloudfront.net/documents/econTabReport_fWe8hY3.pdf"" style=""color:black; text-decoration:underline;""><u>YouGov</u></a>^Sponsor: The Economist^",2024-12-15,2024-12-17,1553 A,1.5084041341681938e-05,16.0,54.0,-38.0
40,"<a href=""https://d3nkl3psvxxpe9.cloudfront.net/documents/econTabReport_FnFMxED.pdf"" style=""color:black; text-decoration:underline;""><u>YouGov</u></a>^Sponsor: The Economist^",2024-12-08,2024-12-10,1593 A,1.021033223968721e-05,15.0,52.0,-37.0
41,"<a href=""https://www.monmouth.edu/polling-institute/documents/monmouthpoll_us_121224.pdf/"" style=""color:black; text-decoration:underline;""><u>Monmouth University</u></a>",2024-12-05,2024-12-10,1006 A,1.260020768154506e-05,17.0,74.0,-57.0
42,"<a href=""https://d3nkl3psvxxpe9.cloudfront.net/documents/econTabReport_eAYQKbY.pdf"" style=""color:black; text-decoration:underline;""><u>YouGov</u></a>^Sponsor: The Economist^",2024-11-23,2024-11-26,1590 A,4.556491330870965e-06,17.0,51.0,-34.0
43,"<a href=""https://news.gallup.com/poll/653786/postelection-economic-confidence-biden-ratings-down.aspx"" style=""color:black; text-decoration:underline;""><u>Gallup</u></a>",2024-11-06,2024-11-20,1001 A,2.8602519096145354e-06,19.0,74.0,-55.0
44,"<a href=""https://d3nkl3psvxxpe9.cloudfront.net/documents/econTabReport_WloY87T.pdf"" style=""color:black; text-decoration:underline;""><u>YouGov</u></a>^Sponsor: The Economist^",2024-11-17,2024-11-19,1595 A,3.050087720713802e-06,18.0,51.0,-33.0
45,"<a href=""https://harvardharrispoll.com/wp-content/uploads/2024/11/HHP_Nov2024_Crosstabs.pdf"" style=""color:black; text-decoration:underline;""><u>Harris Insights & Analytics</u></a>^Sponsor: Harvard University Center for American Political Studies^",2024-11-14,2024-11-14,1732 RV,1.745582353705618e-06,29.0,57.0,-28.0
46,"<a href=""https://d3nkl3psvxxpe9.cloudfront.net/documents/econTabReport_IHMRRoV.pdf"" style=""color:black; text-decoration:underline;""><u>YouGov</u></a>^Sponsor: The Economist^",2024-11-09,2024-11-12,1743 A,2.130986408217635e-06,17.0,52.0,-35.0
47,"<a href=""https://d3nkl3psvxxpe9.cloudfront.net/documents/econTabReport_NgtZTja.pdf"" style=""color:black; text-decoration:underline;""><u>YouGov</u></a>^Sponsor: The Economist^",2024-10-26,2024-10-29,1587 A,9.08281460334142e-07,18.0,53.0,-35.0
48,"<a href=""https://static1.squarespace.com/static/61ae8d5e55be5c7314b4c83a/t/671fd5d3de112f28dcd4a39c/1730139604180/%5BAll%5D+Clarity+Omnibus+Overview+-+October+2024.pdf"" style=""color:black; text-decoration:underline;""><u>Clarity Campaign Labs</u></a>",2024-10-17,2024-10-23,1314 LV,3.054146179613125e-07,19.0,60.0,-41.0
49,"<a href=""https://d3nkl3psvxxpe9.cloudfront.net/documents/econTabReport_O3e18LR.pdf"" style=""color:black; text-decoration:underline;""><u>YouGov</u></a>^Sponsor: The Economist^",2024-10-19,2024-10-22,1615 A,6.123761238573367e-07,14.0,54.0,-40.0
50,"<a href=""https://d3nkl3psvxxpe9.cloudfront.net/documents/econTabReport_ycklxBQ.pdf"" style=""color:black; text-decoration:underline;""><u>YouGov</u></a>^Sponsor: The Economist^",2024-10-12,2024-10-15,1624 A,4.1041667595891134e-07,17.0,52.0,-35.0
51,"<a href=""https://harvardharrispoll.com/wp-content/uploads/2024/10/HHP_Oct2024_Crosstabs.pdf"" style=""color:black; text-decoration:underline;""><u>Harris Insights & Analytics</u></a>^Sponsor: Harvard University Center for American Political Studies^",2024-10-11,2024-10-13,3145 RV,3.64105321615725e-07,30.0,60.0,-30.0
52,"<a href=""https://news.gallup.com/poll/652178/harris-approval-rating-higher-biden.aspx"" style=""color:black; text-decoration:underline;""><u>Gallup</u></a>",2024-10-01,2024-10-12,1023 A,3.062845304120885e-07,16.0,77.0,-61.0
53,"<a href=""https://d3nkl3psvxxpe9.cloudfront.net/documents/econTabReport_pw9W1fW.pdf"" style=""color:black; text-decoration:underline;""><u>YouGov</u></a>^Sponsor: The Economist^",2024-10-06,2024-10-07,1604 A,2.5735592313643435e-07,16.0,53.0,-37.0
54,"<a href=""https://d3nkl3psvxxpe9.cloudfront.net/documents/econTabReport_JAnqssN.pdf"" style=""color:black; text-decoration:underline;""><u>YouGov</u></a>^Sponsor: The Economist^",2024-09-29,2024-10-01,1638 A,1.8411489935892823e-07,17.0,54.0,-37.0
55,"<a href=""https://static1.squarespace.com/static/61ae8d5e55be5c7314b4c83a/t/66f701d406dcaa5620325b1f/1727463893365/%5BAll%5D+Clarity+Omnibus+Overview+-+September+2024.pdf"" style=""color:black; text-decoration:underline;""><u>Clarity Campaign Labs</u></a>",2024-09-19,2024-09-24,1000 LV,5.018710414506766e-08,23.0,57.0,-34.0
56,"<a href=""https://d3nkl3psvxxpe9.cloudfront.net/documents/econTabReport_YtkV7hy.pdf"" style=""color:black; text-decoration:underline;""><u>YouGov</u></a>^Sponsor: The Economist^",2024-09-21,2024-09-24,1622 A,1.2244961137076676e-07,12.0,60.0,-48.0
57,"<a href=""https://elections.harrisx.com/public/Deseret_News_HarrisX_Overnight_Poll_Gender_and_Abortion.html"" style=""color:black; text-decoration:underline;""><u>Harris Insights & Analytics</u></a>^Sponsor: Deseret News^",2024-09-20,2024-09-23,1011 RV,6.684085197103349e-08,32.0,58.0,-26.0
58,"<a href=""https://d3nkl3psvxxpe9.cloudfront.net/documents/econTabReport_dUFR0mV.pdf"" style=""color:black; text-decoration:underline;""><u>YouGov</u></a>^Sponsor: The Economist^",2024-09-15,2024-09-17,1592 A,8.107809161176285e-08,14.0,55.0,-41.0
59,"<a href=""https://elections.harrisx.com/public/harrisx-permanent-political-debate-11-to-13.html"" style=""color:black; text-decoration:underline;""><u>Harris Insights & Analytics</u></a>^Sponsor: Forbes^",2024-09-11,2024-09-13,3018 RV,6.474809965148436e-08,34.0,55.0,-21.0
60,"<a href=""https://d3nkl3psvxxpe9.cloudfront.net/documents/econTabReport_k1paNHZ.pdf"" style=""color:black; text-decoration:underline;""><u>YouGov</u></a>^Sponsor: The Economist^",2024-09-08,2024-09-10,1626 A,5.476363368542924e-08,13.0,60.0,-47.0
61,"<a href=""https://harvardharrispoll.com/wp-content/uploads/2024/09/HHP_Sep2024_Crosstabs.pdf"" style=""color:black; text-decoration:underline;""><u>Harris Insights & Analytics</u></a>^Sponsor: Harvard University Center for American Political Studies^",2024-09-04,2024-09-05,2358 RV,3.621915379501981e-08,31.0,59.0,-28.0
62,"<a href=""https://d3nkl3psvxxpe9.cloudfront.net/documents/econTabReport_HIwtch9.pdf"" style=""color:black; text-decoration:underline;""><u>YouGov</u></a>^Sponsor: The Economist^",2024-09-01,2024-09-03,1544 A,3.5666100924817513e-08,15.0,54.0,-39.0
63,"<a href=""https://static1.squarespace.com/static/61ae8d5e55be5c7314b4c83a/t/66d20908a1d92939e8f3314a/1725040905143/%5BAll%5D+Clarity+Omnibus+Overview+-+August+2024.pdf"" style=""color:black; text-decoration:underline;""><u>Clarity Campaign Labs</u></a>",2024-08-23,2024-08-28,1238 LV,1.180191437539232e-08,25.0,56.0,-31.0
64,"<a href=""https://d3nkl3psvxxpe9.cloudfront.net/documents/econTabReport_EQQr3lh.pdf"" style=""color:black; text-decoration:underline;""><u>YouGov</u></a>^Sponsor: The Economist^",2024-08-25,2024-08-27,1555 A,2.392198329910234e-08,14.0,57.0,-43.0
65,"<a href=""https://d3nkl3psvxxpe9.cloudfront.net/documents/econtoplines_m7wODye.pdf"" style=""color:black; text-decoration:underline;""><u>YouGov</u></a>^Sponsor: The Economist^",2024-08-17,2024-08-20,1565 A,1.603943836851862e-08,12.0,58.0,-46.0
66,"<a href=""https://d3nkl3psvxxpe9.cloudfront.net/documents/econTabReport_8IEdK8V.pdf"" style=""color:black; text-decoration:underline;""><u>YouGov</u></a>^Sponsor: The Economist^",2024-08-11,2024-08-13,1567 A,1.0726708639279825e-08,14.0,57.0,-43.0
67,"<a href=""https://d3nkl3psvxxpe9.cloudfront.net/documents/econTabReport_qdE4wzP.pdf"" style=""color:black; text-decoration:underline;""><u>YouGov</u></a>^Sponsor: The Economist^",2024-08-04,2024-08-06,1618 A,7.2848605847984236e-09,13.0,57.0,-44.0
68,"<a href=""https://html-crosstabs.s3.amazonaws.com/Deseret+Religion+and+Political+Violence%2C+HOP+8.3.2024+vF3.html"" style=""color:black; text-decoration:underline;""><u>Harris Insights & Analytics</u></a>^Sponsor: Deseret News^",2024-08-02,2024-08-03,1011 RV,3.548476855056792e-09,33.0,55.0,-22.0
69,"<a href=""https://umass-my.sharepoint.com/personal/crystalpaul_umass_edu/_layouts/15/onedrive.aspx?ga=1&id=%2Fpersonal%2Fcrystalpaul%5Fumass%5Fedu%2FDocuments%2FUMass%20Poll%20Polls%20for%20Web%20Posting%2FHarris%20Biden%20State%20of%20the%20Nation%20Poll%20%2D%20August%206%2C%202024%2FCrosstabs%20Harris%20Biden%20State%20of%20the%20Nation%202024%20National%20Poll%20August%206%202024%2Epdf&parent=%2Fpersonal%2Fcrystalpaul%5Fumass%5Fedu%2FDocuments%2FUMass%20Poll%20Polls%20for%20Web%20Posting%2FHarris%20Biden%20State%20of%20the%20Nation%20Poll%20%2D%20August%206%2C%202024"" style=""color:black; text-decoration:underline;""><u>YouGov</u></a>^Sponsor: WCVB-TV (Boston)^",2024-07-29,2024-08-01,1000 RV,3.435753306768653e-09,23.0,65.0,-42.0
70,"<a href=""https://d3nkl3psvxxpe9.cloudfront.net/documents/econTabReport_5LIBPv8.pdf"" style=""color:black; text-decoration:underline;""><u>YouGov</u></a>^Sponsor: The Economist^",2024-07-27,2024-07-30,1610 A,4.856740777707538e-09,14.0,58.0,-44.0
71,"<a href=""https://harvardharrispoll.com/wp-content/uploads/2024/07/HHP_Jul24_Crosstabs.pdf"" style=""color:black; text-decoration:underline;""><u>Harris Insights & Analytics</u></a>^Sponsor: Harvard University Center for American Political Studies^",2024-07-26,2024-07-28,2196 RV,3.7023934332125845e-09,30.0,59.0,-29.0
72,"<a href=""https://docs.google.com/spreadsheets/d/1GfcxThXCBtmsdcbl-9tD40NhDsP-z2bH/edit?gid=440731706#gid=440731706"" style=""color:black; text-decoration:underline;""><u>Emerson College</u></a>",2024-07-25,2024-07-28,1000 RV,4.386055278459909e-09,18.3,59.1,-40.8
73,"<a href=""https://static1.squarespace.com/static/61ae8d5e55be5c7314b4c83a/t/66ad5918b431d02b7b867e07/1722636569606/Clarity+Omnibus+Overview+-+July+2024.pdf"" style=""color:black; text-decoration:underline;""><u>Clarity Campaign Labs</u></a>",2024-07-22,2024-07-26,995 LV,1.583082971721801e-09,21.0,59.0,-38.0
74,"<a href=""https://d3nkl3psvxxpe9.cloudfront.net/documents/econTabReport_U76IOiF.pdf"" style=""color:black; text-decoration:underline;""><u>YouGov</u></a>^Sponsor: The Economist^",2024-07-21,2024-07-23,1605 A,3.240928907608807e-09,10.0,62.0,-52.0
75,"<a href=""https://news.gallup.com/poll/1600/congress-public.aspx"" style=""color:black; text-decoration:underline;""><u>Gallup</u></a>",2024-07-01,2024-07-21,1010 A,2.5606365037080783e-09,16.0,78.0,-62.0
76,"<a href=""https://d3nkl3psvxxpe9.cloudfront.net/documents/econTabReport_sPu9WiO.pdf"" style=""color:black; text-decoration:underline;""><u>YouGov</u></a>^Sponsor: The Economist^",2024-07-13,2024-07-16,1582 A,2.150479098228809e-09,11.0,63.0,-52.0
77,"<a href=""https://www.harrisx.com/content/trump-assassination-attempt-full-results"" style=""color:black; text-decoration:underline;""><u>Harris Insights & Analytics</u></a>^Sponsor: Forbes^",2024-07-13,2024-07-15,1918 RV,1.6371583991234998e-09,29.0,61.0,-32.0
78,"<a href=""https://static.foxnews.com/foxnews.com/content/uploads/2024/07/Fox_July-7-10-2024_National_Cross-Tabs_July-15-Release.pdf"" style=""color:black; text-decoration:underline;""><u>Beacon Research/Shaw & Co. Research</u></a>^Sponsor: Fox News^",2024-07-07,2024-07-10,1210 RV,1.8015740391137207e-09,18.0,80.0,-62.0
79,"<a href=""https://d3nkl3psvxxpe9.cloudfront.net/documents/econTabReport_RptTnGc.pdf"" style=""color:black; text-decoration:underline;""><u>YouGov</u></a>^Sponsor: The Economist^",2024-07-07,2024-07-09,1620 A,1.4544188461429166e-09,11.0,62.0,-51.0
80,"<a href=""https://d3nkl3psvxxpe9.cloudfront.net/documents/econTabReport_xTDr4ON.pdf"" style=""color:black; text-decoration:underline;""><u>YouGov</u></a>^Sponsor: The Economist^",2024-06-30,2024-07-02,1608 A,9.684451050325482e-10,13.0,61.0,-48.0
81,"<a href=""https://d3nkl3psvxxpe9.cloudfront.net/documents/econTabReport_DqmBE9q.pdf"" style=""color:black; text-decoration:underline;""><u>YouGov</u></a>^Sponsor: The Economist^",2024-06-23,2024-06-25,1599 A,6.454405075408575e-10,13.0,60.0,-47.0
82,"<a href=""https://static1.squarespace.com/static/61ae8d5e55be5c7314b4c83a/t/66904c24ca9c6127f7534771/1720732709774/%5BALL%5D+Clarity+Omnibus+Overview+-+June+2024.pdf"" style=""color:black; text-decoration:underline;""><u>Clarity Campaign Labs</u></a>",2024-06-13,2024-06-20,1002 LV,1.9999815895550475e-10,21.0,61.0,-40.0
83,"<a href=""https://d3nkl3psvxxpe9.cloudfront.net/documents/econTabReport_BAWCOh6.pdf"" style=""color:black; text-decoration:underline;""><u>YouGov</u></a>^Sponsor: The Economist^",2024-06-16,2024-06-18,1600 A,4.3151110566431795e-10,13.0,59.0,-46.0
84,"<a href=""https://d3nkl3psvxxpe9.cloudfront.net/documents/econTabReport_maqVHQt.pdf"" style=""color:black; text-decoration:underline;""><u>YouGov</u></a>^Sponsor: The Economist^",2024-06-09,2024-06-11,1595 A,2.879468486366005e-10,13.0,58.0,-45.0
85,"<a href=""https://www.monmouth.edu/polling-institute/documents/monmouthpoll_us_061224.pdf/"" style=""color:black; text-decoration:underline;""><u>Monmouth University</u></a>",2024-06-06,2024-06-10,1106 A,3.515250482414785e-10,14.0,82.0,-68.0
86,"<a href=""https://d3nkl3psvxxpe9.cloudfront.net/documents/econTabReport_b6cGJcE.pdf"" style=""color:black; text-decoration:underline;""><u>YouGov</u></a>^Sponsor: The Economist^",2024-06-02,2024-06-04,1766 A,2.0250107627227113e-10,12.0,59.0,-47.0
87,"<a href=""https://www.highpoint.edu/src/files/2023/08/104memo.pdf"" style=""color:black; text-decoration:underline;""><u>High Point University</u></a>",2024-05-22,2024-05-29,1000 A,8.15294494526722e-11,23.0,60.0,-37.0
88,"<a href=""https://d3nkl3psvxxpe9.cloudfront.net/documents/econTabReport_5ePXwWM.pdf"" style=""color:black; text-decoration:underline;""><u>YouGov</u></a>^Sponsor: The Economist^",2024-05-25,2024-05-28,1748 A,1.3464886604326788e-10,11.0,61.0,-50.0
89,"<a href=""https://news.gallup.com/poll/645413/biden-congress-approval-ratings-persistently-low.aspx?utm_source=alert&utm_medium=email&utm_content=morelink&utm_campaign=syndication"" style=""color:black; text-decoration:underline;""><u>Gallup</u></a>",2024-05-01,2024-05-23,1024 A,8.636488991931116e-11,13.0,81.0,-68.0
90,"<a href=""https://d3nkl3psvxxpe9.cloudfront.net/documents/econTabReport_9aJ08Ik.pdf"" style=""color:black; text-decoration:underline;""><u>YouGov</u></a>^Sponsor: The Economist^",2024-05-19,2024-05-21,1784 A,9.091371636435923e-11,11.0,62.0,-51.0
91,"<a href=""https://harvardharrispoll.com/wp-content/uploads/2024/05/HHP_May2024_crosstabs.pdf"" style=""color:black; text-decoration:underline;""><u>Harris Insights & Analytics</u></a>^Sponsor: Harvard University Center for American Political Studies^",2024-05-15,2024-05-16,1660 RV,4.816376659576641e-11,32.0,61.0,-29.0
92,"<a href=""https://d3nkl3psvxxpe9.cloudfront.net/documents/econTabReport_nURRSN3.pdf"" style=""color:black; text-decoration:underline;""><u>YouGov</u></a>^Sponsor: The Economist^",2024-05-12,2024-05-14,1830 A,6.154000554335601e-11,13.0,64.0,-51.0
93,"<a href=""https://static1.squarespace.com/static/61ae8d5e55be5c7314b4c83a/t/66631e285625963c4d18a28b/1717771816980/%5BALL%5D+Clarity+Omnibus+Overview+-+April_May+2024.pdf"" style=""color:black; text-decoration:underline;""><u>Clarity Campaign Labs</u></a>",2024-04-29,2024-05-08,1076 RV,2.3250752295482352e-11,21.0,62.0,-41.0
94,"<a href=""https://d3nkl3psvxxpe9.cloudfront.net/documents/econTabReport_Agwhapd.pdf"" style=""color:black; text-decoration:underline;""><u>YouGov</u></a>^Sponsor: The Economist^",2024-05-05,2024-05-07,1813 A,4.0938402180799805e-11,12.0,61.0,-49.0
95,"<a href=""https://d3nkl3psvxxpe9.cloudfront.net/documents/econTabReport_0NJUiMQ.pdf"" style=""color:black; text-decoration:underline;""><u>YouGov</u></a>^Sponsor: The Economist^",2024-04-28,2024-04-30,1755 A,2.691972050936898e-11,14.0,61.0,-47.0
96,"<a href=""https://harvardharrispoll.com/wp-content/uploads/2024/04/HHP_Apr2024_Crosstabs.pdf"" style=""color:black; text-decoration:underline;""><u>Harris Insights & Analytics</u></a>^Sponsor: Harvard University Center for American Political Studies^",2024-04-24,2024-04-25,1961 RV,1.5628064534325856e-11,32.0,61.0,-29.0
97,"<a href=""https://d3nkl3psvxxpe9.cloudfront.net/documents/econTabReport_20240422.pdf"" style=""color:black; text-decoration:underline;""><u>YouGov</u></a>^Sponsor: The Economist^",2024-04-21,2024-04-23,1651 A,1.7450405482389735e-11,12.0,65.0,-53.0
98,"<a href=""https://www.monmouth.edu/polling-institute/documents/monmouthpoll_us_042424.pdf/"" style=""color:black; text-decoration:underline;""><u>Monmouth University</u></a>",2024-04-18,2024-04-22,808 A,1.789717123892407e-11,14.0,79.0,-65.0
99,"<a href=""https://d3nkl3psvxxpe9.cloudfront.net/documents/econTabReport_HqmM53D.pdf"" style=""color:black; text-decoration:underline;""><u>YouGov</u></a>^Sponsor: The Economist^",2024-04-14,2024-04-16,1574 A,1.1387656281530474e-11,12.0,62.0,-50.0
100,"<a href=""https://d3nkl3psvxxpe9.cloudfront.net/documents/econTabReport_lMxEeEw.pdf"" style=""color:black; text-decoration:underline;""><u>YouGov</u></a>^Sponsor: The Economist^",2024-04-06,2024-04-09,1795 A,8.127635388607475e-12,14.0,63.0,-49.0
101,"<a href=""https://d3nkl3psvxxpe9.cloudfront.net/documents/econTabReport_5VGK6NY.pdf"" style=""color:black; text-decoration:underline;""><u>YouGov</u></a>^Sponsor: The Economist^",2024-03-30,2024-04-02,1813 A,5.459223670661831e-12,12.0,67.0,-55.0
102,"<a href=""https://static1.squarespace.com/static/61ae8d5e55be5c7314b4c83a/t/660c51fc7267d13186cfe71e/1712083453713/%5BALL%5D+Clarity+Omnibus+Overview+-March+2024.pdf"" style=""color:black; text-decoration:underline;""><u>Clarity Campaign Labs</u></a>",2024-03-23,2024-03-27,1080 RV,2.0760736267612377e-12,23.0,61.0,-38.0
103,"<a href=""https://d3nkl3psvxxpe9.cloudfront.net/documents/econTabReport_mTlzQOB.pdf"" style=""color:black; text-decoration:underline;""><u>YouGov</u></a>^Sponsor: The Economist^",2024-03-24,2024-03-26,1594 A,3.4211817345572876e-12,10.0,65.0,-55.0
104,"<a href=""https://harvardharrispoll.com/wp-content/uploads/2024/03/HHP_March2024_Crosstabs.pdf"" style=""color:black; text-decoration:underline;""><u>Harris Insights & Analytics</u></a>^Sponsor: Harvard University Center for American Political Studies^",2024-03-20,2024-03-21,2271 RV,2.2427195362964107e-12,33.0,60.0,-27.0
105,"<a href=""https://d3nkl3psvxxpe9.cloudfront.net/documents/econTabReport_dyZbfXi.pdf"" style=""color:black; text-decoration:underline;""><u>YouGov</u></a>^Sponsor: The Economist^",2024-03-16,2024-03-19,1682 A,2.3487942869976055e-12,13.0,64.0,-51.0
106,"<a href=""https://d3nkl3psvxxpe9.cloudfront.net/documents/econTabReport_Ba6mR1n.pdf"" style=""color:black; text-decoration:underline;""><u>YouGov</u></a>^Sponsor: The Economist^",2024-03-10,2024-03-12,1559 A,1.5113151773408681e-12,17.0,60.0,-43.0
107,"<a href=""https://d3nkl3psvxxpe9.cloudfront.net/documents/econTabReport_nmFBeqb.pdf"" style=""color:black; text-decoration:underline;""><u>YouGov</u></a>^Sponsor: The Economist^",2024-03-03,2024-03-05,1556 A,1.0091059861954114e-12,15.0,60.0,-45.0
108,"<a href=""https://static.foxnews.com/foxnews.com/content/uploads/2024/03/Fox_February-25-28-2024_Complete_National_Cross-Tabs_March-3-Release.pdf"" style=""color:black; text-decoration:underline;""><u>Beacon Research/Shaw & Co. Research</u></a>^Sponsor: Fox News^",2024-02-25,2024-02-28,1262 RV,8.705407540727188e-13,19.0,78.0,-59.0
109,"<a href=""https://static1.squarespace.com/static/61ae8d5e55be5c7314b4c83a/t/65e89ab3fee20505c0cb5577/1709742772099/Clarity+Omnibus+Overview+-+February+2024.pdf"" style=""color:black; text-decoration:underline;""><u>Clarity Campaign Labs</u></a>",2024-02-22,2024-02-27,1026 LV,2.858681805138632e-13,22.0,56.0,-34.0
110,"<a href=""https://d3nkl3psvxxpe9.cloudfront.net/documents/econTabReport_hi9l9P2.pdf"" style=""color:black; text-decoration:underline;""><u>YouGov</u></a>^Sponsor: The Economist^",2024-02-25,2024-02-27,1688 A,7.02454513468122e-13,16.0,59.0,-43.0
111,"<a href=""https://harvardharrispoll.com/wp-content/uploads/2024/02/HHP_Feb2024_Crosstabs.pdf"" style=""color:black; text-decoration:underline;""><u>Harris Insights & Analytics</u></a>^Sponsor: Harvard University Center for American Political Studies^",2024-02-21,2024-02-22,2022 RV,4.222376684148262e-13,34.0,58.0,-24.0
112,"<a href=""https://d3nkl3psvxxpe9.cloudfront.net/documents/econTabReport_LbK5uKN.pdf"" style=""color:black; text-decoration:underline;""><u>YouGov</u></a>^Sponsor: The Economist^",2024-02-18,2024-02-20,1562 A,4.5161930797119095e-13,23.0,53.0,-30.0
113,"<a href=""https://news.gallup.com/poll/611135/immigration-surges-top-important-problem-list.aspx"" style=""color:black; text-decoration:underline;""><u>Gallup</u></a>",2024-02-01,2024-02-20,1016 A,4.070371974882951e-13,12.0,83.0,-71.0
114,"<a href=""https://d3nkl3psvxxpe9.cloudfront.net/documents/econTabReport_bC3K16R.pdf"" style=""color:black; text-decoration:underline;""><u>YouGov</u></a>^Sponsor: The Economist^",2024-02-11,2024-02-13,1671 A,3.12190879425797e-13,20.0,56.0,-36.0
115,"<a href=""https://www.monmouth.edu/polling-institute/documents/monmouthpoll_us_022024.pdf/"" style=""color:black; text-decoration:underline;""><u>Monmouth University</u></a>",2024-02-08,2024-02-12,902 A,3.362652442765171e-13,14.0,79.0,-65.0
116,"<a href=""https://d3nkl3psvxxpe9.cloudfront.net/documents/econTabReport_H1zTWuF.pdf"" style=""color:black; text-decoration:underline;""><u>YouGov</u></a>^Sponsor: The Economist^",2024-02-04,2024-02-06,1591 A,2.0359498492399844e-13,20.0,57.0,-37.0
117,"<a href=""https://polsci.umass.edu/sites/default/files/January2024StateofNationBidenCrosstabs.pdf"" style=""color:black; text-decoration:underline;""><u>YouGov</u></a>^Sponsor: WCVB-TV (Boston)^",2024-01-25,2024-01-30,1064 A,1.1127633163312044e-13,26.0,62.0,-36.0
118,"<a href=""https://d3nkl3psvxxpe9.cloudfront.net/documents/econTabReport_f5kOruS.pdf"" style=""color:black; text-decoration:underline;""><u>YouGov</u></a>^Sponsor: The Economist^",2024-01-28,2024-01-30,1686 A,1.4007504521002052e-13,13.0,62.0,-49.0
119,"<a href=""https://d3nkl3psvxxpe9.cloudfront.net/documents/econTabReport_i9N6Z0N.pdf"" style=""color:black; text-decoration:underline;""><u>YouGov</u></a>^Sponsor: The Economist^",2024-01-21,2024-01-23,1664 A,9.300550326945143e-14,18.0,60.0,-42.0
120,"<a href=""https://static1.squarespace.com/static/61ae8d5e55be5c7314b4c83a/t/65bbc99ed92dcc3f3d6c412d/1706805664506/Clarity+Omnibus+Overview+-+January+2024.pdf"" style=""color:black; text-decoration:underline;""><u>Clarity Campaign Labs</u></a>",2024-01-19,2024-01-23,1092 LV,3.932814444449389e-14,26.0,58.0,-32.0
121,"<a href=""https://harvardharrispoll.com/wp-content/uploads/2024/01/HHP_Jan2024_crosstabs.pdf"" style=""color:black; text-decoration:underline;""><u>Harris Insights & Analytics</u></a>^Sponsor: Harvard University Center for American Political Studies^",2024-01-17,2024-01-18,2346 RV,6.064994382924152e-14,33.0,59.0,-26.0
122,"<a href=""https://www.newsnationnow.com/polls/2024-election-poll-ddhq/"" style=""color:black; text-decoration:underline;""><u>NewsNation</u></a>",2024-01-16,2024-01-18,1000 RV,8.973575597697752e-15,24.41,75.59,-51.18000000000001
123,"<a href=""https://d3nkl3psvxxpe9.cloudfront.net/documents/econTabReport_HvTrDQB.pdf"" style=""color:black; text-decoration:underline;""><u>YouGov</u></a>^Sponsor: The Economist^",2024-01-14,2024-01-16,1660 A,6.208490632527766e-14,16.0,62.0,-46.0
124,"<a href=""https://d3nkl3psvxxpe9.cloudfront.net/documents/econTabReport_wOkNqe4.pdf"" style=""color:black; text-decoration:underline;""><u>YouGov</u></a>^Sponsor: The Economist^",2024-01-07,2024-01-09,1593 A,4.064806478353034e-14,19.0,56.0,-37.0
125,"<a href=""https://d3nkl3psvxxpe9.cloudfront.net/documents/econTabReport_11nGFKX.pdf"" style=""color:black; text-decoration:underline;""><u>YouGov</u></a>^Sponsor: The Economist^",2023-12-31,2024-01-02,1521 A,2.6545847381007777e-14,18.0,58.0,-40.0
126,"<a href=""https://d3nkl3psvxxpe9.cloudfront.net/documents/econTabReport_pJolTxJ.pdf"" style=""color:black; text-decoration:underline;""><u>YouGov</u></a>^Sponsor: The Economist^",2023-12-16,2023-12-18,1500 A,1.1116744281383612e-14,15.0,56.0,-41.0
127,"<a href=""https://harvardharrispoll.com/wp-content/uploads/2023/12/HHP_Dec23_Crosstab.pdf"" style=""color:black; text-decoration:underline;""><u>Harris Insights & Analytics</u></a>^Sponsor: Harvard University Center for American Political Studies^",2023-12-13,2023-12-14,2034 RV,7.530813169143342e-15,35.0,58.0,-23.0
128,"<a href=""https://static.foxnews.com/foxnews.com/content/uploads/2023/12/Fox_December-10-13-2023_Cross-Tabs_December-17-Release.pdf"" style=""color:black; text-decoration:underline;""><u>Beacon Research/Shaw & Co. Research</u></a>^Sponsor: Fox News^",2023-12-10,2023-12-13,1007 RV,9.24217452124466e-15,19.0,77.0,-58.0
129,"<a href=""https://d3nkl3psvxxpe9.cloudfront.net/documents/econTabReport_y2MuS3t.pdf"" style=""color:black; text-decoration:underline;""><u>YouGov</u></a>^Sponsor: The Economist^",2023-12-09,2023-12-12,1500 A,7.870052250081993e-15,14.0,62.0,-48.0
130,"<a href=""https://static1.squarespace.com/static/61ae8d5e55be5c7314b4c83a/t/657cbfcf5350902a33364e5a/1702674493048/Clarity+Omnibus+Overview+-+December+2023.pdf"" style=""color:black; text-decoration:underline;""><u>Clarity Campaign Labs</u></a>",2023-12-07,2023-12-10,1052 LV,3.0661966655131964e-15,23.0,62.0,-39.0
131,"<a href=""https://d3nkl3psvxxpe9.cloudfront.net/documents/econTabReport_BOEC4TZ.pdf"" style=""color:black; text-decoration:underline;""><u>YouGov</u></a>^Sponsor: The Economist^",2023-12-02,2023-12-05,1500 A,5.2599015522895014e-15,16.0,59.0,-43.0
132,"<a href=""https://www.monmouth.edu/polling-institute/reports/monmouthpoll_us_121823/"" style=""color:black; text-decoration:underline;""><u>Monmouth University</u></a>",2023-11-30,2023-12-04,803 A,5.642044220191332e-15,17.0,77.0,-60.0
