,Unnamed: 0,Pollster,Start Date,End Date,Sample,Weight,Approve,Disapprove,Net,Category
0,0,"<a href=""https://d3nkl3psvxxpe9.cloudfront.net/documents/econTabReport_5xxkX0x.pdf"" style=""color:black; text-decoration:underline;""><u>YouGov</u></a>^Sponsor: The Economist^",2025-09-26,2025-09-29,1656 A,0.4310388249195834,19.0,51.0,-32.0,Congress
1,1,"<a href=""https://news.gallup.com/poll/695519/mood-subdued-crime-unity-concerns-rise.aspx"" style=""color:black; text-decoration:underline;""><u>Gallup</u></a>",2025-09-02,2025-09-16,1000 A,0.2647881942330716,26.0,71.0,-45.0,Congress
2,2,"<a href=""https://cdn.prod.website-files.com/65fc824cf835683ce2d3549b/68c337dae06e3c4578f9a9f4_20250911-ICGenerationPoll-Final.pdf"" style=""color:black; text-decoration:underline;""><u>The Bullfinch Group</u></a>^Sponsor: The Independent Center^",2025-09-06,2025-09-11,2000 A,0.0376931006226493,39.0,49.0,-10.0,Congress
3,3,"<a href=""https://www.claritycampaigns.com/clarity-omnibus-september-2025"" style=""color:black; text-decoration:underline;""><u>Clarity Campaign Labs</u></a>",2025-09-04,2025-09-11,1001 RV,0.1265127329152663,37.0,52.0,-15.0,Congress
4,4,"<a href=""https://d3nkl3psvxxpe9.cloudfront.net/documents/econTabReport_otzzSNZ.pdf"" style=""color:black; text-decoration:underline;""><u>YouGov</u></a>^Sponsor: The Economist^",2025-08-22,2025-08-25,1523 A,0.0435836181491733,17.0,57.0,-40.0,Congress
5,5,"<a href=""https://harvardharrispoll.com/wp-content/uploads/2025/08/HHP_Aug2025_Crosstabs.pdf"" style=""color:black; text-decoration:underline;""><u>Harris Insights & Analytics</u></a>^Sponsor: Harvard University Center for American Political Studies^",2025-08-20,2025-08-21,2025 RV,0.0573047565772121,37.0,53.0,-16.0,Congress
6,6,"<a href=""https://static1.squarespace.com/static/61ae8d5e55be5c7314b4c83a/t/68936b40c111f97bb04773dd/1754491714447/Clarity+Omnibus+Overview+-+July+2025+%5BPUBLIC%5D.pdf"" style=""color:black; text-decoration:underline;""><u>Clarity Campaign Labs</u></a>",2025-07-24,2025-07-31,1018 RV,0.0066688561305188,38.0,53.0,-15.0,Congress
7,7,"<a href=""https://htv-prod-media.s3.amazonaws.com/files/july2025nationalumasspollpartyeconcrosstabs-6895f08aa539a.pdf"" style=""color:black; text-decoration:underline;""><u>YouGov</u></a>",2025-07-25,2025-07-30,1000 A,0.0126792501344298,27.0,60.0,-33.0,Congress
8,8,"<a href=""https://d3nkl3psvxxpe9.cloudfront.net/documents/econTabReport_7Bn59Tx.pdf"" style=""color:black; text-decoration:underline;""><u>YouGov</u></a>^Sponsor: The Economist^",2025-07-25,2025-07-28,1777 A,0.006149809433525,20.0,54.0,-34.0,Congress
9,9,"<a href=""https://www.thebullfinchgroup.com/post/public-release-of-bullfinch-q3-nationwide-survey-3"" style=""color:black; text-decoration:underline;""><u>The Bullfinch Group</u></a>",2025-07-18,2025-07-22,1200 A,0.0012856203775267,36.0,53.0,-17.0,Congress
10,10,"<a href=""https://news.gallup.com/poll/693230/record-party-gaps-job-approval-supreme-court-congress.aspx"" style=""color:black; text-decoration:underline;""><u>Gallup</u></a>",2025-07-07,2025-07-21,1002 A,0.0059740340262095,26.0,67.0,-41.0,Congress
11,11,"<a href=""https://www.highpoint.edu/src/files/2023/08/hpupoll112A.pdf"" style=""color:black; text-decoration:underline;""><u>High Point University Survey Research Center</u></a>",2025-07-18,2025-07-21,1000 A,0.0011079550071,29.0,51.0,-22.0,Congress
12,12,"<a href=""https://harvardharrispoll.com/wp-content/uploads/2025/07/HHP_July2025_Crosstabs.pdf"" style=""color:black; text-decoration:underline;""><u>Harris Insights & Analytics</u></a>^Sponsor: Harvard University Center for American Political Studies^",2025-07-06,2025-07-08,2044 RV,0.002645778179923,37.0,54.0,-17.0,Congress
13,13,"<a href=""https://d3nkl3psvxxpe9.cloudfront.net/documents/econTabReport_B1ETIg8.pdf"" style=""color:black; text-decoration:underline;""><u>YouGov</u></a>^Sponsor: The Economist^",2025-06-27,2025-06-30,1648 A,0.0010233570358747,18.0,57.0,-39.0,Congress
14,14,"<a href=""https://www.exiledpolicy.com/p/poll-voters-disapprove-of-congress"" style=""color:black; text-decoration:underline;""><u>The Bullfinch Group</u></a>^Sponsor: Exiled Policy^",2025-06-17,2025-06-20,1223 A,0.0002057005026893,34.0,54.0,-20.0,Congress
15,15,"<a href=""https://static1.squarespace.com/static/61ae8d5e55be5c7314b4c83a/t/6852fc5a3ac4c05449fc450e/1750269023826/Clarity+Omnibus+Overview+-+June+2025+%5BPUBLIC%5D.pdf"" style=""color:black; text-decoration:underline;""><u>Clarity Campaign Labs</u></a>",2025-06-05,2025-06-14,1000 RV,0.0003606881130504,37.0,51.0,-14.0,Congress
16,16,"<a href=""https://harvardharrispoll.com/wp-content/uploads/2025/06/HHP_June2025_Crosstabs.pdf"" style=""color:black; text-decoration:underline;""><u>Harris Insights & Analytics</u></a>^Sponsor: Harvard University Center for American Political Studies^",2025-06-11,2025-06-12,2097 RV,0.000489853900412,37.0,52.0,-15.0,Congress
17,17,"<a href=""https://d3nkl3psvxxpe9.cloudfront.net/documents/econTabReport_wObz24u.pdf"" style=""color:black; text-decoration:underline;""><u>YouGov</u></a>^Sponsor: The Economist^",2025-05-16,2025-05-19,1710 A,7.02307986227876e-05,21.0,49.0,-28.0,Congress
18,18,"<a href=""https://news.gallup.com/poll/690986/political-economic-indicators-steady-may.aspx"" style=""color:black; text-decoration:underline;""><u>Gallup</u></a>",2025-05-01,2025-05-18,1003 A,0.000122585377302,26.0,65.0,-39.0,Congress
19,19,"<a href=""https://harvardharrispoll.com/wp-content/uploads/2025/05/HHP_May2025_Crosstabs.pdf"" style=""color:black; text-decoration:underline;""><u>Harris Insights & Analytics</u></a>^Sponsor: Harvard University Center for American Political Studies^",2025-05-14,2025-05-15,1903 RV,8.063384714255459e-05,38.0,51.0,-13.0,Congress
20,20,"<a href=""https://www.thebullfinchgroup.com/post/public-release-of-bullfinch-q2-nationwide-survey-3"" style=""color:black; text-decoration:underline;""><u>The Bullfinch Group</u></a>",2025-05-09,2025-05-13,1200 A,1.6165820405837705e-05,36.0,51.0,-15.0,Congress
21,21,"<a href=""https://d3nkl3psvxxpe9.cloudfront.net/documents/econTabReport_tDmEBHo.pdf"" style=""color:black; text-decoration:underline;""><u>YouGov</u></a>^Sponsor: The Economist^",2025-05-09,2025-05-12,1786 A,4.4871884132444975e-05,22.0,48.0,-26.0,Congress
22,22,"<a href=""https://d3nkl3psvxxpe9.cloudfront.net/documents/econTabReport_wZDAeTq.pdf"" style=""color:black; text-decoration:underline;""><u>YouGov</u></a>^Sponsor: The Economist^",2025-05-02,2025-05-05,1850 A,2.8776845245423465e-05,24.0,48.0,-24.0,Congress
23,23,"<a href=""https://www.highpoint.edu/src/files/2023/08/111memoISS.pdf"" style=""color:black; text-decoration:underline;""><u>High Point University Survey Research Center</u></a>",2025-04-28,2025-05-03,1000 A,9.582448524696083e-06,31.0,49.0,-18.0,Congress
24,24,"<a href=""https://d3nkl3psvxxpe9.cloudfront.net/documents/econTabReport_fmq348X.pdf"" style=""color:black; text-decoration:underline;""><u>YouGov</u></a>^Sponsor: The Economist^",2025-04-25,2025-04-28,1785 A,1.7922462568217076e-05,22.0,48.0,-26.0,Congress
25,25,"<a href=""https://d3nkl3psvxxpe9.cloudfront.net/documents/econTabReport_iR37dyy.pdf"" style=""color:black; text-decoration:underline;""><u>YouGov</u></a>^Sponsor: The Economist^",2025-04-19,2025-04-22,1625 A,1.1542739962200958e-05,23.0,50.0,-27.0,Congress
26,26,"<a href=""https://d3nkl3psvxxpe9.cloudfront.net/documents/econTabReport_wmD8f2B.pdf"" style=""color:black; text-decoration:underline;""><u>YouGov</u></a>^Sponsor: The Economist^",2025-04-13,2025-04-15,1512 A,7.124655084925804e-06,24.0,48.0,-24.0,Congress
27,27,"<a href=""https://45840940.fs1.hubspotusercontent-na1.net/hubfs/45840940/Clarity%20Omnibus%20Overview_April%202025.pdf"" style=""color:black; text-decoration:underline;""><u>Clarity Campaign Labs</u></a>",2025-04-09,2025-04-14,1008 RV,9.362519334342022e-06,40.0,47.0,-7.0,Congress
28,28,"<a href=""https://news.gallup.com/poll/1600/congress-public.aspx"" style=""color:black; text-decoration:underline;""><u>Gallup</u></a>",2025-04-01,2025-04-14,1006 A,1.5018197926387976e-05,28.0,67.0,-39.0,Congress
29,29,"<a href=""https://www.realclearpolitics.com/docs/2025/HHP_APRIL_Final.pdf"" style=""color:black; text-decoration:underline;""><u>Harris Insights & Analytics</u></a>^Sponsor: Harvard University Center for American Political Studies^",2025-04-09,2025-04-10,2286 RV,9.622556513360226e-06,35.0,51.0,-16.0,Congress
30,30,"<a href=""https://www.umass.edu/political-science/about/reports/2025-4"" style=""color:black; text-decoration:underline;""><u>YouGov</u></a>^Sponsor: WCVB-TV (Boston)^",2025-04-04,2025-04-09,1000 A,2.0095257223569586e-05,29.0,57.0,-28.0,Congress
31,31,"<a href=""https://d3nkl3psvxxpe9.cloudfront.net/documents/econTabReport_pXJ0PxA.pdf"" style=""color:black; text-decoration:underline;""><u>YouGov</u></a>^Sponsor: The Economist^",2025-04-05,2025-04-08,1741 A,4.909149762018488e-06,22.0,53.0,-31.0,Congress
32,32,"<a href=""https://d3nkl3psvxxpe9.cloudfront.net/documents/econTabReport_Uo7FRzc.pdf"" style=""color:black; text-decoration:underline;""><u>YouGov</u></a>^Sponsor: The Economist^",2025-03-30,2025-04-01,1626 A,3.0554474908266102e-06,23.0,49.0,-26.0,Congress
33,33,"<a href=""https://harvardharrispoll.com/wp-content/uploads/2025/03/HHP_Mar2025_Crosstabs.pdf"" style=""color:black; text-decoration:underline;""><u>Harris Insights & Analytics</u></a>^Sponsor: Harvard University Center for American Political Studies^",2025-03-26,2025-03-27,2746 RV,4.710886315155527e-06,36.0,52.0,-16.0,Congress
34,34,"<a href=""https://d3nkl3psvxxpe9.cloudfront.net/documents/econTabReport_o8LZals.pdf"" style=""color:black; text-decoration:underline;""><u>YouGov</u></a>^Sponsor: The Economist^",2025-03-22,2025-03-25,1600 A,1.957009498715936e-06,24.0,48.0,-24.0,Congress
35,35,"<a href=""https://d3nkl3psvxxpe9.cloudfront.net/documents/econTabReport_ngfganU.pdf"" style=""color:black; text-decoration:underline;""><u>YouGov</u></a>^Sponsor: The Economist^",2025-03-16,2025-03-18,1618 A,1.2735260682134028e-06,25.0,48.0,-23.0,Congress
36,36,"<a href=""https://news.gallup.com/poll/1600/congress-public.aspx"" style=""color:black; text-decoration:underline;""><u>Gallup</u></a>",2025-03-03,2025-03-16,1002 A,2.5252110876010004e-06,31.0,63.0,-32.0,Congress
37,37,"<a href=""https://d3nkl3psvxxpe9.cloudfront.net/documents/econTabReport_ddjSlqx.pdf"" style=""color:black; text-decoration:underline;""><u>YouGov</u></a>^Sponsor: The Economist^",2025-03-09,2025-03-11,1699 A,8.46156705714641e-07,21.0,49.0,-28.0,Congress
38,38,"<a href=""https://static1.squarespace.com/static/61ae8d5e55be5c7314b4c83a/t/67d0921f11ba8d57a17670a9/1741722147070/Clarity+Omnibus+Overview+-+March+2025+PUBLIC.pdf"" style=""color:black; text-decoration:underline;""><u>Clarity Campaign Labs</u></a>",2025-03-03,2025-03-09,1036 RV,1.0687775745310168e-06,40.0,46.0,-6.0,Congress
39,39,"<a href=""https://d3nkl3psvxxpe9.cloudfront.net/documents/econTabReport_uHE5Cxl.pdf"" style=""color:black; text-decoration:underline;""><u>YouGov</u></a>^Sponsor: The Economist^",2025-03-01,2025-03-04,1638 A,5.396339541232678e-07,25.0,42.0,-17.0,Congress
40,40,"<a href=""https://projects.fivethirtyeight.com/polls/20250303_US_Bullfinch.pdf"" style=""color:black; text-decoration:underline;""><u>The Bullfinch Group</u></a>^Sponsor: The Independent Center^",2025-02-22,2025-02-26,1200 A,2.035156211140977e-07,36.0,47.0,-11.0,Congress
41,41,"<a href=""https://d3nkl3psvxxpe9.cloudfront.net/documents/econTabReport_1q7T4HA.pdf"" style=""color:black; text-decoration:underline;""><u>YouGov</u></a>^Sponsor: The Economist^",2025-02-23,2025-02-25,1604 A,3.473793140789171e-07,23.0,44.0,-21.0,Congress
42,42,"<a href=""https://harvardharrispoll.com/wp-content/uploads/2025/02/HHP_Feb2025_vFinal.pdf"" style=""color:black; text-decoration:underline;""><u>Harris Insights & Analytics</u></a>^Sponsor: Harvard University Center for American Political Studies^",2025-02-19,2025-02-20,2443 RV,5.485809168972874e-07,36.0,52.0,-16.0,Congress
43,43,"<a href=""https://d3nkl3psvxxpe9.cloudfront.net/documents/econTabReport_OFVhPxp.pdf"" style=""color:black; text-decoration:underline;""><u>YouGov</u></a>^Sponsor: The Economist^",2025-02-16,2025-02-18,1603 A,2.262196546955705e-07,25.0,43.0,-18.0,Congress
44,44,"<a href=""https://news.gallup.com/poll/656891/trump-job-approval-rating-congress-jumps.aspx"" style=""color:black; text-decoration:underline;""><u>Gallup</u></a>",2025-02-03,2025-02-16,1004 A,4.604050304628766e-07,29.0,65.0,-36.0,Congress
45,45,"<a href=""https://www.harrisx.com/content/deseret-news-harrisx-overnight-poll-executive-orders-and-immigration-february-2025"" style=""color:black; text-decoration:underline;""><u>Harris Insights & Analytics</u></a>^Sponsor: Deseret News^",2025-02-14,2025-02-15,1009 RV,6.994772044708835e-07,37.0,48.0,-11.0,Congress
46,46,"<a href=""https://d3nkl3psvxxpe9.cloudfront.net/documents/econTabReport_nyOrDiw.pdf"" style=""color:black; text-decoration:underline;""><u>YouGov</u></a>^Sponsor: The Economist^",2025-02-09,2025-02-11,1595 A,1.4718015912224434e-07,19.0,51.0,-32.0,Congress
47,47,"<a href=""https://static1.squarespace.com/static/61ae8d5e55be5c7314b4c83a/t/67aa57a7976e415c4d212706/1739216809584/Clarity+Omnibus+Overview+-+Jan_Feb+2025.pdf"" style=""color:black; text-decoration:underline;""><u>Clarity Campaign Labs</u></a>",2025-01-31,2025-02-06,1102 RV,1.6893032953099605e-07,33.0,45.0,-12.0,Congress
48,48,"<a href=""https://d3nkl3psvxxpe9.cloudfront.net/documents/econTabReport_FOXP71G.pdf"" style=""color:black; text-decoration:underline;""><u>YouGov</u></a>^Sponsor: The Economist^",2025-02-02,2025-02-04,1604 A,9.637611451268893e-08,23.0,45.0,-22.0,Congress
49,49,"<a href=""https://d3nkl3psvxxpe9.cloudfront.net/documents/econTabReport_m8tctwx.pdf"" style=""color:black; text-decoration:underline;""><u>YouGov</u></a>^Sponsor: The Economist^",2025-01-26,2025-01-28,1577 A,6.246410194563566e-08,24.0,45.0,-21.0,Congress
50,50,"<a href=""https://d3nkl3psvxxpe9.cloudfront.net/documents/econTabReport_P0a6afQ.pdf"" style=""color:black; text-decoration:underline;""><u>YouGov</u></a>^Sponsor: The Economist^",2025-01-19,2025-01-21,1609 A,4.1281072601155165e-08,18.0,52.0,-34.0,Congress
51,51,"<a href=""https://harvardharrispoll.com/wp-content/uploads/2025/01/HHP_Jan25_KeyResults.pdf"" style=""color:black; text-decoration:underline;""><u>Harris Insights & Analytics</u></a>^Sponsor: Harvard University Center for American Political Studies^",2025-01-15,2025-01-16,2650 RV,7.126986333774353e-08,31.0,56.0,-25.0,Congress
52,52,"<a href=""https://news.gallup.com/poll/1600/congress-public.aspx"" style=""color:black; text-decoration:underline;""><u>Gallup</u></a>",2025-01-02,2025-01-15,1005 A,6.759006122138706e-08,17.0,76.0,-59.0,Congress
53,53,"<a href=""https://d3nkl3psvxxpe9.cloudfront.net/documents/econTabReport_62FWpzz.pdf"" style=""color:black; text-decoration:underline;""><u>YouGov</u></a>^Sponsor: The Economist^",2025-01-12,2025-01-14,1558 A,2.660065276637738e-08,15.0,54.0,-39.0,Congress
54,54,"<a href=""https://static.foxnews.com/foxnews.com/content/uploads/2025/01/fox_january-10-13-2025_national_cross-tabs_january-15-release.pdf"" style=""color:black; text-decoration:underline;""><u>Beacon Research/Shaw & Co. Research</u></a>^Sponsor: Fox News^",2025-01-10,2025-01-13,922 RV,1.848359626942177e-07,26.0,67.0,-41.0,Congress
55,55,"<a href=""https://d3nkl3psvxxpe9.cloudfront.net/documents/econTabReport_gsOVPsO.pdf"" style=""color:black; text-decoration:underline;""><u>YouGov</u></a>^Sponsor: The Economist^",2025-01-05,2025-01-08,1704 A,1.9694427586599705e-08,15.0,55.0,-40.0,Congress
56,56,"<a href=""https://d3nkl3psvxxpe9.cloudfront.net/documents/econTabReport_Goy6hsR.pdf"" style=""color:black; text-decoration:underline;""><u>YouGov</u></a>^Sponsor: The Economist^",2024-12-29,2024-12-31,1552 A,1.1411495101664709e-08,16.0,50.0,-34.0,Congress
57,57,"<a href=""https://d3nkl3psvxxpe9.cloudfront.net/documents/econTabReport_y6xjoz3.pdf"" style=""color:black; text-decoration:underline;""><u>YouGov</u></a>^Sponsor: The Economist^",2024-12-21,2024-12-24,1582 A,7.561410146022135e-09,15.0,56.0,-41.0,Congress
58,58,"<a href=""https://news.gallup.com/poll/654650/americans-ratings-biden-tepid-steady.aspx"" style=""color:black; text-decoration:underline;""><u>Gallup</u></a>",2024-12-02,2024-12-18,1003 A,1.2602430235768889e-08,17.0,77.0,-60.0,Congress
59,59,"<a href=""https://d3nkl3psvxxpe9.cloudfront.net/documents/econTabReport_fWe8hY3.pdf"" style=""color:black; text-decoration:underline;""><u>YouGov</u></a>^Sponsor: The Economist^",2024-12-15,2024-12-17,1553 A,5.0070886889642335e-09,16.0,54.0,-38.0,Congress
60,60,"<a href=""https://www.monmouth.edu/polling-institute/documents/monmouthpoll_us_121224.pdf/"" style=""color:black; text-decoration:underline;""><u>Monmouth University</u></a>",2024-12-05,2024-12-10,1006 A,2.2132184859741093e-08,17.0,74.0,-57.0,Congress
61,61,"<a href=""https://d3nkl3psvxxpe9.cloudfront.net/documents/econTabReport_FnFMxED.pdf"" style=""color:black; text-decoration:underline;""><u>YouGov</u></a>^Sponsor: The Economist^",2024-12-08,2024-12-10,1593 A,3.3303314660289596e-09,15.0,52.0,-37.0,Congress
62,62,"<a href=""https://apnorc.org/wp-content/uploads/2025/01/December-2024-topline_priorities-.pdf"" style=""color:black; text-decoration:underline;""><u>AP-NORC</u></a>",2024-12-05,2024-12-09,1251 A,4.402159532717154e-09,17.0,80.0,-63.0,Congress
63,63,"<a href=""https://cdn.prod.website-files.com/65fc824cf835683ce2d3549b/67577065b2f4adbcffd8dc5f_1224AmericanDream.pdf"" style=""color:black; text-decoration:underline;""><u>The Bullfinch Group</u></a>^Sponsor: The Independent Center^",2024-12-03,2024-12-07,1200 A,1.5687441531275374e-09,31.0,53.0,-22.0,Congress
64,64,"<a href=""https://d3nkl3psvxxpe9.cloudfront.net/documents/econTabReport_eAYQKbY.pdf"" style=""color:black; text-decoration:underline;""><u>YouGov</u></a>^Sponsor: The Economist^",2024-11-23,2024-11-26,1590 A,1.4374617163660383e-09,17.0,51.0,-34.0,Congress
65,65,"<a href=""https://news.gallup.com/poll/653786/postelection-economic-confidence-biden-ratings-down.aspx"" style=""color:black; text-decoration:underline;""><u>Gallup</u></a>",2024-11-06,2024-11-20,1001 A,2.3683430697744476e-09,19.0,74.0,-55.0,Congress
66,66,"<a href=""https://d3nkl3psvxxpe9.cloudfront.net/documents/econTabReport_WloY87T.pdf"" style=""color:black; text-decoration:underline;""><u>YouGov</u></a>^Sponsor: The Economist^",2024-11-17,2024-11-19,1595 A,9.622281733269914e-10,18.0,51.0,-33.0,Congress
67,67,"<a href=""https://harvardharrispoll.com/wp-content/uploads/2024/11/HHP_Nov2024_Crosstabs.pdf"" style=""color:black; text-decoration:underline;""><u>Harris Insights & Analytics</u></a>^Sponsor: Harvard University Center for American Political Studies^",2024-11-14,2024-11-14,1732 RV,1.4453754427093103e-09,29.0,57.0,-28.0,Congress
68,68,"<a href=""https://d3nkl3psvxxpe9.cloudfront.net/documents/econTabReport_IHMRRoV.pdf"" style=""color:black; text-decoration:underline;""><u>YouGov</u></a>^Sponsor: The Economist^",2024-11-09,2024-11-12,1743 A,6.565768784586395e-10,17.0,52.0,-35.0,Congress
69,69,"<a href=""https://d3nkl3psvxxpe9.cloudfront.net/documents/econTabReport_NgtZTja.pdf"" style=""color:black; text-decoration:underline;""><u>YouGov</u></a>^Sponsor: The Economist^",2024-10-26,2024-10-29,1587 A,2.677644140285808e-10,18.0,53.0,-35.0,Congress
70,70,"<a href=""https://static1.squarespace.com/static/61ae8d5e55be5c7314b4c83a/t/671fd5d3de112f28dcd4a39c/1730139604180/%5BAll%5D+Clarity+Omnibus+Overview+-+October+2024.pdf"" style=""color:black; text-decoration:underline;""><u>Clarity Campaign Labs</u></a>",2024-10-17,2024-10-23,1314 LV,2.867493110745295e-10,19.0,60.0,-41.0,Congress
71,71,"<a href=""https://d3nkl3psvxxpe9.cloudfront.net/documents/econTabReport_O3e18LR.pdf"" style=""color:black; text-decoration:underline;""><u>YouGov</u></a>^Sponsor: The Economist^",2024-10-19,2024-10-22,1615 A,1.805305306016384e-10,14.0,54.0,-40.0,Congress
72,72,"<a href=""https://d3nkl3psvxxpe9.cloudfront.net/documents/econTabReport_ycklxBQ.pdf"" style=""color:black; text-decoration:underline;""><u>YouGov</u></a>^Sponsor: The Economist^",2024-10-12,2024-10-15,1624 A,1.1618263433758196e-10,17.0,52.0,-35.0,Congress
73,73,"<a href=""https://harvardharrispoll.com/wp-content/uploads/2024/10/HHP_Oct2024_Crosstabs.pdf"" style=""color:black; text-decoration:underline;""><u>Harris Insights & Analytics</u></a>^Sponsor: Harvard University Center for American Political Studies^",2024-10-11,2024-10-13,3145 RV,2.8601486808580026e-10,30.0,60.0,-30.0,Congress
74,74,"<a href=""https://news.gallup.com/poll/652178/harris-approval-rating-higher-biden.aspx"" style=""color:black; text-decoration:underline;""><u>Gallup</u></a>",2024-10-01,2024-10-12,1023 A,2.4059502666371244e-10,16.0,77.0,-61.0,Congress
75,75,"<a href=""https://d3nkl3psvxxpe9.cloudfront.net/documents/econTabReport_pw9W1fW.pdf"" style=""color:black; text-decoration:underline;""><u>YouGov</u></a>^Sponsor: The Economist^",2024-10-06,2024-10-07,1604 A,7.147443946411637e-11,16.0,53.0,-37.0,Congress
76,76,"<a href=""https://d3nkl3psvxxpe9.cloudfront.net/documents/econTabReport_JAnqssN.pdf"" style=""color:black; text-decoration:underline;""><u>YouGov</u></a>^Sponsor: The Economist^",2024-09-29,2024-10-01,1638 A,5.0506071840637525e-11,17.0,54.0,-37.0,Congress
77,77,"<a href=""https://static1.squarespace.com/static/61ae8d5e55be5c7314b4c83a/t/66f701d406dcaa5620325b1f/1727463893365/%5BAll%5D+Clarity+Omnibus+Overview+-+September+2024.pdf"" style=""color:black; text-decoration:underline;""><u>Clarity Campaign Labs</u></a>",2024-09-19,2024-09-24,1000 LV,4.407666502753672e-11,23.0,57.0,-34.0,Congress
78,78,"<a href=""https://d3nkl3psvxxpe9.cloudfront.net/documents/econTabReport_YtkV7hy.pdf"" style=""color:black; text-decoration:underline;""><u>YouGov</u></a>^Sponsor: The Economist^",2024-09-21,2024-09-24,1622 A,3.3187867805404935e-11,12.0,60.0,-48.0,Congress
79,79,"<a href=""https://elections.harrisx.com/public/Deseret_News_HarrisX_Overnight_Poll_Gender_and_Abortion.html"" style=""color:black; text-decoration:underline;""><u>Harris Insights & Analytics</u></a>^Sponsor: Deseret News^",2024-09-20,2024-09-23,1011 RV,7.425377849805142e-11,32.0,58.0,-26.0,Congress
80,80,"<a href=""https://d3nkl3psvxxpe9.cloudfront.net/documents/econTabReport_dUFR0mV.pdf"" style=""color:black; text-decoration:underline;""><u>YouGov</u></a>^Sponsor: The Economist^",2024-09-15,2024-09-17,1592 A,2.1717802316718388e-11,14.0,55.0,-41.0,Congress
81,81,"<a href=""https://elections.harrisx.com/public/harrisx-permanent-political-debate-11-to-13.html"" style=""color:black; text-decoration:underline;""><u>Harris Insights & Analytics</u></a>^Sponsor: Forbes^",2024-09-11,2024-09-13,3018 RV,6.079104232921809e-11,34.0,55.0,-21.0,Congress
82,82,"<a href=""https://d3nkl3psvxxpe9.cloudfront.net/documents/econTabReport_k1paNHZ.pdf"" style=""color:black; text-decoration:underline;""><u>YouGov</u></a>^Sponsor: The Economist^",2024-09-08,2024-09-10,1626 A,1.450148588407757e-11,13.0,60.0,-47.0,Congress
83,83,"<a href=""https://harvardharrispoll.com/wp-content/uploads/2024/09/HHP_Sep2024_Crosstabs.pdf"" style=""color:black; text-decoration:underline;""><u>Harris Insights & Analytics</u></a>^Sponsor: Harvard University Center for American Political Studies^",2024-09-04,2024-09-05,2358 RV,2.7127110743442938e-11,31.0,59.0,-28.0,Congress
84,84,"<a href=""https://d3nkl3psvxxpe9.cloudfront.net/documents/econTabReport_HIwtch9.pdf"" style=""color:black; text-decoration:underline;""><u>YouGov</u></a>^Sponsor: The Economist^",2024-09-01,2024-09-03,1544 A,9.33890511485268e-12,15.0,54.0,-39.0,Congress
85,85,"<a href=""https://static1.squarespace.com/static/61ae8d5e55be5c7314b4c83a/t/66d20908a1d92939e8f3314a/1725040905143/%5BAll%5D+Clarity+Omnibus+Overview+-+August+2024.pdf"" style=""color:black; text-decoration:underline;""><u>Clarity Campaign Labs</u></a>",2024-08-23,2024-08-28,1238 LV,9.772209932655428e-12,25.0,56.0,-31.0,Congress
86,86,"<a href=""https://d3nkl3psvxxpe9.cloudfront.net/documents/econTabReport_EQQr3lh.pdf"" style=""color:black; text-decoration:underline;""><u>YouGov</u></a>^Sponsor: The Economist^",2024-08-25,2024-08-27,1555 A,6.195335823193313e-12,14.0,57.0,-43.0,Congress
87,87,"<a href=""https://www.thebullfinchgroup.com/post/public-release-of-bullfinch-q3-nationwide-survey-2"" style=""color:black; text-decoration:underline;""><u>The Bullfinch Group</u></a>",2024-08-19,2024-08-21,1200 A,3.130056090563145e-12,27.0,58.0,-31.0,Congress
88,88,"<a href=""https://d3nkl3psvxxpe9.cloudfront.net/documents/econtoplines_m7wODye.pdf"" style=""color:black; text-decoration:underline;""><u>YouGov</u></a>^Sponsor: The Economist^",2024-08-17,2024-08-20,1565 A,4.109479456863761e-12,12.0,58.0,-46.0,Congress
89,89,"<a href=""https://d3nkl3psvxxpe9.cloudfront.net/documents/econTabReport_8IEdK8V.pdf"" style=""color:black; text-decoration:underline;""><u>YouGov</u></a>^Sponsor: The Economist^",2024-08-11,2024-08-13,1567 A,2.7195212165147288e-12,14.0,57.0,-43.0,Congress
90,90,"<a href=""https://d3nkl3psvxxpe9.cloudfront.net/documents/econTabReport_qdE4wzP.pdf"" style=""color:black; text-decoration:underline;""><u>YouGov</u></a>^Sponsor: The Economist^",2024-08-04,2024-08-06,1618 A,1.8279730576679975e-12,13.0,57.0,-44.0,Congress
91,91,"<a href=""https://html-crosstabs.s3.amazonaws.com/Deseret+Religion+and+Political+Violence%2C+HOP+8.3.2024+vF3.html"" style=""color:black; text-decoration:underline;""><u>Harris Insights & Analytics</u></a>^Sponsor: Deseret News^",2024-08-02,2024-08-03,1011 RV,3.598553262946202e-12,33.0,55.0,-22.0,Congress
92,92,"<a href=""https://umass-my.sharepoint.com/personal/crystalpaul_umass_edu/_layouts/15/onedrive.aspx?ga=1&id=%2Fpersonal%2Fcrystalpaul%5Fumass%5Fedu%2FDocuments%2FUMass%20Poll%20Polls%20for%20Web%20Posting%2FHarris%20Biden%20State%20of%20the%20Nation%20Poll%20%2D%20August%206%2C%202024%2FCrosstabs%20Harris%20Biden%20State%20of%20the%20Nation%202024%20National%20Poll%20August%206%202024%2Epdf&parent=%2Fpersonal%2Fcrystalpaul%5Fumass%5Fedu%2FDocuments%2FUMass%20Poll%20Polls%20for%20Web%20Posting%2FHarris%20Biden%20State%20of%20the%20Nation%20Poll%20%2D%20August%206%2C%202024"" style=""color:black; text-decoration:underline;""><u>YouGov</u></a>^Sponsor: WCVB-TV (Boston)^",2024-07-29,2024-08-01,1000 RV,6.034878887690377e-12,23.0,65.0,-42.0,Congress
93,93,"<a href=""https://d3nkl3psvxxpe9.cloudfront.net/documents/econTabReport_5LIBPv8.pdf"" style=""color:black; text-decoration:underline;""><u>YouGov</u></a>^Sponsor: The Economist^",2024-07-27,2024-07-30,1610 A,1.206442165871123e-12,14.0,58.0,-44.0,Congress
94,94,"<a href=""https://docs.google.com/spreadsheets/d/1GfcxThXCBtmsdcbl-9tD40NhDsP-z2bH/edit?gid=440731706#gid=440731706"" style=""color:black; text-decoration:underline;""><u>Emerson College</u></a>",2024-07-25,2024-07-28,1000 RV,1.0895211978501616e-11,18.3,59.1,-40.8,Congress
95,95,"<a href=""https://harvardharrispoll.com/wp-content/uploads/2024/07/HHP_Jul24_Crosstabs.pdf"" style=""color:black; text-decoration:underline;""><u>Harris Insights & Analytics</u></a>^Sponsor: Harvard University Center for American Political Studies^",2024-07-26,2024-07-28,2196 RV,2.654932766076745e-12,30.0,59.0,-29.0,Congress
96,96,"<a href=""https://static1.squarespace.com/static/61ae8d5e55be5c7314b4c83a/t/66ad5918b431d02b7b867e07/1722636569606/Clarity+Omnibus+Overview+-+July+2024.pdf"" style=""color:black; text-decoration:underline;""><u>Clarity Campaign Labs</u></a>",2024-07-22,2024-07-26,995 LV,1.2435557528152666e-12,21.0,59.0,-38.0,Congress
97,97,"<a href=""https://d3nkl3psvxxpe9.cloudfront.net/documents/econTabReport_U76IOiF.pdf"" style=""color:black; text-decoration:underline;""><u>YouGov</u></a>^Sponsor: The Economist^",2024-07-21,2024-07-23,1605 A,7.971333919326226e-13,10.0,62.0,-52.0,Congress
98,98,"<a href=""https://cdn.prod.website-files.com/65fc824cf835683ce2d3549b/66a02772c1533aa372daada0_Independent%20Center%20July%202024%20Nationwide%20Survey%20Toplines%20-%20We%20Can%20Do%20Better.pdf"" style=""color:black; text-decoration:underline;""><u>The Bullfinch Group</u></a>^Sponsor: The Independent Center^",2024-07-14,2024-07-21,1030 RV,3.60575904553044e-13,29.0,60.0,-31.0,Congress
99,99,"<a href=""https://news.gallup.com/poll/1600/congress-public.aspx"" style=""color:black; text-decoration:underline;""><u>Gallup</u></a>",2024-07-01,2024-07-21,1010 A,1.9178435366798333e-12,16.0,78.0,-62.0,Congress
100,100,"<a href=""https://d3nkl3psvxxpe9.cloudfront.net/documents/econTabReport_sPu9WiO.pdf"" style=""color:black; text-decoration:underline;""><u>YouGov</u></a>^Sponsor: The Economist^",2024-07-13,2024-07-16,1582 A,5.238176641095612e-13,11.0,63.0,-52.0,Congress
101,101,"<a href=""https://www.harrisx.com/content/trump-assassination-attempt-full-results"" style=""color:black; text-decoration:underline;""><u>Harris Insights & Analytics</u></a>^Sponsor: Forbes^",2024-07-13,2024-07-15,1918 RV,1.1739826021998989e-12,29.0,61.0,-32.0,Congress
102,102,"<a href=""https://static.foxnews.com/foxnews.com/content/uploads/2024/07/Fox_July-7-10-2024_National_Cross-Tabs_July-15-Release.pdf"" style=""color:black; text-decoration:underline;""><u>Beacon Research/Shaw & Co. Research</u></a>^Sponsor: Fox News^",2024-07-07,2024-07-10,1210 RV,2.2376064373271642e-12,18.0,80.0,-62.0,Congress
103,103,"<a href=""https://d3nkl3psvxxpe9.cloudfront.net/documents/econTabReport_RptTnGc.pdf"" style=""color:black; text-decoration:underline;""><u>YouGov</u></a>^Sponsor: The Economist^",2024-07-07,2024-07-09,1620 A,3.509119389124229e-13,11.0,62.0,-51.0,Congress
104,104,"<a href=""https://d3nkl3psvxxpe9.cloudfront.net/documents/econTabReport_xTDr4ON.pdf"" style=""color:black; text-decoration:underline;""><u>YouGov</u></a>^Sponsor: The Economist^",2024-06-30,2024-07-02,1608 A,2.3148599123590364e-13,13.0,61.0,-48.0,Congress
105,105,"<a href=""https://d3nkl3psvxxpe9.cloudfront.net/documents/econTabReport_DqmBE9q.pdf"" style=""color:black; text-decoration:underline;""><u>YouGov</u></a>^Sponsor: The Economist^",2024-06-23,2024-06-25,1599 A,1.5286971605982661e-13,13.0,60.0,-47.0,Congress
106,106,"<a href=""https://static1.squarespace.com/static/61ae8d5e55be5c7314b4c83a/t/66904c24ca9c6127f7534771/1720732709774/%5BALL%5D+Clarity+Omnibus+Overview+-+June+2024.pdf"" style=""color:black; text-decoration:underline;""><u>Clarity Campaign Labs</u></a>",2024-06-13,2024-06-20,1002 LV,1.4979290342273758e-13,21.0,61.0,-40.0,Congress
107,107,"<a href=""https://d3nkl3psvxxpe9.cloudfront.net/documents/econTabReport_BAWCOh6.pdf"" style=""color:black; text-decoration:underline;""><u>YouGov</u></a>^Sponsor: The Economist^",2024-06-16,2024-06-18,1600 A,1.0128486407772849e-13,13.0,59.0,-46.0,Congress
108,108,"<a href=""https://d3nkl3psvxxpe9.cloudfront.net/documents/econTabReport_maqVHQt.pdf"" style=""color:black; text-decoration:underline;""><u>YouGov</u></a>^Sponsor: The Economist^",2024-06-09,2024-06-11,1595 A,6.699177542186647e-14,13.0,58.0,-45.0,Congress
109,109,"<a href=""https://www.monmouth.edu/polling-institute/documents/monmouthpoll_us_061224.pdf/"" style=""color:black; text-decoration:underline;""><u>Monmouth University</u></a>",2024-06-06,2024-06-10,1106 A,4.3660415489436523e-13,14.0,82.0,-68.0,Congress
110,110,"<a href=""https://d3nkl3psvxxpe9.cloudfront.net/documents/econTabReport_b6cGJcE.pdf"" style=""color:black; text-decoration:underline;""><u>YouGov</u></a>^Sponsor: The Economist^",2024-06-02,2024-06-04,1766 A,4.6704628789024994e-14,12.0,59.0,-47.0,Congress
111,111,"<a href=""https://www.highpoint.edu/src/files/2023/08/104memo.pdf"" style=""color:black; text-decoration:underline;""><u>High Point University Survey Research Center</u></a>",2024-05-22,2024-05-29,1000 A,2.4862919290050096e-14,23.0,60.0,-37.0,Congress
112,112,"<a href=""https://d3nkl3psvxxpe9.cloudfront.net/documents/econTabReport_5ePXwWM.pdf"" style=""color:black; text-decoration:underline;""><u>YouGov</u></a>^Sponsor: The Economist^",2024-05-25,2024-05-28,1748 A,3.0790963586182013e-14,11.0,61.0,-50.0,Congress
113,113,"<a href=""https://news.gallup.com/poll/645413/biden-congress-approval-ratings-persistently-low.aspx"" style=""color:black; text-decoration:underline;""><u>Gallup</u></a>",2024-05-01,2024-05-23,1024 A,6.193101306535967e-14,13.0,81.0,-68.0,Congress
114,114,"<a href=""https://www.thebullfinchgroup.com/post/public-release-of-bullfinch-q2-nationwide-survey-2"" style=""color:black; text-decoration:underline;""><u>The Bullfinch Group</u></a>",2024-05-16,2024-05-21,1200 A,1.3585722886467503e-14,27.0,62.0,-35.0,Congress
115,115,"<a href=""https://d3nkl3psvxxpe9.cloudfront.net/documents/econTabReport_9aJ08Ik.pdf"" style=""color:black; text-decoration:underline;""><u>YouGov</u></a>^Sponsor: The Economist^",2024-05-19,2024-05-21,1784 A,2.0615808510270965e-14,11.0,62.0,-51.0,Congress
116,116,"<a href=""https://harvardharrispoll.com/wp-content/uploads/2024/05/HHP_May2024_crosstabs.pdf"" style=""color:black; text-decoration:underline;""><u>Harris Insights & Analytics</u></a>^Sponsor: Harvard University Center for American Political Studies^",2024-05-15,2024-05-16,1660 RV,3.1975548923109014e-14,32.0,61.0,-29.0,Congress
117,117,"<a href=""https://d3nkl3psvxxpe9.cloudfront.net/documents/econTabReport_nURRSN3.pdf"" style=""color:black; text-decoration:underline;""><u>YouGov</u></a>^Sponsor: The Economist^",2024-05-12,2024-05-14,1830 A,1.3840099078312415e-14,13.0,64.0,-51.0,Congress
118,118,"<a href=""https://static1.squarespace.com/static/61ae8d5e55be5c7314b4c83a/t/66631e285625963c4d18a28b/1717771816980/%5BALL%5D+Clarity+Omnibus+Overview+-+April_May+2024.pdf"" style=""color:black; text-decoration:underline;""><u>Clarity Campaign Labs</u></a>",2024-04-29,2024-05-08,1076 RV,1.6672778087672728e-14,21.0,62.0,-41.0,Congress
119,119,"<a href=""https://d3nkl3psvxxpe9.cloudfront.net/documents/econTabReport_Agwhapd.pdf"" style=""color:black; text-decoration:underline;""><u>YouGov</u></a>^Sponsor: The Economist^",2024-05-05,2024-05-07,1813 A,9.132330685604421e-15,12.0,61.0,-49.0,Congress
120,120,"<a href=""https://d3nkl3psvxxpe9.cloudfront.net/documents/econTabReport_0NJUiMQ.pdf"" style=""color:black; text-decoration:underline;""><u>YouGov</u></a>^Sponsor: The Economist^",2024-04-28,2024-04-30,1755 A,5.957264149543033e-15,14.0,61.0,-47.0,Congress
121,121,"<a href=""https://harvardharrispoll.com/wp-content/uploads/2024/04/HHP_Apr2024_Crosstabs.pdf"" style=""color:black; text-decoration:underline;""><u>Harris Insights & Analytics</u></a>^Sponsor: Harvard University Center for American Political Studies^",2024-04-24,2024-04-25,1961 RV,1.0023540508771764e-14,32.0,61.0,-29.0,Congress
122,122,"<a href=""https://d3nkl3psvxxpe9.cloudfront.net/documents/econTabReport_20240422.pdf"" style=""color:black; text-decoration:underline;""><u>YouGov</u></a>^Sponsor: The Economist^",2024-04-21,2024-04-23,1651 A,3.8314408160446455e-15,12.0,65.0,-53.0,Congress
123,123,"<a href=""https://www.monmouth.edu/polling-institute/documents/monmouthpoll_us_042424.pdf/"" style=""color:black; text-decoration:underline;""><u>Monmouth University</u></a>",2024-04-18,2024-04-22,808 A,1.814973764519769e-14,14.0,79.0,-65.0,Congress
124,124,"<a href=""https://d3nkl3psvxxpe9.cloudfront.net/documents/econTabReport_HqmM53D.pdf"" style=""color:black; text-decoration:underline;""><u>YouGov</u></a>^Sponsor: The Economist^",2024-04-14,2024-04-16,1574 A,2.480985679475573e-15,12.0,62.0,-50.0,Congress
125,125,"<a href=""https://d3nkl3psvxxpe9.cloudfront.net/documents/econTabReport_lMxEeEw.pdf"" style=""color:black; text-decoration:underline;""><u>YouGov</u></a>^Sponsor: The Economist^",2024-04-06,2024-04-09,1795 A,1.7572713580533437e-15,14.0,63.0,-49.0,Congress
126,126,"<a href=""https://d3nkl3psvxxpe9.cloudfront.net/documents/econTabReport_5VGK6NY.pdf"" style=""color:black; text-decoration:underline;""><u>YouGov</u></a>^Sponsor: The Economist^",2024-03-30,2024-04-02,1813 A,1.171494010420373e-15,12.0,67.0,-55.0,Congress
127,127,"<a href=""https://static1.squarespace.com/static/61ae8d5e55be5c7314b4c83a/t/660c51fc7267d13186cfe71e/1712083453713/%5BALL%5D+Clarity+Omnibus+Overview+-March+2024.pdf"" style=""color:black; text-decoration:underline;""><u>Clarity Campaign Labs</u></a>",2024-03-23,2024-03-27,1080 RV,1.430318180010659e-15,23.0,61.0,-38.0,Congress
128,128,"<a href=""https://d3nkl3psvxxpe9.cloudfront.net/documents/econTabReport_mTlzQOB.pdf"" style=""color:black; text-decoration:underline;""><u>YouGov</u></a>^Sponsor: The Economist^",2024-03-24,2024-03-26,1594 A,7.28732727122375e-16,10.0,65.0,-55.0,Congress
129,129,"<a href=""https://harvardharrispoll.com/wp-content/uploads/2024/03/HHP_March2024_Crosstabs.pdf"" style=""color:black; text-decoration:underline;""><u>Harris Insights & Analytics</u></a>^Sponsor: Harvard University Center for American Political Studies^",2024-03-20,2024-03-21,2271 RV,1.3927608753745725e-15,33.0,60.0,-27.0,Congress
130,130,"<a href=""https://d3nkl3psvxxpe9.cloudfront.net/documents/econTabReport_dyZbfXi.pdf"" style=""color:black; text-decoration:underline;""><u>YouGov</u></a>^Sponsor: The Economist^",2024-03-16,2024-03-19,1682 A,4.966689635851124e-16,13.0,64.0,-51.0,Congress
131,131,"<a href=""https://d3nkl3psvxxpe9.cloudfront.net/documents/econTabReport_Ba6mR1n.pdf"" style=""color:black; text-decoration:underline;""><u>YouGov</u></a>^Sponsor: The Economist^",2024-03-10,2024-03-12,1559 A,3.172872418145143e-16,17.0,60.0,-43.0,Congress
132,132,"<a href=""https://d3nkl3psvxxpe9.cloudfront.net/documents/econTabReport_nmFBeqb.pdf"" style=""color:black; text-decoration:underline;""><u>YouGov</u></a>^Sponsor: The Economist^",2024-03-03,2024-03-05,1556 A,2.1035565601416047e-16,15.0,60.0,-45.0,Congress
133,133,"<a href=""https://static.foxnews.com/foxnews.com/content/uploads/2024/03/Fox_February-25-28-2024_Complete_National_Cross-Tabs_March-3-Release.pdf"" style=""color:black; text-decoration:underline;""><u>Beacon Research/Shaw & Co. Research</u></a>^Sponsor: Fox News^",2024-02-25,2024-02-28,1262 RV,9.67087318911726e-16,19.0,78.0,-59.0,Congress
134,134,"<a href=""https://d3nkl3psvxxpe9.cloudfront.net/documents/econTabReport_hi9l9P2.pdf"" style=""color:black; text-decoration:underline;""><u>YouGov</u></a>^Sponsor: The Economist^",2024-02-25,2024-02-27,1688 A,1.454114297775443e-16,16.0,59.0,-43.0,Congress
135,135,"<a href=""https://static1.squarespace.com/static/61ae8d5e55be5c7314b4c83a/t/65e89ab3fee20505c0cb5577/1709742772099/Clarity+Omnibus+Overview+-+February+2024.pdf"" style=""color:black; text-decoration:underline;""><u>Clarity Campaign Labs</u></a>",2024-02-22,2024-02-27,1026 LV,1.8978565501944494e-16,22.0,56.0,-34.0,Congress
136,136,"<a href=""https://harvardharrispoll.com/wp-content/uploads/2024/02/HHP_Feb2024_Crosstabs.pdf"" style=""color:black; text-decoration:underline;""><u>Harris Insights & Analytics</u></a>^Sponsor: Harvard University Center for American Political Studies^",2024-02-21,2024-02-22,2022 RV,2.5438652191426004e-16,34.0,58.0,-24.0,Congress
137,137,"<a href=""https://www.thebullfinchgroup.com/post/public-release-of-bullfinch-q1-nationwide-survey-2"" style=""color:black; text-decoration:underline;""><u>The Bullfinch Group</u></a>",2024-02-17,2024-02-22,1200 A,7.238152772969655e-17,28.0,59.0,-31.0,Congress
138,138,"<a href=""https://news.gallup.com/poll/611135/immigration-surges-top-important-problem-list.aspx"" style=""color:black; text-decoration:underline;""><u>Gallup</u></a>",2024-02-01,2024-02-20,1016 A,2.8042969960383584e-16,12.0,83.0,-71.0,Congress
139,139,"<a href=""https://d3nkl3psvxxpe9.cloudfront.net/documents/econTabReport_LbK5uKN.pdf"" style=""color:black; text-decoration:underline;""><u>YouGov</u></a>^Sponsor: The Economist^",2024-02-18,2024-02-20,1562 A,9.284481527931165e-17,23.0,53.0,-30.0,Congress
140,140,"<a href=""https://d3nkl3psvxxpe9.cloudfront.net/documents/econTabReport_bC3K16R.pdf"" style=""color:black; text-decoration:underline;""><u>YouGov</u></a>^Sponsor: The Economist^",2024-02-11,2024-02-13,1671 A,6.374570621542881e-17,20.0,56.0,-36.0,Congress
141,141,"<a href=""https://www.monmouth.edu/polling-institute/documents/monmouthpoll_us_022024.pdf/"" style=""color:black; text-decoration:underline;""><u>Monmouth University</u></a>",2024-02-08,2024-02-12,902 A,3.1571451222028223e-16,14.0,79.0,-65.0,Congress
142,142,"<a href=""https://d3nkl3psvxxpe9.cloudfront.net/documents/econTabReport_H1zTWuF.pdf"" style=""color:black; text-decoration:underline;""><u>YouGov</u></a>^Sponsor: The Economist^",2024-02-04,2024-02-06,1591 A,4.129362694158027e-17,20.0,57.0,-37.0,Congress
143,143,"<a href=""https://polsci.umass.edu/sites/default/files/January2024StateofNationBidenCrosstabs.pdf"" style=""color:black; text-decoration:underline;""><u>YouGov</u></a>^Sponsor: WCVB-TV (Boston)^",2024-01-25,2024-01-30,1064 A,1.595892950173297e-16,26.0,62.0,-36.0,Congress
144,144,"<a href=""https://d3nkl3psvxxpe9.cloudfront.net/documents/econTabReport_f5kOruS.pdf"" style=""color:black; text-decoration:underline;""><u>YouGov</u></a>^Sponsor: The Economist^",2024-01-28,2024-01-30,1686 A,2.8222830064839745e-17,13.0,62.0,-49.0,Congress
145,145,"<a href=""https://static1.squarespace.com/static/61ae8d5e55be5c7314b4c83a/t/65bbc99ed92dcc3f3d6c412d/1706805664506/Clarity+Omnibus+Overview+-+January+2024.pdf"" style=""color:black; text-decoration:underline;""><u>Clarity Campaign Labs</u></a>",2024-01-19,2024-01-23,1092 LV,2.5224316684152658e-17,26.0,58.0,-32.0,Congress
146,146,"<a href=""https://d3nkl3psvxxpe9.cloudfront.net/documents/econTabReport_i9N6Z0N.pdf"" style=""color:black; text-decoration:underline;""><u>YouGov</u></a>^Sponsor: The Economist^",2024-01-21,2024-01-23,1664 A,1.861700734893573e-17,18.0,60.0,-42.0,Congress
147,147,"<a href=""https://independentcenter.org/wp-content/uploads/2024/01/Independent-Center-2024-Nationwide-January-Survey-of-Adults-Toplines_PR.pdf"" style=""color:black; text-decoration:underline;""><u>The Bullfinch Group</u></a>^Sponsor: The Independent Center^",2024-01-19,2024-01-22,1002 RV,9.931525833239864e-18,29.0,62.0,-33.0,Congress
148,148,"<a href=""https://harvardharrispoll.com/wp-content/uploads/2024/01/HHP_Jan2024_crosstabs.pdf"" style=""color:black; text-decoration:underline;""><u>Harris Insights & Analytics</u></a>^Sponsor: Harvard University Center for American Political Studies^",2024-01-17,2024-01-18,2346 RV,3.5510413862138466e-17,33.0,59.0,-26.0,Congress
149,149,"<a href=""https://www.newsnationnow.com/polls/2024-election-poll-ddhq/"" style=""color:black; text-decoration:underline;""><u>NewsNation</u></a>",2024-01-16,2024-01-18,1000 RV,2.2290874632194858e-17,24.41,75.59,-51.18000000000001,Congress
150,150,"<a href=""https://d3nkl3psvxxpe9.cloudfront.net/documents/econTabReport_HvTrDQB.pdf"" style=""color:black; text-decoration:underline;""><u>YouGov</u></a>^Sponsor: The Economist^",2024-01-14,2024-01-16,1660 A,1.2347678538647468e-17,16.0,62.0,-46.0,Congress
151,151,"<a href=""https://d3nkl3psvxxpe9.cloudfront.net/documents/econTabReport_wOkNqe4.pdf"" style=""color:black; text-decoration:underline;""><u>YouGov</u></a>^Sponsor: The Economist^",2024-01-07,2024-01-09,1593 A,8.08423925995032e-18,19.0,56.0,-37.0,Congress
152,152,"<a href=""https://d3nkl3psvxxpe9.cloudfront.net/documents/econTabReport_11nGFKX.pdf"" style=""color:black; text-decoration:underline;""><u>YouGov</u></a>^Sponsor: The Economist^",2023-12-31,2024-01-02,1521 A,5.279537481773169e-18,18.0,58.0,-40.0,Congress
153,153,"<a href=""https://d3nkl3psvxxpe9.cloudfront.net/documents/econTabReport_pJolTxJ.pdf"" style=""color:black; text-decoration:underline;""><u>YouGov</u></a>^Sponsor: The Economist^",2023-12-16,2023-12-18,1500 A,2.1696100897907453e-18,15.0,56.0,-41.0,Congress
154,154,"<a href=""https://harvardharrispoll.com/wp-content/uploads/2023/12/HHP_Dec23_Crosstab.pdf"" style=""color:black; text-decoration:underline;""><u>Harris Insights & Analytics</u></a>^Sponsor: Harvard University Center for American Political Studies^",2023-12-13,2023-12-14,2034 RV,4.2916733209154634e-18,35.0,58.0,-23.0,Congress
155,155,"<a href=""https://static.foxnews.com/foxnews.com/content/uploads/2023/12/Fox_December-10-13-2023_Cross-Tabs_December-17-Release.pdf"" style=""color:black; text-decoration:underline;""><u>Beacon Research/Shaw & Co. Research</u></a>^Sponsor: Fox News^",2023-12-10,2023-12-13,1007 RV,9.372600875992149e-18,19.0,77.0,-58.0,Congress
156,156,"<a href=""https://d3nkl3psvxxpe9.cloudfront.net/documents/econTabReport_y2MuS3t.pdf"" style=""color:black; text-decoration:underline;""><u>YouGov</u></a>^Sponsor: The Economist^",2023-12-09,2023-12-12,1500 A,1.5359663168246537e-18,14.0,62.0,-48.0,Congress
157,157,"<a href=""https://static1.squarespace.com/static/61ae8d5e55be5c7314b4c83a/t/657cbfcf5350902a33364e5a/1702674493048/Clarity+Omnibus+Overview+-+December+2023.pdf"" style=""color:black; text-decoration:underline;""><u>Clarity Campaign Labs</u></a>",2023-12-07,2023-12-10,1052 LV,1.904151938223597e-18,23.0,62.0,-39.0,Congress
158,158,"<a href=""https://d3nkl3psvxxpe9.cloudfront.net/documents/econTabReport_BOEC4TZ.pdf"" style=""color:black; text-decoration:underline;""><u>YouGov</u></a>^Sponsor: The Economist^",2023-12-02,2023-12-05,1500 A,1.0265537454400237e-18,16.0,59.0,-43.0,Congress
159,159,"<a href=""https://www.monmouth.edu/polling-institute/reports/monmouthpoll_us_121823/"" style=""color:black; text-decoration:underline;""><u>Monmouth University</u></a>",2023-11-30,2023-12-04,803 A,4.6717200968679474e-18,17.0,77.0,-60.0,Congress
0,0,"<a href=""https://d3nkl3psvxxpe9.cloudfront.net/documents/econTabReport_5xxkX0x.pdf"" style=""color:black; text-decoration:underline;""><u>YouGov</u></a>^Sponsor: The Economist^",2025-09-26,2025-09-29,1656 A,0.6049057303089435,36.0,45.0,-9.0,Supreme Court
1,1,"<a href=""https://napolitannews.org/posts/scotus-approval-stays-at-lowest-in-years"" style=""color:black; text-decoration:underline;""><u>RMG Research</u></a>^Sponsor: Napolitan Institute^",2025-09-16,2025-09-17,1000 RV,0.2232524547352951,41.0,50.0,-9.0,Supreme Court
2,2,"<a href=""https://d3nkl3psvxxpe9.cloudfront.net/documents/econTabReport_otzzSNZ.pdf"" style=""color:black; text-decoration:underline;""><u>YouGov</u></a>^Sponsor: The Economist^",2025-08-22,2025-08-25,1523 A,0.0547006499009125,34.0,51.0,-17.0,Supreme Court
3,3,"<a href=""https://napolitannews.org/posts/scotus-approval-hits-lowest-since-2023"" style=""color:black; text-decoration:underline;""><u>RMG Research</u></a>^Sponsor: Napolitan Institute^",2025-08-06,2025-08-07,1000 RV,0.0149032588611806,41.0,50.0,-9.0,Supreme Court
4,4,"<a href=""https://htv-prod-media.s3.amazonaws.com/files/july2025nationalumasspollpartyeconcrosstabs-6895f08aa539a.pdf"" style=""color:black; text-decoration:underline;""><u>YouGov</u></a>",2025-07-25,2025-07-30,1000 A,0.0198459791261729,38.0,50.0,-12.0,Supreme Court
5,5,"<a href=""https://d3nkl3psvxxpe9.cloudfront.net/documents/econTabReport_7Bn59Tx.pdf"" style=""color:black; text-decoration:underline;""><u>YouGov</u></a>^Sponsor: The Economist^",2025-07-25,2025-07-28,1777 A,0.0096258838932644,33.0,50.0,-17.0,Supreme Court
6,6,"<a href=""https://static.foxnews.com/foxnews.com/content/uploads/2025/07/fox_july-18-21-2025_national_cross-tabs_july-28-release.pdf"" style=""color:black; text-decoration:underline;""><u>Beacon Research/Shaw & Co. Research</u></a>^Sponsor: Fox News^",2025-07-18,2025-07-21,1000 RV,0.0159955793245447,47.0,50.0,-3.0,Supreme Court
7,7,"<a href=""https://news.gallup.com/poll/693230/record-party-gaps-job-approval-supreme-court-congress.aspx"" style=""color:black; text-decoration:underline;""><u>Gallup</u></a>",2025-07-07,2025-07-21,1002 A,0.0132239637578202,39.0,56.0,-17.0,Supreme Court
8,8,"<a href=""https://www.highpoint.edu/src/files/2023/08/hpupoll112A.pdf"" style=""color:black; text-decoration:underline;""><u>High Point University Survey Research Center</u></a>",2025-07-18,2025-07-21,1000 A,0.0017342075998593,33.0,44.0,-11.0,Supreme Court
9,9,"<a href=""https://law.marquette.edu/poll/wp-content/uploads/2025/07/MLSPSC27Toplines.html"" style=""color:black; text-decoration:underline;""><u>Marquette University Law School</u></a>",2025-07-07,2025-07-16,747 RV,0.0091254721545666,50.0,50.0,0.0,Supreme Court
10,10,"<a href=""https://law.marquette.edu/poll/wp-content/uploads/2025/07/MLSPSC27Toplines.html"" style=""color:black; text-decoration:underline;""><u>Marquette University Law School</u></a>",2025-07-07,2025-07-16,1005 A,0.0132308604008557,49.0,51.0,-2.0,Supreme Court
11,11,"<a href=""https://poll.qu.edu/poll-release?releaseid=3928"" style=""color:black; text-decoration:underline;""><u>Quinnipiac University</u></a>",2025-07-10,2025-07-14,1290 RV,0.0093113720657607,40.0,53.0,-13.0,Supreme Court
12,12,"<a href=""https://d3nkl3psvxxpe9.cloudfront.net/documents/The_Supreme_Court_poll_results.pdf"" style=""color:black; text-decoration:underline;""><u>YouGov</u></a>",2025-06-30,2025-07-02,1043 A,0.0028595631154708,40.0,45.0,-5.0,Supreme Court
13,13,"<a href=""https://napolitannews.org/posts/approval-for-scotus-fades-in-wake-of-final-rulings"" style=""color:black; text-decoration:underline;""><u>RMG Research</u></a>^Sponsor: Napolitan Institute^",2025-06-30,2025-07-01,1000 RV,0.0014462241701374,43.0,42.0,1.0,Supreme Court
14,14,"<a href=""https://d3nkl3psvxxpe9.cloudfront.net/documents/econTabReport_B1ETIg8.pdf"" style=""color:black; text-decoration:underline;""><u>YouGov</u></a>^Sponsor: The Economist^",2025-06-27,2025-06-30,1648 A,0.0016017920742364,35.0,51.0,-16.0,Supreme Court
15,15,"<a href=""https://d3nkl3psvxxpe9.cloudfront.net/documents/combined_20250701_politics_scotus.pdf"" style=""color:black; text-decoration:underline;""><u>YouGov</u></a>^Sponsor: Yahoo News^",2025-06-26,2025-06-30,1597 A,0.0031536245694021,39.0,46.0,-7.0,Supreme Court
16,16,"<a href=""https://napolitannews.org/posts/supreme-court-job-approval-51-percent-plurality-says-it-is-too-conservative"" style=""color:black; text-decoration:underline;""><u>RMG Research</u></a>^Sponsor: Napolitan Institute^",2025-05-20,2025-05-21,1000 RV,0.0001182404971666,51.0,44.0,7.0,Supreme Court
17,17,"<a href=""https://d3nkl3psvxxpe9.cloudfront.net/documents/econTabReport_wObz24u.pdf"" style=""color:black; text-decoration:underline;""><u>YouGov</u></a>^Sponsor: The Economist^",2025-05-16,2025-05-19,1710 A,0.0001099275547611,36.0,46.0,-10.0,Supreme Court
18,18,"<a href=""https://law.marquette.edu/poll/wp-content/uploads/2025/05/MLSPSC26Toplines.html"" style=""color:black; text-decoration:underline;""><u>Marquette University Law School</u></a>",2025-05-05,2025-05-15,1004 A,0.0002635462948371,53.0,47.0,6.0,Supreme Court
19,19,"<a href=""https://law.marquette.edu/poll/wp-content/uploads/2025/05/MLSPSC26Toplines.html"" style=""color:black; text-decoration:underline;""><u>Marquette University Law School</u></a>",2025-05-05,2025-05-15,707 RV,0.0001769252232932,53.0,47.0,6.0,Supreme Court
20,20,"<a href=""https://d3nkl3psvxxpe9.cloudfront.net/documents/econTabReport_tDmEBHo.pdf"" style=""color:black; text-decoration:underline;""><u>YouGov</u></a>^Sponsor: The Economist^",2025-05-09,2025-05-12,1786 A,7.023494815567778e-05,38.0,43.0,-5.0,Supreme Court
21,21,"<a href=""https://d3nkl3psvxxpe9.cloudfront.net/documents/econTabReport_wZDAeTq.pdf"" style=""color:black; text-decoration:underline;""><u>YouGov</u></a>^Sponsor: The Economist^",2025-05-02,2025-05-05,1693 RV,3.447106836356035e-05,40.0,49.0,-9.0,Supreme Court
22,22,"<a href=""https://d3nkl3psvxxpe9.cloudfront.net/documents/econTabReport_wZDAeTq.pdf"" style=""color:black; text-decoration:underline;""><u>YouGov</u></a>^Sponsor: The Economist^",2025-05-02,2025-05-05,1850 A,4.5042464183822354e-05,38.0,46.0,-8.0,Supreme Court
23,23,"<a href=""https://www.highpoint.edu/src/files/2023/08/111memoISS.pdf"" style=""color:black; text-decoration:underline;""><u>High Point University Survey Research Center</u></a>",2025-04-28,2025-05-03,1000 A,1.4998763442826909e-05,35.0,41.0,-6.0,Supreme Court
24,24,"<a href=""https://d3nkl3psvxxpe9.cloudfront.net/documents/econTabReport_fmq348X.pdf"" style=""color:black; text-decoration:underline;""><u>YouGov</u></a>^Sponsor: The Economist^",2025-04-25,2025-04-28,1624 RV,2.140624697718894e-05,40.0,47.0,-7.0,Supreme Court
25,25,"<a href=""https://d3nkl3psvxxpe9.cloudfront.net/documents/econTabReport_fmq348X.pdf"" style=""color:black; text-decoration:underline;""><u>YouGov</u></a>^Sponsor: The Economist^",2025-04-25,2025-04-28,1785 A,2.8052827592114168e-05,38.0,43.0,-5.0,Supreme Court
26,26,"<a href=""https://d3nkl3psvxxpe9.cloudfront.net/documents/econTabReport_iR37dyy.pdf"" style=""color:black; text-decoration:underline;""><u>YouGov</u></a>^Sponsor: The Economist^",2025-04-19,2025-04-22,1444 RV,1.3624945489425316e-05,41.0,49.0,-8.0,Supreme Court
27,27,"<a href=""https://d3nkl3psvxxpe9.cloudfront.net/documents/econTabReport_iR37dyy.pdf"" style=""color:black; text-decoration:underline;""><u>YouGov</u></a>^Sponsor: The Economist^",2025-04-19,2025-04-22,1625 A,1.806707604313563e-05,38.0,45.0,-7.0,Supreme Court
28,28,"<a href=""https://d3nkl3psvxxpe9.cloudfront.net/documents/SCOTUS.pdf"" style=""color:black; text-decoration:underline;""><u>YouGov</u></a>",2025-04-10,2025-04-16,2201 A,3.491021760062187e-05,36.0,33.0,3.0,Supreme Court
29,29,"<a href=""https://d3nkl3psvxxpe9.cloudfront.net/documents/SCOTUS.pdf"" style=""color:black; text-decoration:underline;""><u>YouGov</u></a>",2025-04-10,2025-04-16,1581 RV,2.3670010824003425e-05,41.0,38.0,3.0,Supreme Court
30,30,"<a href=""https://d3nkl3psvxxpe9.cloudfront.net/documents/econTabReport_wmD8f2B.pdf"" style=""color:black; text-decoration:underline;""><u>YouGov</u></a>^Sponsor: The Economist^",2025-04-13,2025-04-15,1512 A,1.1151744353766325e-05,38.0,45.0,-7.0,Supreme Court
31,31,"<a href=""https://d3nkl3psvxxpe9.cloudfront.net/documents/econTabReport_wmD8f2B.pdf"" style=""color:black; text-decoration:underline;""><u>YouGov</u></a>^Sponsor: The Economist^",2025-04-13,2025-04-15,1327 RV,8.357807378823792e-06,42.0,47.0,-5.0,Supreme Court
32,32,"<a href=""https://napolitannews.org/posts/supreme-court-approval-at-50-percent"" style=""color:black; text-decoration:underline;""><u>RMG Research</u></a>^Sponsor: Napolitan Institute^",2025-04-09,2025-04-10,1000 RV,9.984153298636295e-06,50.0,42.0,8.0,Supreme Court
33,33,"<a href=""https://www.umass.edu/political-science/about/reports/2025-4"" style=""color:black; text-decoration:underline;""><u>YouGov</u></a>^Sponsor: WCVB-TV (Boston)^",2025-04-04,2025-04-09,1000 A,3.1453757214796845e-05,38.0,48.0,-10.0,Supreme Court
34,34,"<a href=""https://d3nkl3psvxxpe9.cloudfront.net/documents/econTabReport_pXJ0PxA.pdf"" style=""color:black; text-decoration:underline;""><u>YouGov</u></a>^Sponsor: The Economist^",2025-04-05,2025-04-08,1741 A,7.683962590162788e-06,34.0,49.0,-15.0,Supreme Court
35,35,"<a href=""https://d3nkl3psvxxpe9.cloudfront.net/documents/econTabReport_pXJ0PxA.pdf"" style=""color:black; text-decoration:underline;""><u>YouGov</u></a>^Sponsor: The Economist^",2025-04-05,2025-04-08,1560 RV,5.818863136440096e-06,37.0,51.0,-14.0,Supreme Court
36,36,"<a href=""https://d3nkl3psvxxpe9.cloudfront.net/documents/econTabReport_Uo7FRzc.pdf"" style=""color:black; text-decoration:underline;""><u>YouGov</u></a>^Sponsor: The Economist^",2025-03-30,2025-04-01,1465 RV,3.631636011191682e-06,39.0,49.0,-10.0,Supreme Court
37,37,"<a href=""https://d3nkl3psvxxpe9.cloudfront.net/documents/econTabReport_Uo7FRzc.pdf"" style=""color:black; text-decoration:underline;""><u>YouGov</u></a>^Sponsor: The Economist^",2025-03-30,2025-04-01,1626 A,4.782486856963403e-06,35.0,46.0,-11.0,Supreme Court
38,38,"<a href=""https://law.marquette.edu/poll/wp-content/uploads/2025/04/MLSPSC25Toplines.html"" style=""color:black; text-decoration:underline;""><u>Marquette University Law School</u></a>",2025-03-17,2025-03-27,1021 A,1.2925796076833893e-05,54.0,46.0,8.0,Supreme Court
39,39,"<a href=""https://d3nkl3psvxxpe9.cloudfront.net/documents/econTabReport_o8LZals.pdf"" style=""color:black; text-decoration:underline;""><u>YouGov</u></a>^Sponsor: The Economist^",2025-03-22,2025-03-25,1600 A,3.063175601826313e-06,39.0,44.0,-5.0,Supreme Court
40,40,"<a href=""https://d3nkl3psvxxpe9.cloudfront.net/documents/econTabReport_ngfganU.pdf"" style=""color:black; text-decoration:underline;""><u>YouGov</u></a>^Sponsor: The Economist^",2025-03-16,2025-03-18,1618 A,1.993364867672179e-06,40.0,45.0,-5.0,Supreme Court
41,41,"<a href=""https://d3nkl3psvxxpe9.cloudfront.net/documents/econTabReport_ddjSlqx.pdf"" style=""color:black; text-decoration:underline;""><u>YouGov</u></a>^Sponsor: The Economist^",2025-03-09,2025-03-11,1699 A,1.3244322922129257e-06,35.0,46.0,-11.0,Supreme Court
42,42,"<a href=""https://d3nkl3psvxxpe9.cloudfront.net/documents/econTabReport_uHE5Cxl.pdf"" style=""color:black; text-decoration:underline;""><u>YouGov</u></a>^Sponsor: The Economist^",2025-03-01,2025-03-04,1638 A,8.446528048392417e-07,40.0,41.0,-1.0,Supreme Court
43,43,"<a href=""https://napolitannews.org/posts/54-percent-approve-of-the-way-the-supreme-court-is-performing-its-job"" style=""color:black; text-decoration:underline;""><u>RMG Research</u></a>^Sponsor: Napolitan Institute^",2025-02-27,2025-02-28,1000 RV,8.604400515305307e-07,54.0,38.0,16.0,Supreme Court
44,44,"<a href=""https://d3nkl3psvxxpe9.cloudfront.net/documents/econTabReport_1q7T4HA.pdf"" style=""color:black; text-decoration:underline;""><u>YouGov</u></a>^Sponsor: The Economist^",2025-02-23,2025-02-25,1604 A,5.437295220916823e-07,37.0,43.0,-6.0,Supreme Court
45,45,"<a href=""https://d3nkl3psvxxpe9.cloudfront.net/documents/econTabReport_OFVhPxp.pdf"" style=""color:black; text-decoration:underline;""><u>YouGov</u></a>^Sponsor: The Economist^",2025-02-16,2025-02-18,1603 A,3.540864402404355e-07,40.0,42.0,-2.0,Supreme Court
46,46,"<a href=""https://www.surveyusa.com/client/PollReport.aspx?g=326a263b-3dbc-4280-9c0c-95187bdbf20c"" style=""color:black; text-decoration:underline;""><u>SurveyUSA</u></a>",2025-02-13,2025-02-16,2000 A,4.062439682452883e-06,46.0,40.0,6.0,Supreme Court
47,47,"<a href=""https://d3nkl3psvxxpe9.cloudfront.net/documents/econTabReport_nyOrDiw.pdf"" style=""color:black; text-decoration:underline;""><u>YouGov</u></a>^Sponsor: The Economist^",2025-02-09,2025-02-11,1595 A,2.303712234365673e-07,38.0,45.0,-7.0,Supreme Court
48,48,"<a href=""https://law.marquette.edu/poll/wp-content/uploads/2025/02/MLSPSC24Crosstabs.html"" style=""color:black; text-decoration:underline;""><u>Marquette University Law School</u></a>",2025-01-27,2025-02-05,1063 A,6.866535448083123e-07,51.0,49.0,2.0,Supreme Court
49,49,"<a href=""https://d3nkl3psvxxpe9.cloudfront.net/documents/econTabReport_FOXP71G.pdf"" style=""color:black; text-decoration:underline;""><u>YouGov</u></a>^Sponsor: The Economist^",2025-02-02,2025-02-04,1604 A,1.5085106268916426e-07,40.0,41.0,-1.0,Supreme Court
50,50,"<a href=""https://d3nkl3psvxxpe9.cloudfront.net/documents/econTabReport_m8tctwx.pdf"" style=""color:black; text-decoration:underline;""><u>YouGov</u></a>^Sponsor: The Economist^",2025-01-26,2025-01-28,1577 A,9.777086580080821e-08,39.0,42.0,-3.0,Supreme Court
51,51,"<a href=""https://d3nkl3psvxxpe9.cloudfront.net/documents/econTabReport_P0a6afQ.pdf"" style=""color:black; text-decoration:underline;""><u>YouGov</u></a>^Sponsor: The Economist^",2025-01-19,2025-01-21,1609 A,6.461449190310436e-08,39.0,46.0,-7.0,Supreme Court
52,52,"<a href=""https://d3nkl3psvxxpe9.cloudfront.net/documents/econTabReport_62FWpzz.pdf"" style=""color:black; text-decoration:underline;""><u>YouGov</u></a>^Sponsor: The Economist^",2025-01-12,2025-01-14,1425 RV,3.185553822450952e-08,39.0,49.0,-10.0,Supreme Court
53,53,"<a href=""https://d3nkl3psvxxpe9.cloudfront.net/documents/econTabReport_62FWpzz.pdf"" style=""color:black; text-decoration:underline;""><u>YouGov</u></a>^Sponsor: The Economist^",2025-01-12,2025-01-14,1558 A,4.1636216175794944e-08,34.0,49.0,-15.0,Supreme Court
54,54,"<a href=""https://d3nkl3psvxxpe9.cloudfront.net/documents/econTabReport_gsOVPsO.pdf"" style=""color:black; text-decoration:underline;""><u>YouGov</u></a>^Sponsor: The Economist^",2025-01-05,2025-01-08,1704 A,3.082636549019835e-08,38.0,48.0,-10.0,Supreme Court
55,55,"<a href=""https://d3nkl3psvxxpe9.cloudfront.net/documents/econTabReport_Goy6hsR.pdf"" style=""color:black; text-decoration:underline;""><u>YouGov</u></a>^Sponsor: The Economist^",2024-12-29,2024-12-31,1552 A,1.786164727290047e-08,38.0,45.0,-7.0,Supreme Court
56,56,"<a href=""https://d3nkl3psvxxpe9.cloudfront.net/documents/econTabReport_y6xjoz3.pdf"" style=""color:black; text-decoration:underline;""><u>YouGov</u></a>^Sponsor: The Economist^",2024-12-21,2024-12-24,1582 A,1.1835367733214535e-08,38.0,47.0,-9.0,Supreme Court
57,57,"<a href=""https://d3nkl3psvxxpe9.cloudfront.net/documents/econTabReport_y6xjoz3.pdf"" style=""color:black; text-decoration:underline;""><u>YouGov</u></a>^Sponsor: The Economist^",2024-12-21,2024-12-24,1411 RV,8.941945335841915e-09,42.0,48.0,-6.0,Supreme Court
58,58,"<a href=""https://d3nkl3psvxxpe9.cloudfront.net/documents/econTabReport_fWe8hY3.pdf"" style=""color:black; text-decoration:underline;""><u>YouGov</u></a>^Sponsor: The Economist^",2024-12-15,2024-12-17,1553 A,7.837259818247832e-09,39.0,47.0,-8.0,Supreme Court
59,59,"<a href=""https://d3nkl3psvxxpe9.cloudfront.net/documents/econTabReport_fWe8hY3.pdf"" style=""color:black; text-decoration:underline;""><u>YouGov</u></a>^Sponsor: The Economist^",2024-12-15,2024-12-17,1373 RV,5.8952709775423445e-09,43.0,48.0,-5.0,Supreme Court
60,60,"<a href=""https://law.marquette.edu/poll/wp-content/uploads/2024/12/MLSPSC23Toplines.html"" style=""color:black; text-decoration:underline;""><u>Marquette University Law School</u></a>",2024-12-02,2024-12-11,1063 A,2.4108235861230667e-08,48.0,52.0,-4.0,Supreme Court
61,61,"<a href=""https://d3nkl3psvxxpe9.cloudfront.net/documents/econTabReport_FnFMxED.pdf"" style=""color:black; text-decoration:underline;""><u>YouGov</u></a>^Sponsor: The Economist^",2024-12-08,2024-12-10,1415 RV,3.930309402918947e-09,42.0,49.0,-7.0,Supreme Court
62,62,"<a href=""https://d3nkl3psvxxpe9.cloudfront.net/documents/econTabReport_FnFMxED.pdf"" style=""color:black; text-decoration:underline;""><u>YouGov</u></a>^Sponsor: The Economist^",2024-12-08,2024-12-10,1593 A,5.212744291444608e-09,40.0,47.0,-7.0,Supreme Court
63,63,"<a href=""https://d3nkl3psvxxpe9.cloudfront.net/documents/econTabReport_eAYQKbY.pdf"" style=""color:black; text-decoration:underline;""><u>YouGov</u></a>^Sponsor: The Economist^",2024-11-23,2024-11-26,1590 A,2.2499623333565428e-09,41.0,42.0,-1.0,Supreme Court
64,64,"<a href=""https://d3nkl3psvxxpe9.cloudfront.net/documents/econTabReport_WloY87T.pdf"" style=""color:black; text-decoration:underline;""><u>YouGov</u></a>^Sponsor: The Economist^",2024-11-17,2024-11-19,1595 A,1.506111169035758e-09,43.0,42.0,1.0,Supreme Court
65,65,"<a href=""https://d3nkl3psvxxpe9.cloudfront.net/documents/econTabReport_WloY87T.pdf"" style=""color:black; text-decoration:underline;""><u>YouGov</u></a>^Sponsor: The Economist^",2024-11-17,2024-11-19,1435 RV,1.1428589218560226e-09,46.0,45.0,1.0,Supreme Court
66,66,"<a href=""https://d3nkl3psvxxpe9.cloudfront.net/documents/econTabReport_IHMRRoV.pdf"" style=""color:black; text-decoration:underline;""><u>YouGov</u></a>^Sponsor: The Economist^",2024-11-09,2024-11-12,1743 A,1.0276957143730839e-09,38.0,48.0,-10.0,Supreme Court
67,67,"<a href=""https://d3nkl3psvxxpe9.cloudfront.net/documents/econTabReport_IHMRRoV.pdf"" style=""color:black; text-decoration:underline;""><u>YouGov</u></a>^Sponsor: The Economist^",2024-11-09,2024-11-12,1557 RV,7.770521120160307e-10,44.0,48.0,-4.0,Supreme Court
68,68,"<a href=""https://d3nkl3psvxxpe9.cloudfront.net/documents/econTabReport_NgtZTja.pdf"" style=""color:black; text-decoration:underline;""><u>YouGov</u></a>^Sponsor: The Economist^",2024-10-26,2024-10-29,1587 A,4.191136632846375e-10,42.0,45.0,-3.0,Supreme Court
69,69,"<a href=""https://d3nkl3psvxxpe9.cloudfront.net/documents/econTabReport_O3e18LR.pdf"" style=""color:black; text-decoration:underline;""><u>YouGov</u></a>^Sponsor: The Economist^",2024-10-19,2024-10-22,1615 A,2.825723212312145e-10,37.0,49.0,-12.0,Supreme Court
70,70,"<a href=""https://d3nkl3psvxxpe9.cloudfront.net/documents/econTabReport_ycklxBQ.pdf"" style=""color:black; text-decoration:underline;""><u>YouGov</u></a>^Sponsor: The Economist^",2024-10-12,2024-10-15,1457 RV,1.3779927433010138e-10,43.0,51.0,-8.0,Supreme Court
71,71,"<a href=""https://d3nkl3psvxxpe9.cloudfront.net/documents/econTabReport_ycklxBQ.pdf"" style=""color:black; text-decoration:underline;""><u>YouGov</u></a>^Sponsor: The Economist^",2024-10-12,2024-10-15,1624 A,1.8185287863564275e-10,40.0,46.0,-6.0,Supreme Court
72,72,"<a href=""https://law.marquette.edu/poll/wp-content/uploads/2024/10/MLSPSC22Crosstabs_CourtItems.html"" style=""color:black; text-decoration:underline;""><u>Marquette University Law School</u></a>",2024-10-01,2024-10-10,1005 A,6.267626166972576e-10,45.0,55.0,-10.0,Supreme Court
73,73,"<a href=""https://d3nkl3psvxxpe9.cloudfront.net/documents/econTabReport_pw9W1fW.pdf"" style=""color:black; text-decoration:underline;""><u>YouGov</u></a>^Sponsor: The Economist^",2024-10-06,2024-10-07,1414 RV,8.403152176663915e-11,43.0,47.0,-4.0,Supreme Court
74,74,"<a href=""https://d3nkl3psvxxpe9.cloudfront.net/documents/econTabReport_pw9W1fW.pdf"" style=""color:black; text-decoration:underline;""><u>YouGov</u></a>^Sponsor: The Economist^",2024-10-06,2024-10-07,1604 A,1.1187414228921556e-10,38.0,44.0,-6.0,Supreme Court
75,75,"<a href=""https://d3nkl3psvxxpe9.cloudfront.net/documents/econTabReport_JAnqssN.pdf"" style=""color:black; text-decoration:underline;""><u>YouGov</u></a>^Sponsor: The Economist^",2024-09-29,2024-10-01,1463 RV,5.976924282524004e-11,45.0,48.0,-3.0,Supreme Court
76,76,"<a href=""https://d3nkl3psvxxpe9.cloudfront.net/documents/econTabReport_JAnqssN.pdf"" style=""color:black; text-decoration:underline;""><u>YouGov</u></a>^Sponsor: The Economist^",2024-09-29,2024-10-01,1638 A,7.905376397398066e-11,41.0,44.0,-3.0,Supreme Court
77,77,"<a href=""https://d3nkl3psvxxpe9.cloudfront.net/documents/econTabReport_YtkV7hy.pdf"" style=""color:black; text-decoration:underline;""><u>YouGov</u></a>^Sponsor: The Economist^",2024-09-21,2024-09-24,1622 A,5.1946741701998024e-11,34.0,53.0,-19.0,Supreme Court
78,78,"<a href=""https://d3nkl3psvxxpe9.cloudfront.net/documents/econTabReport_dUFR0mV.pdf"" style=""color:black; text-decoration:underline;""><u>YouGov</u></a>^Sponsor: The Economist^",2024-09-15,2024-09-17,1592 A,3.399341813389689e-11,36.0,49.0,-13.0,Supreme Court
79,79,"<a href=""https://news.gallup.com/poll/651527/party-divisions-views-supreme-court-keep-ratings-low.aspx"" style=""color:black; text-decoration:underline;""><u>Gallup</u></a>",2024-09-03,2024-09-15,1007 A,1.7657431372627907e-10,44.0,51.0,-7.0,Supreme Court
80,80,"<a href=""https://d3nkl3psvxxpe9.cloudfront.net/documents/econTabReport_k1paNHZ.pdf"" style=""color:black; text-decoration:underline;""><u>YouGov</u></a>^Sponsor: The Economist^",2024-09-08,2024-09-10,1626 A,2.2698202425425648e-11,36.0,50.0,-14.0,Supreme Court
81,81,"<a href=""https://d3nkl3psvxxpe9.cloudfront.net/documents/econTabReport_HIwtch9.pdf"" style=""color:black; text-decoration:underline;""><u>YouGov</u></a>^Sponsor: The Economist^",2024-09-01,2024-09-03,1544 A,1.461756129153056e-11,35.0,50.0,-15.0,Supreme Court
82,82,"<a href=""https://d3nkl3psvxxpe9.cloudfront.net/documents/econTabReport_EQQr3lh.pdf"" style=""color:black; text-decoration:underline;""><u>YouGov</u></a>^Sponsor: The Economist^",2024-08-25,2024-08-27,1555 A,9.697143295000889e-12,37.0,50.0,-13.0,Supreme Court
83,83,"<a href=""https://d3nkl3psvxxpe9.cloudfront.net/documents/econtoplines_m7wODye.pdf"" style=""color:black; text-decoration:underline;""><u>YouGov</u></a>^Sponsor: The Economist^",2024-08-17,2024-08-20,1565 A,6.432292340293184e-12,34.0,51.0,-17.0,Supreme Court
84,84,"<a href=""https://d3nkl3psvxxpe9.cloudfront.net/documents/econTabReport_8IEdK8V.pdf"" style=""color:black; text-decoration:underline;""><u>YouGov</u></a>^Sponsor: The Economist^",2024-08-11,2024-08-13,1407 RV,3.2268141255490658e-12,42.0,51.0,-9.0,Supreme Court
85,85,"<a href=""https://d3nkl3psvxxpe9.cloudfront.net/documents/econTabReport_8IEdK8V.pdf"" style=""color:black; text-decoration:underline;""><u>YouGov</u></a>^Sponsor: The Economist^",2024-08-11,2024-08-13,1567 A,4.256684009220592e-12,37.0,50.0,-13.0,Supreme Court
86,86,"<a href=""https://d3nkl3psvxxpe9.cloudfront.net/documents/econTabReport_qdE4wzP.pdf"" style=""color:black; text-decoration:underline;""><u>YouGov</u></a>^Sponsor: The Economist^",2024-08-04,2024-08-06,1413 RV,2.1390481482607744e-12,39.0,51.0,-12.0,Supreme Court
87,87,"<a href=""https://d3nkl3psvxxpe9.cloudfront.net/documents/econTabReport_qdE4wzP.pdf"" style=""color:black; text-decoration:underline;""><u>YouGov</u></a>^Sponsor: The Economist^",2024-08-04,2024-08-06,1618 A,2.8612035223735097e-12,35.0,51.0,-16.0,Supreme Court
88,88,"<a href=""https://law.marquette.edu/poll/wp-content/uploads/2024/08/MLSPSC21Crosstabs_CourtItems.html#C1:_SCOTUS_approval"" style=""color:black; text-decoration:underline;""><u>Marquette University Law School</u></a>",2024-07-24,2024-08-01,1005 A,1.0626903636438738e-11,43.0,57.0,-14.0,Supreme Court
89,89,"<a href=""https://umass-my.sharepoint.com/personal/crystalpaul_umass_edu/_layouts/15/onedrive.aspx?ga=1&id=%2Fpersonal%2Fcrystalpaul%5Fumass%5Fedu%2FDocuments%2FUMass%20Poll%20Polls%20for%20Web%20Posting%2FHarris%20Biden%20State%20of%20the%20Nation%20Poll%20%2D%20August%206%2C%202024%2FCrosstabs%20Harris%20Biden%20State%20of%20the%20Nation%202024%20National%20Poll%20August%206%202024%2Epdf&parent=%2Fpersonal%2Fcrystalpaul%5Fumass%5Fedu%2FDocuments%2FUMass%20Poll%20Polls%20for%20Web%20Posting%2FHarris%20Biden%20State%20of%20the%20Nation%20Poll%20%2D%20August%206%2C%202024"" style=""color:black; text-decoration:underline;""><u>YouGov</u></a>^Sponsor: WCVB-TV (Boston)^",2024-07-29,2024-08-01,1000 RV,9.445990824714516e-12,39.0,51.0,-12.0,Supreme Court
90,90,"<a href=""https://d3nkl3psvxxpe9.cloudfront.net/documents/econTabReport_5LIBPv8.pdf"" style=""color:black; text-decoration:underline;""><u>YouGov</u></a>^Sponsor: The Economist^",2024-07-27,2024-07-30,1610 A,1.8883629384199197e-12,34.0,51.0,-17.0,Supreme Court
91,91,"<a href=""https://d3nkl3psvxxpe9.cloudfront.net/documents/econTabReport_5LIBPv8.pdf"" style=""color:black; text-decoration:underline;""><u>YouGov</u></a>^Sponsor: The Economist^",2024-07-27,2024-07-30,1434 RV,1.4257293592858577e-12,38.0,53.0,-15.0,Supreme Court
92,92,"<a href=""https://docs.google.com/spreadsheets/d/1GfcxThXCBtmsdcbl-9tD40NhDsP-z2bH/edit?gid=440731706#gid=440731706"" style=""color:black; text-decoration:underline;""><u>Emerson College</u></a>",2024-07-25,2024-07-28,1000 RV,1.7053543956311806e-11,33.7,42.5,-8.799999999999997,Supreme Court
93,93,"<a href=""https://d3nkl3psvxxpe9.cloudfront.net/documents/econTabReport_U76IOiF.pdf"" style=""color:black; text-decoration:underline;""><u>YouGov</u></a>^Sponsor: The Economist^",2024-07-21,2024-07-23,1605 A,1.2476993898962617e-12,34.0,52.0,-18.0,Supreme Court
94,94,"<a href=""https://news.gallup.com/poll/647834/approval-supreme-court-stalled-near-historical-low.aspx"" style=""color:black; text-decoration:underline;""><u>Gallup</u></a>",2024-07-01,2024-07-21,1010 A,5.748146775895278e-12,43.0,52.0,-9.0,Supreme Court
95,95,"<a href=""https://d3nkl3psvxxpe9.cloudfront.net/documents/econTabReport_sPu9WiO.pdf"" style=""color:black; text-decoration:underline;""><u>YouGov</u></a>^Sponsor: The Economist^",2024-07-13,2024-07-16,1404 RV,6.179159441026538e-13,38.0,54.0,-16.0,Supreme Court
96,96,"<a href=""https://d3nkl3psvxxpe9.cloudfront.net/documents/econTabReport_sPu9WiO.pdf"" style=""color:black; text-decoration:underline;""><u>YouGov</u></a>^Sponsor: The Economist^",2024-07-13,2024-07-16,1582 A,8.198966277674476e-13,33.0,53.0,-20.0,Supreme Court
97,97,"<a href=""https://static.foxnews.com/foxnews.com/content/uploads/2024/07/Fox_July-7-10-2024_National_Cross-Tabs_July-16-Release.pdf"" style=""color:black; text-decoration:underline;""><u>Beacon Research/Shaw & Co. Research</u></a>^Sponsor: Fox News^",2024-07-07,2024-07-10,1210 RV,4.9531064439307146e-12,38.0,60.0,-22.0,Supreme Court
98,98,"<a href=""https://d3nkl3psvxxpe9.cloudfront.net/documents/econTabReport_RptTnGc.pdf"" style=""color:black; text-decoration:underline;""><u>YouGov</u></a>^Sponsor: The Economist^",2024-07-07,2024-07-09,1620 A,5.492589026120636e-13,36.0,52.0,-16.0,Supreme Court
99,99,"<a href=""https://d3nkl3psvxxpe9.cloudfront.net/documents/econTabReport_xTDr4ON.pdf"" style=""color:black; text-decoration:underline;""><u>YouGov</u></a>^Sponsor: The Economist^",2024-06-30,2024-07-02,1608 A,3.623294833181208e-13,36.0,50.0,-14.0,Supreme Court
100,100,"<a href=""https://d3nkl3psvxxpe9.cloudfront.net/documents/econTabReport_DqmBE9q.pdf"" style=""color:black; text-decoration:underline;""><u>YouGov</u></a>^Sponsor: The Economist^",2024-06-23,2024-06-25,1599 A,2.3927670499291057e-13,36.0,48.0,-12.0,Supreme Court
101,101,"<a href=""https://poll.qu.edu/poll-release?releaseid=3900"" style=""color:black; text-decoration:underline;""><u>Quinnipiac University</u></a>",2024-06-20,2024-06-24,1568 A,1.756876526500719e-12,36.0,54.0,-18.0,Supreme Court
102,102,"<a href=""https://d3nkl3psvxxpe9.cloudfront.net/documents/econTabReport_BAWCOh6.pdf"" style=""color:black; text-decoration:underline;""><u>YouGov</u></a>^Sponsor: The Economist^",2024-06-16,2024-06-18,1396 RV,1.184666792918241e-13,39.0,52.0,-13.0,Supreme Court
103,103,"<a href=""https://d3nkl3psvxxpe9.cloudfront.net/documents/econTabReport_BAWCOh6.pdf"" style=""color:black; text-decoration:underline;""><u>YouGov</u></a>^Sponsor: The Economist^",2024-06-16,2024-06-18,1600 A,1.5853439887785965e-13,35.0,50.0,-15.0,Supreme Court
104,104,"<a href=""https://d3nkl3psvxxpe9.cloudfront.net/documents/econTabReport_maqVHQt.pdf"" style=""color:black; text-decoration:underline;""><u>YouGov</u></a>^Sponsor: The Economist^",2024-06-09,2024-06-11,1595 A,1.0485772916786201e-13,34.0,50.0,-16.0,Supreme Court
105,105,"<a href=""https://d3nkl3psvxxpe9.cloudfront.net/documents/econTabReport_b6cGJcE.pdf"" style=""color:black; text-decoration:underline;""><u>YouGov</u></a>^Sponsor: The Economist^",2024-06-02,2024-06-04,1766 A,7.310362034152923e-14,33.0,51.0,-18.0,Supreme Court
106,106,"<a href=""https://www.highpoint.edu/src/files/2023/08/104memo.pdf"" style=""color:black; text-decoration:underline;""><u>High Point University Survey Research Center</u></a>",2024-05-22,2024-05-29,1000 A,3.8916258612658357e-14,36.0,48.0,-12.0,Supreme Court
107,107,"<a href=""https://d3nkl3psvxxpe9.cloudfront.net/documents/econTabReport_5ePXwWM.pdf"" style=""color:black; text-decoration:underline;""><u>YouGov</u></a>^Sponsor: The Economist^",2024-05-25,2024-05-28,1748 A,4.819502842260124e-14,34.0,50.0,-16.0,Supreme Court
108,108,"<a href=""https://d3nkl3psvxxpe9.cloudfront.net/documents/econTabReport_9aJ08Ik.pdf"" style=""color:black; text-decoration:underline;""><u>YouGov</u></a>^Sponsor: The Economist^",2024-05-19,2024-05-21,1560 RV,2.4139829224002997e-14,39.0,52.0,-13.0,Supreme Court
109,109,"<a href=""https://d3nkl3psvxxpe9.cloudfront.net/documents/econTabReport_9aJ08Ik.pdf"" style=""color:black; text-decoration:underline;""><u>YouGov</u></a>^Sponsor: The Economist^",2024-05-19,2024-05-21,1784 A,3.22685412012666e-14,33.0,53.0,-20.0,Supreme Court
110,110,"<a href=""https://law.marquette.edu/poll/wp-content/uploads/2024/05/MLSPSC20Crosstabs_CourtItems.html"" style=""color:black; text-decoration:underline;""><u>Marquette University Law School</u></a>",2024-05-06,2024-05-15,1033 A,1.0715345951935137e-13,39.0,61.0,-22.0,Supreme Court
111,111,"<a href=""https://law.marquette.edu/poll/wp-content/uploads/2024/05/MLSPSC20Crosstabs_CourtItems.html"" style=""color:black; text-decoration:underline;""><u>Marquette University Law School</u></a>",2024-05-06,2024-05-15,793 RV,7.510738076007918e-14,39.0,61.0,-22.0,Supreme Court
112,112,"<a href=""https://d3nkl3psvxxpe9.cloudfront.net/documents/econTabReport_nURRSN3.pdf"" style=""color:black; text-decoration:underline;""><u>YouGov</u></a>^Sponsor: The Economist^",2024-05-12,2024-05-14,1830 A,2.1662978054711583e-14,35.0,51.0,-16.0,Supreme Court
113,113,"<a href=""https://d3nkl3psvxxpe9.cloudfront.net/documents/econTabReport_Agwhapd.pdf"" style=""color:black; text-decoration:underline;""><u>YouGov</u></a>^Sponsor: The Economist^",2024-05-05,2024-05-07,1813 A,1.429422420397444e-14,32.0,54.0,-22.0,Supreme Court
114,114,"<a href=""https://d3nkl3psvxxpe9.cloudfront.net/documents/econTabReport_0NJUiMQ.pdf"" style=""color:black; text-decoration:underline;""><u>YouGov</u></a>^Sponsor: The Economist^",2024-04-28,2024-04-30,1755 A,9.324505685071052e-15,34.0,51.0,-17.0,Supreme Court
115,115,"<a href=""https://d3nkl3psvxxpe9.cloudfront.net/documents/econTabReport_0NJUiMQ.pdf"" style=""color:black; text-decoration:underline;""><u>YouGov</u></a>^Sponsor: The Economist^",2024-04-28,2024-04-30,1479 RV,6.8479618412200466e-15,37.0,53.0,-16.0,Supreme Court
116,116,"<a href=""https://d3nkl3psvxxpe9.cloudfront.net/documents/econTabReport_20240422.pdf"" style=""color:black; text-decoration:underline;""><u>YouGov</u></a>^Sponsor: The Economist^",2024-04-21,2024-04-23,1651 A,5.997097119482616e-15,35.0,54.0,-19.0,Supreme Court
117,117,"<a href=""https://d3nkl3psvxxpe9.cloudfront.net/documents/econTabReport_20240422.pdf"" style=""color:black; text-decoration:underline;""><u>YouGov</u></a>^Sponsor: The Economist^",2024-04-21,2024-04-23,1470 RV,4.527059471097596e-15,37.0,56.0,-19.0,Supreme Court
118,118,"<a href=""https://d3nkl3psvxxpe9.cloudfront.net/documents/econTabReport_HqmM53D.pdf"" style=""color:black; text-decoration:underline;""><u>YouGov</u></a>^Sponsor: The Economist^",2024-04-14,2024-04-16,1358 RV,2.8856305424166137e-15,40.0,51.0,-11.0,Supreme Court
119,119,"<a href=""https://d3nkl3psvxxpe9.cloudfront.net/documents/econTabReport_HqmM53D.pdf"" style=""color:black; text-decoration:underline;""><u>YouGov</u></a>^Sponsor: The Economist^",2024-04-14,2024-04-16,1574 A,3.883320345065512e-15,36.0,49.0,-13.0,Supreme Court
120,120,"<a href=""https://d3nkl3psvxxpe9.cloudfront.net/documents/econTabReport_lMxEeEw.pdf"" style=""color:black; text-decoration:underline;""><u>YouGov</u></a>^Sponsor: The Economist^",2024-04-06,2024-04-09,1583 RV,2.0664076885069336e-15,40.0,52.0,-12.0,Supreme Court
121,121,"<a href=""https://d3nkl3psvxxpe9.cloudfront.net/documents/econTabReport_lMxEeEw.pdf"" style=""color:black; text-decoration:underline;""><u>YouGov</u></a>^Sponsor: The Economist^",2024-04-06,2024-04-09,1795 A,2.750538897899608e-15,36.0,51.0,-15.0,Supreme Court
122,122,"<a href=""https://d3nkl3psvxxpe9.cloudfront.net/documents/econTabReport_5VGK6NY.pdf"" style=""color:black; text-decoration:underline;""><u>YouGov</u></a>^Sponsor: The Economist^",2024-03-30,2024-04-02,1813 A,1.833660936627996e-15,34.0,54.0,-20.0,Supreme Court
123,123,"<a href=""https://law.marquette.edu/poll/wp-content/uploads/2024/04/MLSPSC19Crosstabs_CourtItems.html"" style=""color:black; text-decoration:underline;""><u>Marquette University Law School</u></a>",2024-03-18,2024-03-28,1000 A,6.036644397347315e-15,47.0,53.0,-6.0,Supreme Court
124,124,"<a href=""https://law.marquette.edu/poll/wp-content/uploads/2024/04/MLSPSC19ToplinesRV.html"" style=""color:black; text-decoration:underline;""><u>Marquette University Law School</u></a>",2024-03-18,2024-03-28,868 RV,4.499305091479721e-15,47.0,53.0,-6.0,Supreme Court
125,125,"<a href=""https://d3nkl3psvxxpe9.cloudfront.net/documents/econTabReport_mTlzQOB.pdf"" style=""color:black; text-decoration:underline;""><u>YouGov</u></a>^Sponsor: The Economist^",2024-03-24,2024-03-26,1594 A,1.1406364207420868e-15,32.0,54.0,-22.0,Supreme Court
126,126,"<a href=""https://d3nkl3psvxxpe9.cloudfront.net/documents/econTabReport_mTlzQOB.pdf"" style=""color:black; text-decoration:underline;""><u>YouGov</u></a>^Sponsor: The Economist^",2024-03-24,2024-03-26,1415 RV,8.597482153010985e-16,37.0,55.0,-18.0,Supreme Court
127,127,"<a href=""https://poll.qu.edu/images/polling/us/us03272024_trends_uyex26.pdf"" style=""color:black; text-decoration:underline;""><u>Quinnipiac University</u></a>",2024-03-21,2024-03-25,1569 A,7.226954294422366e-15,32.0,58.0,-26.0,Supreme Court
128,128,"<a href=""https://poll.qu.edu/poll-release?releaseid=3894"" style=""color:black; text-decoration:underline;""><u>Quinnipiac University</u></a>",2024-03-21,2024-03-25,1407 RV,5.4749590097805976e-15,34.0,58.0,-24.0,Supreme Court
129,129,"<a href=""https://d3nkl3psvxxpe9.cloudfront.net/documents/econTabReport_dyZbfXi.pdf"" style=""color:black; text-decoration:underline;""><u>YouGov</u></a>^Sponsor: The Economist^",2024-03-16,2024-03-19,1682 A,7.774025892242796e-16,36.0,50.0,-14.0,Supreme Court
130,130,"<a href=""https://d3nkl3psvxxpe9.cloudfront.net/documents/econTabReport_Ba6mR1n.pdf"" style=""color:black; text-decoration:underline;""><u>YouGov</u></a>^Sponsor: The Economist^",2024-03-10,2024-03-12,1559 A,4.9662842134117845e-16,43.0,44.0,-1.0,Supreme Court
131,131,"<a href=""https://d3nkl3psvxxpe9.cloudfront.net/documents/20240311_yahoo_combined.pdf"" style=""color:black; text-decoration:underline;""><u>YouGov</u></a>^Sponsor: Yahoo News^",2024-03-08,2024-03-11,1482 A,2.704373280383735e-15,42.0,45.0,-3.0,Supreme Court
132,132,"<a href=""https://d3nkl3psvxxpe9.cloudfront.net/documents/econTabReport_nmFBeqb.pdf"" style=""color:black; text-decoration:underline;""><u>YouGov</u></a>^Sponsor: The Economist^",2024-03-03,2024-03-05,1556 A,3.2925558799358406e-16,40.0,48.0,-8.0,Supreme Court
133,133,"<a href=""https://d3nkl3psvxxpe9.cloudfront.net/documents/econTabReport_hi9l9P2.pdf"" style=""color:black; text-decoration:underline;""><u>YouGov</u></a>^Sponsor: The Economist^",2024-02-25,2024-02-27,1498 RV,1.715288507593459e-16,41.0,52.0,-11.0,Supreme Court
134,134,"<a href=""https://d3nkl3psvxxpe9.cloudfront.net/documents/econTabReport_hi9l9P2.pdf"" style=""color:black; text-decoration:underline;""><u>YouGov</u></a>^Sponsor: The Economist^",2024-02-25,2024-02-27,1688 A,2.2760275012130017e-16,38.0,49.0,-11.0,Supreme Court
135,135,"<a href=""https://d3nkl3psvxxpe9.cloudfront.net/documents/econTabReport_LbK5uKN.pdf"" style=""color:black; text-decoration:underline;""><u>YouGov</u></a>^Sponsor: The Economist^",2024-02-18,2024-02-20,1562 A,1.453237570416819e-16,46.0,39.0,7.0,Supreme Court
136,136,"<a href=""https://law.marquette.edu/poll/wp-content/uploads/2024/02/MLSPSC18Crosstabs_CourtItems.html"" style=""color:black; text-decoration:underline;""><u>Marquette University Law School</u></a>",2024-02-05,2024-02-15,1003 A,4.967701852793624e-16,40.0,60.0,-20.0,Supreme Court
137,137,"<a href=""https://d3nkl3psvxxpe9.cloudfront.net/documents/econTabReport_bC3K16R.pdf"" style=""color:black; text-decoration:underline;""><u>YouGov</u></a>^Sponsor: The Economist^",2024-02-11,2024-02-13,1671 A,9.977687493515456e-17,42.0,44.0,-2.0,Supreme Court
138,138,"<a href=""https://d3nkl3psvxxpe9.cloudfront.net/documents/econTabReport_H1zTWuF.pdf"" style=""color:black; text-decoration:underline;""><u>YouGov</u></a>^Sponsor: The Economist^",2024-02-04,2024-02-06,1591 A,6.463414236944725e-17,39.0,49.0,-10.0,Supreme Court
139,139,"<a href=""https://d3nkl3psvxxpe9.cloudfront.net/documents/econTabReport_f5kOruS.pdf"" style=""color:black; text-decoration:underline;""><u>YouGov</u></a>^Sponsor: The Economist^",2024-01-28,2024-01-30,1486 RV,3.317799428206492e-17,35.0,54.0,-19.0,Supreme Court
140,140,"<a href=""https://d3nkl3psvxxpe9.cloudfront.net/documents/econTabReport_f5kOruS.pdf"" style=""color:black; text-decoration:underline;""><u>YouGov</u></a>^Sponsor: The Economist^",2024-01-28,2024-01-30,1686 A,4.417530141056095e-17,31.0,54.0,-23.0,Supreme Court
141,141,"<a href=""https://polsci.umass.edu/sites/default/files/January2024StateofNationBidenCrosstabs.pdf"" style=""color:black; text-decoration:underline;""><u>YouGov</u></a>^Sponsor: WCVB-TV (Boston)^",2024-01-25,2024-01-30,1064 A,2.497944108756232e-16,41.0,48.0,-7.0,Supreme Court
142,142,"<a href=""https://d3nkl3psvxxpe9.cloudfront.net/documents/econTabReport_i9N6Z0N.pdf"" style=""color:black; text-decoration:underline;""><u>YouGov</u></a>^Sponsor: The Economist^",2024-01-21,2024-01-23,1664 A,2.913995191525572e-17,39.0,47.0,-8.0,Supreme Court
143,143,"<a href=""https://d3nkl3psvxxpe9.cloudfront.net/documents/econTabReport_i9N6Z0N.pdf"" style=""color:black; text-decoration:underline;""><u>YouGov</u></a>^Sponsor: The Economist^",2024-01-21,2024-01-23,1497 RV,2.211123788451208e-17,42.0,49.0,-7.0,Supreme Court
144,144,"<a href=""https://d3nkl3psvxxpe9.cloudfront.net/documents/econTabReport_HvTrDQB.pdf"" style=""color:black; text-decoration:underline;""><u>YouGov</u></a>^Sponsor: The Economist^",2024-01-14,2024-01-16,1660 A,1.9326992364419493e-17,38.0,46.0,-8.0,Supreme Court
145,145,"<a href=""https://d3nkl3psvxxpe9.cloudfront.net/documents/econTabReport_HvTrDQB.pdf"" style=""color:black; text-decoration:underline;""><u>YouGov</u></a>^Sponsor: The Economist^",2024-01-14,2024-01-16,1472 RV,1.455975687647635e-17,41.0,49.0,-8.0,Supreme Court
146,146,"<a href=""https://d3nkl3psvxxpe9.cloudfront.net/documents/econTabReport_wOkNqe4.pdf"" style=""color:black; text-decoration:underline;""><u>YouGov</u></a>^Sponsor: The Economist^",2024-01-07,2024-01-09,1593 A,1.2653717049740645e-17,43.0,42.0,1.0,Supreme Court
147,147,"<a href=""https://d3nkl3psvxxpe9.cloudfront.net/documents/econTabReport_11nGFKX.pdf"" style=""color:black; text-decoration:underline;""><u>YouGov</u></a>^Sponsor: The Economist^",2023-12-31,2024-01-02,1521 A,8.263705625193047e-18,38.0,47.0,-9.0,Supreme Court
148,148,"<a href=""https://d3nkl3psvxxpe9.cloudfront.net/documents/econTabReport_11nGFKX.pdf"" style=""color:black; text-decoration:underline;""><u>YouGov</u></a>^Sponsor: The Economist^",2023-12-31,2024-01-02,1343 RV,6.212096941300971e-18,43.0,48.0,-5.0,Supreme Court
149,149,"<a href=""https://twitter.com/RMG_Research/status/1740169486307844371"" style=""color:black; text-decoration:underline;""><u>RMG Research</u></a>",2023-12-20,2023-12-21,1000 RV,2.8105818851168937e-17,41.0,51.0,-10.0,Supreme Court
150,150,"<a href=""https://d3nkl3psvxxpe9.cloudfront.net/documents/econTabReport_pJolTxJ.pdf"" style=""color:black; text-decoration:underline;""><u>YouGov</u></a>^Sponsor: The Economist^",2023-12-16,2023-12-18,1500 A,3.3959450359764817e-18,36.0,46.0,-10.0,Supreme Court
151,151,"<a href=""https://d3nkl3psvxxpe9.cloudfront.net/documents/econTabReport_pJolTxJ.pdf"" style=""color:black; text-decoration:underline;""><u>YouGov</u></a>^Sponsor: The Economist^",2023-12-16,2023-12-18,1336 RV,2.5639422504432093e-18,40.0,50.0,-10.0,Supreme Court
152,152,"<a href=""https://d3nkl3psvxxpe9.cloudfront.net/documents/econTabReport_y2MuS3t.pdf"" style=""color:black; text-decoration:underline;""><u>YouGov</u></a>^Sponsor: The Economist^",2023-12-09,2023-12-12,1500 A,2.4041449722197977e-18,35.0,51.0,-16.0,Supreme Court
153,153,"<a href=""https://d3nkl3psvxxpe9.cloudfront.net/documents/econTabReport_y2MuS3t.pdf"" style=""color:black; text-decoration:underline;""><u>YouGov</u></a>^Sponsor: The Economist^",2023-12-09,2023-12-12,1332 RV,1.812412807041109e-18,38.0,53.0,-15.0,Supreme Court
154,154,"<a href=""https://d3nkl3psvxxpe9.cloudfront.net/documents/econTabReport_BOEC4TZ.pdf"" style=""color:black; text-decoration:underline;""><u>YouGov</u></a>^Sponsor: The Economist^",2023-12-02,2023-12-05,1500 A,1.6067956691362656e-18,35.0,49.0,-14.0,Supreme Court
155,155,"<a href=""https://d3nkl3psvxxpe9.cloudfront.net/documents/econTabReport_BOEC4TZ.pdf"" style=""color:black; text-decoration:underline;""><u>YouGov</u></a>^Sponsor: The Economist^",2023-12-02,2023-12-05,1291 RV,1.1925267539759557e-18,41.0,49.0,-8.0,Supreme Court
