,Pollster,Start Date,End Date,Issue,Sample,Weight,Approve,Disapprove,Net
0,"<a href=""https://d3nkl3psvxxpe9.cloudfront.net/documents/econTabReport_wZDAeTq.pdf"" style=""color:black; text-decoration:underline;""><u>YouGov</u></a>^Sponsor: The Economist^",2025-05-02,2025-05-05,Economy,1850 A,0.08188169410712319,40,51,-11
1,"<a href=""https://d3nkl3psvxxpe9.cloudfront.net/documents/econTabReport_fmq348X.pdf"" style=""color:black; text-decoration:underline;""><u>YouGov</u></a>^Sponsor: The Economist^",2025-04-25,2025-04-28,Economy,1785 A,0.05542168886478538,41,51,-10
2,"<a href=""https://www.scribd.com/document/855435184/20250428-combined-trump100"" style=""color:black; text-decoration:underline;""><u>YouGov</u></a>^Sponsor: Yahoo News^",2025-04-25,2025-04-28,Economy,1597 A,0.05242194177751933,36,56,-20
3,"<a href=""https://navigatorresearch.org/wp-content/uploads/2025/04/Navigator-Update-04.30.2025.pdf"" style=""color:black; text-decoration:underline;""><u>Global Strategy Group/GBAO (Navigator Research)</u></a>",2025-04-24,2025-04-28,Economy,1000 RV,0.006884845286005151,40,56,-16
4,"<a href=""https://emersoncollegepolling.com/trump-100-days/"" style=""color:black; text-decoration:underline;""><u>Emerson College</u></a>",2025-04-25,2025-04-28,Economy,1000 RV,0.053333828540410945,37,49,-12
5,"<a href=""https://www.reuters.com/world/us/trumps-approval-steady-concerns-over-economy-immigration-rise-reutersipsos-poll-2025-04-29/"" style=""color:black; text-decoration:underline;""><u>Ipsos</u></a>^Sponsor: Reuters^",2025-04-25,2025-04-27,Economy,1029 A,0.029443030168522892,36,56,-20
6,"<a href=""https://www.cbsnews.com/news/cbs-news-poll-trump-100-days-tariffs/"" style=""color:black; text-decoration:underline;""><u>YouGov</u></a>^Sponsor: CBS News^",2025-04-23,2025-04-25,Economy,2365 A,0.054408253858017196,42,58,-16
7,"<a href=""https://edition.cnn.com/.element/interactive/2025/04/REL5a-Trump-at-100days.pdf"" style=""color:black; text-decoration:underline;""><u>SSRS</u></a>^Sponsor: CNN^",2025-04-17,2025-04-24,Economy,1476 RV,0.006765221395726597,39,61,-22
8,"<a href=""https://www.nytimes.com/interactive/2025/04/25/us/elections/times-siena-poll-crosstabs.html"" style=""color:black; text-decoration:underline;""><u>The New York Times/Siena College</u></a>",2025-04-21,2025-04-24,Economy,913 RV,0.04788043329190451,43,55,-12
9,"<a href=""https://maristpoll.marist.edu/wp-content/uploads/2025/04/NPR_PBS-News_Marist-Poll_USA-NOS-and-Tables_202504251028-2.pdf"" style=""color:black; text-decoration:underline;""><u>Marist College</u></a>^Sponsor: NPR | PBS News^",2025-04-21,2025-04-23,Economy,1439 A,0.05539251066681705,39,55,-16
10,"<a href=""https://docs.google.com/spreadsheets/d/1behUPOujHZSkw37RTdnt_2pCJESMDrglY_uYUeoWdvg/edit?gid=0#gid=0"" style=""color:black; text-decoration:underline;""><u>Ipsos</u></a>^Sponsor: The Washington Post | ABC News^",2025-04-18,2025-04-22,Economy,2464 A,0.034941589107970406,39,61,-22
11,"<a href=""https://d3nkl3psvxxpe9.cloudfront.net/documents/econTabReport_iR37dyy.pdf"" style=""color:black; text-decoration:underline;""><u>YouGov</u></a>^Sponsor: The Economist^",2025-04-19,2025-04-22,Economy,1625 A,0.03845876999503295,43,54,-11
12,"<a href=""https://www.reuters.com/world/us/trump-approval-rating-dips-many-wary-his-wielding-power-reutersipsos-poll-finds-2025-04-21/"" style=""color:black; text-decoration:underline;""><u>Ipsos</u></a>^Sponsor: Reuters^",2025-04-16,2025-04-21,Economy,4306 A,0.03655737863627923,37,51,-14
13,"<a href=""https://www.foxnews.com/official-polls/fox-news-poll-first-100-days-president-trumps-second-term"" style=""color:black; text-decoration:underline;""><u>Beacon Research/Shaw & Co. Research</u></a>^Sponsor: FOX News^",2025-04-18,2025-04-21,Economy,1104 RV,0.04066987212969372,38,56,-18
14,"<a href=""https://americanresearchgroup.com/economy/"" style=""color:black; text-decoration:underline;""><u>American Research Group</u></a>",2025-04-17,2025-04-20,Economy,1100 A,0.005901399724594374,39,57,-18
15,"<a href=""https://bloximages.newyork1.vip.townnews.com/thecentersquare.com/content/tncms/assets/v3/editorial/4/1f/41f50a5a-e1f1-42f9-a450-525eec838a6d/680a44685a7c8.pdf.pdf"" style=""color:black; text-decoration:underline;""><u>OH Predictive Insights</u></a>^Sponsor: Center Square^",2025-04-15,2025-04-18,Economy,2527 RV,0.03825066580092394,43,54,-11
16,"<a href=""https://d3nkl3psvxxpe9.cloudfront.net/documents/econTabReport_wmD8f2B.pdf"" style=""color:black; text-decoration:underline;""><u>YouGov</u></a>^Sponsor: The Economist^",2025-04-13,2025-04-15,Economy,1512 A,0.025493191426629945,42,49,-7
17,"<a href=""https://d3nkl3psvxxpe9.cloudfront.net/documents/econTabReport_wmD8f2B.pdf"" style=""color:black; text-decoration:underline;""><u>YouGov</u></a>^Sponsor: The Economist^",2025-04-13,2025-04-15,Economy,1329 RV,0.0191205679811319,45,51,-6
18,"<a href=""https://45840940.fs1.hubspotusercontent-na1.net/hubfs/45840940/Clarity%20Omnibus%20Overview_April%202025.pdf"" style=""color:black; text-decoration:underline;""><u>Clarity Campaign Labs</u></a>",2025-04-09,2025-04-14,Economy,1008 RV,0.013720407137062423,43,51,-8
19,"<a href=""https://cdn.atlasintel.org/e3edc86b-aac7-4ebe-9ef7-6a8346f658f6.pdf"" style=""color:black; text-decoration:underline;""><u>AtlasIntel</u></a>",2025-04-10,2025-04-14,Economy,2347 A,0.06518727361692171,42,56,-14
20,"<a href=""https://echeloninsights.com/in-the-news/april-2025-verified-voter-omnibus-2-2-2-2/"" style=""color:black; text-decoration:underline;""><u>Echelon Insights</u></a>",2025-04-10,2025-04-14,Economy,1014 LV,0.01453803751995347,44,52,-8
21,"<a href=""https://www.realclearpolitics.com/docs/2025/250084_CNBC_AAES_Q1_2025_Topline_4-17-2025_Release[40].pdf"" style=""color:black; text-decoration:underline;""><u>Hart Research Associates/Public Opinion Strategies</u></a>^Sponsor: CNBC^",2025-04-09,2025-04-13,Economy,1000 A,0.023390683808245376,45,51,-6
22,"<a href=""https://www.cbsnews.com/news/poll-trump-tariffs-13-04-2025/"" style=""color:black; text-decoration:underline;""><u>YouGov</u></a>^Sponsor: CBS News^",2025-04-08,2025-04-11,Economy,2410 A,0.025844659715821713,44,56,-12
23,"<a href=""https://www.realclearpolitics.com/docs/2025/HHP_APRIL_Final.pdf"" style=""color:black; text-decoration:underline;""><u>Harris Insights & Analytics</u></a>^Sponsor: Harvard CAPS^",2025-04-09,2025-04-10,Economy,2286 RV,0.01743388277383549,43,57,-14
24,"<a href=""https://d3nkl3psvxxpe9.cloudfront.net/documents/econTabReport_pXJ0PxA.pdf"" style=""color:black; text-decoration:underline;""><u>YouGov</u></a>^Sponsor: The Economist^",2025-04-05,2025-04-08,Economy,1741 A,0.018551225856411953,41,51,-10
25,"<a href=""https://www.harrisx.com/content/full-harrisx-overnight-poll-tariff-findings"" style=""color:black; text-decoration:underline;""><u>Harris Insights & Analytics</u></a>",2025-04-04,2025-04-07,Economy,1883 RV,0.013340384828772468,44,56,-12
26,"<a href=""https://poll.qu.edu/images/polling/us/us04092025_uodc32.pdf"" style=""color:black; text-decoration:underline;""><u>Quinnipiac University</u></a>",2025-04-03,2025-04-07,Economy,1407 RV,0.016338121779491052,40,55,-15
27,"<a href=""https://www.ipsos.com/sites/default/files/ct/news/documents/2025-04/Reuters%20Ipsos%20Signalgate%20Tariffs%20Survey%20Topline%20April%202%202025%20.pdf"" style=""color:black; text-decoration:underline;""><u>Ipsos</u></a>^Sponsor: Reuters^",2025-03-31,2025-04-02,Economy,1486 A,0.008847139292728087,37,52,-15
28,"<a href=""https://d3nkl3psvxxpe9.cloudfront.net/documents/econTabReport_Uo7FRzc.pdf"" style=""color:black; text-decoration:underline;""><u>YouGov</u></a>^Sponsor: The Economist^",2025-03-30,2025-04-01,Economy,1626 A,0.01177533879955538,45,48,-3
29,"<a href=""https://prod-i.a.dj.com/public/resources/documents/March_2025_WSJPoll.pdf"" style=""color:black; text-decoration:underline;""><u>Impact Research</u></a>^Sponsor: Wall Street Journal^",2025-03-27,2025-04-01,Economy,1500 RV,0.006783117298567079,44,52,-8
30,"<a href=""https://www.cbsnews.com/news/opinion-poll-trump-economy-tariffs-deportation-immigration/"" style=""color:black; text-decoration:underline;""><u>YouGov</u></a>^Sponsor: CBS News^",2025-03-27,2025-03-28,Economy,2609 A,0.011406352952276185,48,52,-4
31,"<a href=""https://www.dailymail.co.uk/news/article-14547523/Trump-approval-rating-economy-poll.html"" style=""color:black; text-decoration:underline;""><u>J.L. Partners</u></a>^Sponsor: Daily Mail^",2025-03-25,2025-03-27,Economy,1001 RV,0.004685215823576512,45,55,-10
32,"<a href=""https://harvardharrispoll.com/wp-content/uploads/2025/03/HHP_Mar2025_KeyResults.pdf"" style=""color:black; text-decoration:underline;""><u>Harris Insights & Analytics</u></a>^Sponsor: Harvard CAPS^",2025-03-26,2025-03-27,Economy,2746 RV,0.007974626087491818,45,55,-10
33,"<a href=""https://d3nkl3psvxxpe9.cloudfront.net/documents/econTabReport_o8LZals.pdf"" style=""color:black; text-decoration:underline;""><u>YouGov</u></a>^Sponsor: The Economist^",2025-03-22,2025-03-25,Economy,1600 A,0.007139442496867275,43,47,-4
34,"<a href=""https://napolitannews.org/posts/president-trump-job-approval-rating-53-percent-approve-45-disapprove"" style=""color:black; text-decoration:underline;""><u>RMG Research</u></a>^Sponsor: Napolitan News Service^",2025-03-12,2025-03-19,Economy,3000 RV,0.004120220181236921,48,48,0
35,"<a href=""https://d3nkl3psvxxpe9.cloudfront.net/documents/econTabReport_ngfganU.pdf"" style=""color:black; text-decoration:underline;""><u>YouGov</u></a>^Sponsor: The Economist^",2025-03-16,2025-03-18,Economy,1618 A,0.004263098268933143,45,49,-4
36,"<a href=""https://static.foxnews.com/foxnews.com/content/uploads/2025/03/fox_march-14-17-2025_national_topline_march-19-release.pdf"" style=""color:black; text-decoration:underline;""><u>Beacon Research/Shaw & Co. Research</u></a>^Sponsor: FOX News^",2025-03-14,2025-03-17,Economy,994 RV,0.004268317537924688,43,56,-13
37,"<a href=""https://news.gallup.com/poll/658661/republicans-men-push-trump-approval-higher-second-term.aspx"" style=""color:black; text-decoration:underline;""><u>Gallup</u></a>",2025-03-03,2025-03-16,Economy,1002 A,0.003341374894150376,41,59,-18
38,"<a href=""https://www.ipsos.com/sites/default/files/ct/news/documents/2025-03/Reuters%20Ipsos%20Tariffs%20Survey%20Topline%2003%2013%202025.pdf"" style=""color:black; text-decoration:underline;""><u>Ipsos</u></a>^Sponsor: Reuters^",2025-03-11,2025-03-12,Economy,1422 A,0.0020875624491800606,39,51,-12
39,"<a href=""https://atlasintel.org/poll/usa-national-2025-03-17"" style=""color:black; text-decoration:underline;""><u>AtlasIntel</u></a>",2025-03-07,2025-03-12,Economy,2550 A,0.008210594479523246,48,48,0
40,"<a href=""https://www.nbcnews.com/politics/trump-administration/poll-trump-faces-early-challenges-economy-united-gop-backs-big-change-rcna195860"" style=""color:black; text-decoration:underline;""><u>Hart Research Associates/Public Opinion Strategies</u></a>^Sponsor: NBC News^",2025-03-07,2025-03-11,Economy,1000 RV,0.0022546013139918904,44,54,-10
41,"<a href=""https://d3nkl3psvxxpe9.cloudfront.net/documents/econTabReport_ddjSlqx.pdf"" style=""color:black; text-decoration:underline;""><u>YouGov</u></a>^Sponsor: The Economist^",2025-03-09,2025-03-11,Economy,1699 A,0.0029196633246677595,43,47,-4
42,"<a href=""https://emersoncollegepolling.com/national-poll-at-50-days-trumps-honeymoon-fades-as-economy-becomes-key-vulnerability/"" style=""color:black; text-decoration:underline;""><u>Emerson College</u></a>",2025-03-08,2025-03-10,Economy,1000 RV,0.002718805875548883,37,48,-11
43,"<a href=""https://poll.qu.edu/images/polling/us/us03132025_ufoz84.pdf"" style=""color:black; text-decoration:underline;""><u>Quinnipiac University</u></a>",2025-03-06,2025-03-10,Economy,1198 RV,0.0024016559323912987,41,54,-13
44,"<a href=""https://s3.documentcloud.org/documents/25558091/cnn-poll-trumps-performance-and-economy.pdf"" style=""color:black; text-decoration:underline;""><u>SSRS</u></a>^Sponsor: CNN^",2025-03-06,2025-03-09,Economy,1206 A,0.0004548343873279179,44,55,-11
46,"<a href=""https://d3nkl3psvxxpe9.cloudfront.net/documents/econTabReport_uHE5Cxl.pdf"" style=""color:black; text-decoration:underline;""><u>YouGov</u></a>^Sponsor: The Economist^",2025-03-01,2025-03-04,Economy,1638 A,0.0019159890987751533,44,44,0
45,"<a href=""https://www.ipsos.com/sites/default/files/ct/news/documents/2025-03/Reuters%20Ipsos%20Pre%20Joint%20Session%20Congress%20Topline%2003%2004%202025.pdf"" style=""color:black; text-decoration:underline;""><u>Ipsos</u></a>^Sponsor: Reuters^",2025-03-03,2025-03-04,Economy,1174 A,0.0011968059136976176,39,49,-10
47,"<a href=""https://www.cbsnews.com/news/trump-elon-musk-government-workforce-cuts-opinion-poll-2025-03-02/"" style=""color:black; text-decoration:underline;""><u>YouGov</u></a>^Sponsor: CBS News^",2025-02-26,2025-02-28,Economy,2311 A,0.001807740374690186,51,49,2
48,"<a href=""https://d3nkl3psvxxpe9.cloudfront.net/documents/econTabReport_1q7T4HA.pdf"" style=""color:black; text-decoration:underline;""><u>YouGov</u></a>^Sponsor: The Economist^",2025-02-23,2025-02-25,Economy,1604 A,0.001267179875265779,45,43,2
49,"<a href=""https://harvardharrispoll.com/wp-content/uploads/2025/02/HHP_Feb2025_vFinal.pdf"" style=""color:black; text-decoration:underline;""><u>Harris Insights & Analytics</u></a>^Sponsor: Harvard CAPS^",2025-02-19,2025-02-20,Economy,2443 RV,0.0008588794891124536,49,51,-2
50,"<a href=""https://www.ipsos.com/en-us/reutersipsos-large-sample-poll-february-2025"" style=""color:black; text-decoration:underline;""><u>Ipsos</u></a>^Sponsor: Reuters^",2025-02-13,2025-02-18,Economy,4125 A,0.0008545752394682718,39,47,-8
51,"<a href=""https://docs.google.com/spreadsheets/d/1kdcXmy8B1zajwnb6KUbZ-KxUixlTPoTY3Bg_Bfld0h0/edit?gid=0#gid=0"" style=""color:black; text-decoration:underline;""><u>Ipsos</u></a>^Sponsor: The Washington Post^",2025-02-13,2025-02-18,Economy,2177 RV,0.0005823832551601925,48,51,-3
52,"<a href=""https://d3nkl3psvxxpe9.cloudfront.net/documents/econTabReport_OFVhPxp.pdf"" style=""color:black; text-decoration:underline;""><u>YouGov</u></a>^Sponsor: The Economist^",2025-02-16,2025-02-18,Economy,1603 A,0.000846647920951092,46,42,4
53,"<a href=""https://poll.qu.edu/images/polling/us/us02192025_urxu99.pdf"" style=""color:black; text-decoration:underline;""><u>Quinnipiac University</u></a>",2025-02-13,2025-02-17,Economy,1039 RV,0.0006677134955357698,44,48,-4
54,"<a href=""https://news.gallup.com/poll/656891/trump-job-approval-rating-congress-jumps.aspx"" style=""color:black; text-decoration:underline;""><u>Gallup</u></a>",2025-02-03,2025-02-16,Economy,1004 A,0.000667356970180714,42,54,-12
55,"<a href=""https://echelonin.wpenginepowered.com/wp-content/uploads/February-2025-Voter-Omnibus-Topline-External.pdf"" style=""color:black; text-decoration:underline;""><u>Echelon Insights</u></a>",2025-02-10,2025-02-13,Economy,1010 LV,0.0003705490760234353,49,45,4
56,"<a href=""https://d3nkl3psvxxpe9.cloudfront.net/documents/econTabReport_nyOrDiw.pdf"" style=""color:black; text-decoration:underline;""><u>YouGov</u></a>^Sponsor: The Economist^",2025-02-09,2025-02-11,Economy,1595 A,0.0005644382397015513,45,44,1
57,"<a href=""https://d3nkl3psvxxpe9.cloudfront.net/documents/econTabReport_FOXP71G.pdf"" style=""color:black; text-decoration:underline;""><u>YouGov</u></a>^Sponsor: The Economist^",2025-02-02,2025-02-04,Economy,1604 A,0.0003783016774661085,44,39,5
58,"<a href=""https://d3nkl3psvxxpe9.cloudfront.net/documents/econTabReport_m8tctwx.pdf"" style=""color:black; text-decoration:underline;""><u>YouGov</u></a>^Sponsor: The Economist^",2025-01-26,2025-01-28,Economy,1577 A,0.000250698613302172,49,37,12
59,"<a href=""https://cdn.atlasintel.org/ed3f5238-e823-495e-a877-628217de9e68.pdf"" style=""color:black; text-decoration:underline;""><u>AtlasIntel</u></a>",2025-01-21,2025-01-23,Economy,1882 A,0.00044505565351612536,50,48,2
60,"<a href=""https://www.ipsos.com/sites/default/files/ct/news/documents/2025-01/Reuters%20Ipsos%20Trump%20Inauguration%20Survey%20Topline%20January%202025.pdf"" style=""color:black; text-decoration:underline;""><u>Ipsos</u></a>^Sponsor: Reuters^",2025-01-20,2025-01-21,Economy,1077 A,0.00010216391561061702,42,36,6
0,"<a href=""https://d3nkl3psvxxpe9.cloudfront.net/documents/econTabReport_wZDAeTq.pdf"" style=""color:black; text-decoration:underline;""><u>YouGov</u></a>^Sponsor: The Economist^",2025-05-02,2025-05-05,Immigration,1850 A,0.09682941680979495,45,47,-2
2,"<a href=""https://navigatorresearch.org/wp-content/uploads/2025/04/Navigator-Update-04.30.2025.pdf"" style=""color:black; text-decoration:underline;""><u>Global Strategy Group/GBAO (Navigator Research)</u></a>",2025-04-24,2025-04-28,Immigration,1000 RV,0.0081416922443908,46,49,-3
3,"<a href=""https://emersoncollegepolling.com/trump-100-days/"" style=""color:black; text-decoration:underline;""><u>Emerson College</u></a>",2025-04-25,2025-04-28,Immigration,1000 RV,0.06307006187543367,45,44,1
4,"<a href=""https://www.scribd.com/document/855435184/20250428-combined-trump100"" style=""color:black; text-decoration:underline;""><u>YouGov</u></a>^Sponsor: Yahoo News^",2025-04-25,2025-04-28,Immigration,1597 A,0.061991707740114345,48,46,2
1,"<a href=""https://d3nkl3psvxxpe9.cloudfront.net/documents/econTabReport_fmq348X.pdf"" style=""color:black; text-decoration:underline;""><u>YouGov</u></a>^Sponsor: The Economist^",2025-04-25,2025-04-28,Immigration,1785 A,0.06553906669750044,46,47,-1
5,"<a href=""https://www.reuters.com/world/us/trumps-approval-steady-concerns-over-economy-immigration-rise-reutersipsos-poll-2025-04-29/"" style=""color:black; text-decoration:underline;""><u>Ipsos</u></a>^Sponsor: Reuters^",2025-04-25,2025-04-27,Immigration,1029 A,0.03481793423327885,45,48,-3
6,"<a href=""https://www.cbsnews.com/news/cbs-news-poll-trump-100-days-tariffs/"" style=""color:black; text-decoration:underline;""><u>YouGov</u></a>^Sponsor: CBS News^",2025-04-23,2025-04-25,Immigration,2365 A,0.064340626414235,49,51,-2
7,"<a href=""https://www.nytimes.com/interactive/2025/04/25/us/elections/times-siena-poll-crosstabs.html"" style=""color:black; text-decoration:underline;""><u>The New York Times/Siena College</u></a>",2025-04-21,2025-04-24,Immigration,913 RV,0.05662113470918137,47,51,-4
8,"<a href=""https://edition.cnn.com/.element/interactive/2025/04/REL5a-Trump-at-100days.pdf"" style=""color:black; text-decoration:underline;""><u>SSRS</u></a>^Sponsor: CNN^",2025-04-17,2025-04-24,Immigration,1476 RV,0.008000230692349177,45,54,-9
9,"<a href=""https://maristpoll.marist.edu/wp-content/uploads/2025/04/NPR_PBS-News_Marist-Poll_USA-NOS-and-Tables_202504251028-2.pdf"" style=""color:black; text-decoration:underline;""><u>Marist College</u></a>^Sponsor: NPR | PBS News^",2025-04-21,2025-04-23,Immigration,1439 A,0.06550456194129527,44,52,-8
10,"<a href=""https://docs.google.com/spreadsheets/d/1behUPOujHZSkw37RTdnt_2pCJESMDrglY_uYUeoWdvg/edit?gid=0#gid=0"" style=""color:black; text-decoration:underline;""><u>Ipsos</u></a>^Sponsor: The Washington Post | ABC News^",2025-04-18,2025-04-22,Immigration,2464 A,0.04132026984329243,46,53,-7
11,"<a href=""https://d3nkl3psvxxpe9.cloudfront.net/documents/econTabReport_iR37dyy.pdf"" style=""color:black; text-decoration:underline;""><u>YouGov</u></a>^Sponsor: The Economist^",2025-04-19,2025-04-22,Immigration,1625 A,0.04547952152735349,46,52,-6
13,"<a href=""https://www.reuters.com/world/us/trump-approval-rating-dips-many-wary-his-wielding-power-reutersipsos-poll-finds-2025-04-21/"" style=""color:black; text-decoration:underline;""><u>Ipsos</u></a>^Sponsor: Reuters^",2025-04-16,2025-04-21,Immigration,4306 A,0.04323102608031937,45,46,-1
12,"<a href=""https://www.foxnews.com/official-polls/fox-news-poll-first-100-days-president-trumps-second-term"" style=""color:black; text-decoration:underline;""><u>Beacon Research/Shaw & Co. Research</u></a>^Sponsor: FOX News^",2025-04-18,2025-04-21,Immigration,1104 RV,0.048094266282463154,47,48,-1
14,"<a href=""https://45840940.fs1.hubspotusercontent-na1.net/hubfs/45840940/Clarity%20Omnibus%20Overview_April%202025.pdf"" style=""color:black; text-decoration:underline;""><u>Clarity Campaign Labs</u></a>",2025-04-09,2025-04-14,Immigration,1008 RV,0.016225104230704095,48,45,3
15,"<a href=""https://cdn.atlasintel.org/e3edc86b-aac7-4ebe-9ef7-6a8346f658f6.pdf"" style=""color:black; text-decoration:underline;""><u>AtlasIntel</u></a>",2025-04-10,2025-04-14,Immigration,2347 A,0.0770873851179632,46,52,-6
16,"<a href=""https://echeloninsights.com/in-the-news/april-2025-verified-voter-omnibus-2-2-2-2/"" style=""color:black; text-decoration:underline;""><u>Echelon Insights</u></a>",2025-04-10,2025-04-14,Immigration,1014 LV,0.017191995231246083,54,44,10
17,"<a href=""https://www.cbsnews.com/news/poll-trump-tariffs-13-04-2025/"" style=""color:black; text-decoration:underline;""><u>YouGov</u></a>^Sponsor: CBS News^",2025-04-08,2025-04-11,Immigration,2410 A,0.03056267161078332,50,50,0
18,"<a href=""https://www.realclearpolitics.com/docs/2025/HHP_APRIL_Final.pdf"" style=""color:black; text-decoration:underline;""><u>Harris Insights & Analytics</u></a>^Sponsor: Harvard CAPS^",2025-04-09,2025-04-10,Immigration,2286 RV,0.020616484797106392,51,49,2
19,"<a href=""https://d3nkl3psvxxpe9.cloudfront.net/documents/econTabReport_pXJ0PxA.pdf"" style=""color:black; text-decoration:underline;""><u>YouGov</u></a>^Sponsor: The Economist^",2025-04-05,2025-04-08,Immigration,1741 A,0.021937801853893144,50,44,6
20,"<a href=""https://poll.qu.edu/images/polling/us/us04092025_uodc32.pdf"" style=""color:black; text-decoration:underline;""><u>Quinnipiac University</u></a>",2025-04-03,2025-04-07,Immigration,1407 RV,0.019320689696598534,45,50,-5
21,"<a href=""https://www.ipsos.com/sites/default/files/ct/news/documents/2025-04/Reuters%20Ipsos%20Signalgate%20Tariffs%20Survey%20Topline%20April%202%202025%20.pdf"" style=""color:black; text-decoration:underline;""><u>Ipsos</u></a>^Sponsor: Reuters^",2025-03-31,2025-04-02,Immigration,1486 A,0.010462208281000359,48,44,4
22,"<a href=""https://prod-i.a.dj.com/public/resources/documents/March_2025_WSJPoll.pdf"" style=""color:black; text-decoration:underline;""><u>Impact Research</u></a>^Sponsor: Wall Street Journal^",2025-03-27,2025-04-01,Immigration,1500 RV,0.00802139354021431,52,47,5
23,"<a href=""https://www.cbsnews.com/news/opinion-poll-trump-economy-tariffs-deportation-immigration/"" style=""color:black; text-decoration:underline;""><u>YouGov</u></a>^Sponsor: CBS News^",2025-03-27,2025-03-28,Immigration,2609 A,0.013488613252806453,53,47,6
24,"<a href=""https://harvardharrispoll.com/wp-content/uploads/2025/03/HHP_Mar2025_KeyResults.pdf"" style=""color:black; text-decoration:underline;""><u>Harris Insights & Analytics</u></a>^Sponsor: Harvard CAPS^",2025-03-26,2025-03-27,Immigration,2746 RV,0.009430415451807745,53,47,6
25,"<a href=""https://d3nkl3psvxxpe9.cloudfront.net/documents/econTabReport_o8LZals.pdf"" style=""color:black; text-decoration:underline;""><u>YouGov</u></a>^Sponsor: The Economist^",2025-03-22,2025-03-25,Immigration,1600 A,0.00844276685841781,51,44,7
26,"<a href=""https://napolitannews.org/posts/president-trump-job-approval-rating-53-percent-approve-45-disapprove"" style=""color:black; text-decoration:underline;""><u>RMG Research</u></a>",2025-03-12,2025-03-19,Immigration,3000 RV,0.00487237741753577,55,43,12
27,"<a href=""https://d3nkl3psvxxpe9.cloudfront.net/documents/econTabReport_ngfganU.pdf"" style=""color:black; text-decoration:underline;""><u>YouGov</u></a>^Sponsor: The Economist^",2025-03-16,2025-03-18,Immigration,1618 A,0.005041338283055043,50,45,5
28,"<a href=""https://atlasintel.org/poll/usa-national-2025-03-17"" style=""color:black; text-decoration:underline;""><u>AtlasIntel</u></a>",2025-03-07,2025-03-12,Immigration,2550 A,0.009709460506201171,52,47,5
29,"<a href=""https://www.ipsos.com/sites/default/files/ct/news/documents/2025-03/Reuters%20Ipsos%20Tariffs%20Survey%20Topline%2003%2013%202025.pdf"" style=""color:black; text-decoration:underline;""><u>Ipsos</u></a>^Sponsor: Reuters^",2025-03-11,2025-03-12,Immigration,1422 A,0.0024686525689573855,50,41,9
30,"<a href=""https://www.nbcnews.com/politics/trump-administration/poll-trump-faces-early-challenges-economy-united-gop-backs-big-change-rcna195860"" style=""color:black; text-decoration:underline;""><u>Hart Research Associates/Public Opinion Strategies</u></a>^Sponsor: NBC News^",2025-03-07,2025-03-11,Immigration,1000 RV,0.002666184826205744,55,43,12
31,"<a href=""https://emersoncollegepolling.com/national-poll-at-50-days-trumps-honeymoon-fades-as-economy-becomes-key-vulnerability/"" style=""color:black; text-decoration:underline;""><u>Emerson College</u></a>",2025-03-08,2025-03-10,Immigration,1000 RV,0.00321513117454589,48,40,8
32,"<a href=""https://poll.qu.edu/images/polling/us/us03132025_ufoz84.pdf"" style=""color:black; text-decoration:underline;""><u>Quinnipiac University</u></a>",2025-03-06,2025-03-10,Immigration,1198 RV,0.0028400846593011966,46,49,-3
33,"<a href=""https://s3.documentcloud.org/documents/25558091/cnn-poll-trumps-performance-and-economy.pdf"" style=""color:black; text-decoration:underline;""><u>SSRS</u></a>^Sponsor: CNN^",2025-03-06,2025-03-09,Immigration,1206 A,0.0005378656236934328,54,46,8
34,"<a href=""https://d3nkl3psvxxpe9.cloudfront.net/documents/econTabReport_uHE5Cxl.pdf"" style=""color:black; text-decoration:underline;""><u>YouGov</u></a>^Sponsor: The Economist^",2025-03-01,2025-03-04,Immigration,1638 A,0.002265758043618486,53,40,13
35,"<a href=""https://www.ipsos.com/sites/default/files/ct/news/documents/2025-03/Reuters%20Ipsos%20Pre%20Joint%20Session%20Congress%20Topline%2003%2004%202025.pdf"" style=""color:black; text-decoration:underline;""><u>Ipsos</u></a>^Sponsor: Reuters^",2025-03-03,2025-03-04,Immigration,1174 A,0.0014152860406899269,49,42,7
36,"<a href=""https://www.cbsnews.com/news/trump-elon-musk-government-workforce-cuts-opinion-poll-2025-03-02/"" style=""color:black; text-decoration:underline;""><u>YouGov</u></a>^Sponsor: CBS News^",2025-02-26,2025-02-28,Immigration,2311 A,0.0021377482248445974,54,46,8
37,"<a href=""https://harvardharrispoll.com/wp-content/uploads/2025/02/HHP_Feb2025_vFinal.pdf"" style=""color:black; text-decoration:underline;""><u>Harris Insights & Analytics</u></a>^Sponsor: Harvard CAPS^",2025-02-19,2025-02-20,Immigration,2443 RV,0.0010156702416519582,56,44,12
38,"<a href=""https://docs.google.com/spreadsheets/d/1kdcXmy8B1zajwnb6KUbZ-KxUixlTPoTY3Bg_Bfld0h0/edit?gid=0#gid=0"" style=""color:black; text-decoration:underline;""><u>Ipsos</u></a>^Sponsor: The Washington Post^",2025-02-13,2025-02-18,Immigration,2177 RV,0.0006886988791801965,54,45,9
39,"<a href=""https://www.ipsos.com/en-us/reutersipsos-large-sample-poll-february-2025"" style=""color:black; text-decoration:underline;""><u>Ipsos</u></a>^Sponsor: Reuters^",2025-02-13,2025-02-18,Immigration,4125 A,0.0010105802396998167,47,44,3
40,"<a href=""https://d3nkl3psvxxpe9.cloudfront.net/documents/econTabReport_OFVhPxp.pdf"" style=""color:black; text-decoration:underline;""><u>YouGov</u></a>^Sponsor: The Economist^",2025-02-16,2025-02-18,Immigration,1603 A,0.0010012057679420659,51,43,8
41,"<a href=""https://poll.qu.edu/images/polling/us/us02192025_urxu99.pdf"" style=""color:black; text-decoration:underline;""><u>Quinnipiac University</u></a>",2025-02-13,2025-02-17,Immigration,1039 RV,0.0007896063836218763,46,49,-3
42,"<a href=""https://news.gallup.com/poll/656891/trump-job-approval-rating-congress-jumps.aspx"" style=""color:black; text-decoration:underline;""><u>Gallup</u></a>",2025-02-03,2025-02-16,Immigration,1004 A,0.0007891847736077647,46,51,-5
43,"<a href=""https://echelonin.wpenginepowered.com/wp-content/uploads/February-2025-Voter-Omnibus-Topline-External.pdf"" style=""color:black; text-decoration:underline;""><u>Echelon Insights</u></a>",2025-02-10,2025-02-13,Immigration,1010 LV,0.00043819380292519223,55,43,12
44,"<a href=""https://d3nkl3psvxxpe9.cloudfront.net/documents/econTabReport_FOXP71G.pdf"" style=""color:black; text-decoration:underline;""><u>YouGov</u></a>^Sponsor: The Economist^",2025-02-02,2025-02-04,Immigration,1604 A,0.0004473616625382424,51,40,11
45,"<a href=""https://poll.qu.edu/images/polling/us/us01292025_udik45.pdf"" style=""color:black; text-decoration:underline;""><u>Quinnipiac University</u></a>",2025-01-23,2025-01-27,Immigration,1019 RV,0.00023344789861792558,47,46,1
46,"<a href=""https://cdn.atlasintel.org/ed3f5238-e823-495e-a877-628217de9e68.pdf"" style=""color:black; text-decoration:underline;""><u>AtlasIntel</u></a>",2025-01-21,2025-01-23,Immigration,1882 A,0.0005263017558172341,51,49,2
47,"<a href=""https://www.ipsos.com/sites/default/files/ct/news/documents/2025-01/Reuters%20Ipsos%20Trump%20Inauguration%20Survey%20Topline%20January%202025.pdf"" style=""color:black; text-decoration:underline;""><u>Ipsos</u></a>^Sponsor: Reuters^",2025-01-20,2025-01-21,Immigration,1077 A,0.00012081421220522317,46,38,8
0,"<a href=""https://navigatorresearch.org/wp-content/uploads/2025/04/Navigator-Update-04.30.2025.pdf"" style=""color:black; text-decoration:underline;""><u>Global Strategy Group/GBAO (Navigator Research)</u></a>",2025-04-24,2025-04-28,Foreign policy,1000 RV,0.02092997955457316,41,49,-8
1,"<a href=""https://emersoncollegepolling.com/trump-100-days/"" style=""color:black; text-decoration:underline;""><u>Emerson College</u></a>",2025-04-25,2025-04-28,Foreign policy,1000 RV,0.16213522520062576,43,46,-3
2,"<a href=""https://edition.cnn.com/.element/interactive/2025/04/REL5a-Trump-at-100days.pdf"" style=""color:black; text-decoration:underline;""><u>SSRS</u></a>^Sponsor: CNN^",2025-04-17,2025-04-24,Foreign policy,1476 RV,0.02056632206137459,39,60,-21
3,"<a href=""https://maristpoll.marist.edu/wp-content/uploads/2025/04/NPR_PBS-News_Marist-Poll_USA-NOS-and-Tables_202504251028-2.pdf"" style=""color:black; text-decoration:underline;""><u>Marist College</u></a>^Sponsor: NPR | PBS News^",2025-04-21,2025-04-23,Foreign policy,1439 A,0.16839363378137195,39,53,-14
4,"<a href=""https://d3nkl3psvxxpe9.cloudfront.net/documents/econTabReport_iR37dyy.pdf"" style=""color:black; text-decoration:underline;""><u>YouGov</u></a>^Sponsor: The Economist^",2025-04-19,2025-04-22,Foreign policy,1625 A,0.11691493944334207,42,54,-12
5,"<a href=""https://www.foxnews.com/official-polls/fox-news-poll-first-100-days-president-trumps-second-term"" style=""color:black; text-decoration:underline;""><u>Beacon Research/Shaw & Co. Research</u></a>^Sponsor: FOX News^",2025-04-18,2025-04-21,Foreign policy,1104 RV,0.12363670595356316,40,54,-14
6,"<a href=""https://echeloninsights.com/in-the-news/april-2025-verified-voter-omnibus-2-2-2-2/"" style=""color:black; text-decoration:underline;""><u>Echelon Insights</u></a>",2025-04-10,2025-04-14,Foreign policy,1014 LV,0.04419573939805972,45,51,-6
7,"<a href=""https://www.realclearpolitics.com/docs/2025/250084_CNBC_AAES_Q1_2025_Topline_4-17-2025_Release[40].pdf"" style=""color:black; text-decoration:underline;""><u>Hart Research Associates/Public Opinion Strategies</u></a>^Sponsor: CNBC^",2025-04-09,2025-04-13,Foreign policy,1000 A,0.0711078482575643,42,53,-11
8,"<a href=""https://www.realclearpolitics.com/docs/2025/HHP_APRIL_Final.pdf"" style=""color:black; text-decoration:underline;""><u>Harris Insights & Analytics</u></a>^Sponsor: Harvard CAPS^",2025-04-09,2025-04-10,Foreign policy,2286 RV,0.05299912995211627,44,56,-12
9,"<a href=""https://d3nkl3psvxxpe9.cloudfront.net/documents/econTabReport_pXJ0PxA.pdf"" style=""color:black; text-decoration:underline;""><u>YouGov</u></a>^Sponsor: The Economist^",2025-04-05,2025-04-08,Foreign policy,1741 A,0.056395861019015586,41,49,-8
10,"<a href=""https://poll.qu.edu/images/polling/us/us04092025_uodc32.pdf"" style=""color:black; text-decoration:underline;""><u>Quinnipiac University</u></a>",2025-04-03,2025-04-07,Foreign policy,1407 RV,0.049668008589818326,40,54,-14
11,"<a href=""https://www.ipsos.com/sites/default/files/ct/news/documents/2025-04/Reuters%20Ipsos%20Signalgate%20Tariffs%20Survey%20Topline%20April%202%202025%20.pdf"" style=""color:black; text-decoration:underline;""><u>Ipsos</u></a>^Sponsor: Reuters^",2025-03-31,2025-04-02,Foreign policy,1486 A,0.02689536755308886,34,50,-16
12,"<a href=""https://harvardharrispoll.com/wp-content/uploads/2025/03/HHP_Mar2025_KeyResults.pdf"" style=""color:black; text-decoration:underline;""><u>Harris Insights & Analytics</u></a>^Sponsor: Harvard CAPS^",2025-03-26,2025-03-27,Foreign policy,2746 RV,0.024242921087253115,45,55,-10
13,"<a href=""https://d3nkl3psvxxpe9.cloudfront.net/documents/econTabReport_ngfganU.pdf"" style=""color:black; text-decoration:underline;""><u>YouGov</u></a>^Sponsor: The Economist^",2025-03-16,2025-03-18,Foreign policy,1618 A,0.012959849626436494,44,49,-5
14,"<a href=""https://news.gallup.com/poll/658661/republicans-men-push-trump-approval-higher-second-term.aspx"" style=""color:black; text-decoration:underline;""><u>Gallup</u></a>",2025-03-03,2025-03-16,Foreign policy,1002 A,0.010157803888620177,41,55,-14
15,"<a href=""https://www.ipsos.com/sites/default/files/ct/news/documents/2025-03/Reuters%20Ipsos%20Tariffs%20Survey%20Topline%2003%2013%202025.pdf"" style=""color:black; text-decoration:underline;""><u>Ipsos</u></a>^Sponsor: Reuters^",2025-03-11,2025-03-12,Foreign policy,1422 A,0.006346204971235523,37,48,-11
16,"<a href=""https://www.nbcnews.com/politics/trump-administration/poll-trump-faces-early-challenges-economy-united-gop-backs-big-change-rcna195860"" style=""color:black; text-decoration:underline;""><u>Hart Research Associates/Public Opinion Strategies</u></a>^Sponsor: NBC News^",2025-03-07,2025-03-11,Foreign policy,1000 RV,0.006854004330567137,45,53,-8
17,"<a href=""https://poll.qu.edu/images/polling/us/us03132025_ufoz84.pdf"" style=""color:black; text-decoration:underline;""><u>Quinnipiac University</u></a>",2025-03-06,2025-03-10,Foreign policy,1198 RV,0.007301051436006315,42,53,-11
18,"<a href=""https://s3.documentcloud.org/documents/25558091/cnn-poll-trumps-performance-and-economy.pdf"" style=""color:black; text-decoration:underline;""><u>SSRS</u></a>^Sponsor: CNN^",2025-03-06,2025-03-09,Foreign policy,1206 A,0.00138269983304357,41,59,-18
19,"<a href=""https://www.ipsos.com/sites/default/files/ct/news/documents/2025-03/Reuters%20Ipsos%20Pre%20Joint%20Session%20Congress%20Topline%2003%2004%202025.pdf"" style=""color:black; text-decoration:underline;""><u>Ipsos</u></a>^Sponsor: Reuters^",2025-03-03,2025-03-04,Foreign policy,1174 A,0.003638298649266792,37,50,-13
20,"<a href=""https://harvardharrispoll.com/wp-content/uploads/2025/02/HHP_Feb2025_vFinal.pdf"" style=""color:black; text-decoration:underline;""><u>Harris Insights & Analytics</u></a>^Sponsor: Harvard CAPS^",2025-02-19,2025-02-20,Foreign policy,2443 RV,0.002610999870034327,48,52,-4
21,"<a href=""https://d3nkl3psvxxpe9.cloudfront.net/documents/econTabReport_OFVhPxp.pdf"" style=""color:black; text-decoration:underline;""><u>YouGov</u></a>^Sponsor: The Economist^",2025-02-16,2025-02-18,Foreign policy,1603 A,0.002573815814198235,46,43,3
22,"<a href=""https://www.ipsos.com/en-us/reutersipsos-large-sample-poll-february-2025"" style=""color:black; text-decoration:underline;""><u>Ipsos</u></a>^Sponsor: Reuters^",2025-02-13,2025-02-18,Foreign policy,4125 A,0.002597914919928966,38,46,-8
23,"<a href=""https://poll.qu.edu/images/polling/us/us02192025_urxu99.pdf"" style=""color:black; text-decoration:underline;""><u>Quinnipiac University</u></a>",2025-02-13,2025-02-17,Foreign policy,1039 RV,0.002029853864441041,44,48,-4
24,"<a href=""https://news.gallup.com/poll/656891/trump-job-approval-rating-congress-jumps.aspx"" style=""color:black; text-decoration:underline;""><u>Gallup</u></a>",2025-02-03,2025-02-16,Foreign policy,1004 A,0.0020287700247784164,44,53,-9
25,"<a href=""https://echelonin.wpenginepowered.com/wp-content/uploads/February-2025-Voter-Omnibus-Topline-External.pdf"" style=""color:black; text-decoration:underline;""><u>Echelon Insights</u></a>",2025-02-10,2025-02-13,Foreign policy,1010 LV,0.0011264718759768327,49,44,5
26,"<a href=""https://www.ipsos.com/sites/default/files/ct/news/documents/2025-01/Reuters%20Ipsos%20Trump%20Inauguration%20Survey%20Topline%20January%202025.pdf"" style=""color:black; text-decoration:underline;""><u>Ipsos</u></a>^Sponsor: Reuters^",2025-01-20,2025-01-21,Foreign policy,1077 A,0.0003105790436993346,39,37,2
0,"<a href=""https://d3nkl3psvxxpe9.cloudfront.net/documents/econTabReport_wZDAeTq.pdf"" style=""color:black; text-decoration:underline;""><u>YouGov</u></a>^Sponsor: The Economist^",2025-05-02,2025-05-05,Inflation/prices,1850 A,0.15662731647070496,35,56,-21
1,"<a href=""https://navigatorresearch.org/wp-content/uploads/2025/04/Navigator-Update-04.30.2025.pdf"" style=""color:black; text-decoration:underline;""><u>Global Strategy Group/GBAO (Navigator Research)</u></a>",2025-04-24,2025-04-28,Inflation/prices,1000 RV,0.01316966940195684,32,61,-29
2,"<a href=""https://d3nkl3psvxxpe9.cloudfront.net/documents/econTabReport_fmq348X.pdf"" style=""color:black; text-decoration:underline;""><u>YouGov</u></a>^Sponsor: The Economist^",2025-04-25,2025-04-28,Inflation/prices,1785 A,0.1060133219741301,36,57,-21
3,"<a href=""https://www.cbsnews.com/news/cbs-news-poll-trump-100-days-tariffs/"" style=""color:black; text-decoration:underline;""><u>YouGov</u></a>^Sponsor: CBS News^",2025-04-23,2025-04-25,Inflation/prices,2365 A,0.10407477383759658,38,62,-24
4,"<a href=""https://edition.cnn.com/.element/interactive/2025/04/REL5a-Trump-at-100days.pdf"" style=""color:black; text-decoration:underline;""><u>SSRS</u></a>^Sponsor: CNN^",2025-04-17,2025-04-24,Inflation/prices,1476 RV,0.012940846963383408,35,64,-29
5,"<a href=""https://d3nkl3psvxxpe9.cloudfront.net/documents/econTabReport_iR37dyy.pdf"" style=""color:black; text-decoration:underline;""><u>YouGov</u></a>^Sponsor: The Economist^",2025-04-19,2025-04-22,Inflation/prices,1625 A,0.07356581962270435,39,58,-19
6,"<a href=""https://www.foxnews.com/official-polls/fox-news-poll-first-100-days-president-trumps-second-term"" style=""color:black; text-decoration:underline;""><u>Beacon Research/Shaw & Co. Research</u></a>^Sponsor: FOX News^",2025-04-18,2025-04-21,Inflation/prices,1104 RV,0.07779532412393617,33,59,-26
7,"<a href=""https://www.nbcnews.com/politics/trump-administration/poll-americans-vent-disappointment-trump-ahead-100-day-mark-especially-rcna202656"" style=""color:black; text-decoration:underline;""><u>SurveyMonkey</u></a>^Sponsor: NBC News^",2025-04-11,2025-04-20,Inflation/prices,19682 A,0.01864232197523686,40,60,-20
8,"<a href=""https://d3nkl3psvxxpe9.cloudfront.net/documents/econTabReport_wmD8f2B.pdf"" style=""color:black; text-decoration:underline;""><u>YouGov</u></a>^Sponsor: The Economist^",2025-04-13,2025-04-15,Inflation/prices,1329 RV,0.03657475929067087,42,55,-13
9,"<a href=""https://d3nkl3psvxxpe9.cloudfront.net/documents/econTabReport_wmD8f2B.pdf"" style=""color:black; text-decoration:underline;""><u>YouGov</u></a>^Sponsor: The Economist^",2025-04-13,2025-04-15,Inflation/prices,1512 A,0.04876462565861433,37,55,-18
10,"<a href=""https://45840940.fs1.hubspotusercontent-na1.net/hubfs/45840940/Clarity%20Omnibus%20Overview_April%202025.pdf"" style=""color:black; text-decoration:underline;""><u>Clarity Campaign Labs</u></a>",2025-04-09,2025-04-14,Inflation/prices,1008 RV,0.026245067034789727,36,58,-22
11,"<a href=""https://www.realclearpolitics.com/docs/2025/250084_CNBC_AAES_Q1_2025_Topline_4-17-2025_Release[40].pdf"" style=""color:black; text-decoration:underline;""><u>Hart Research Associates/Public Opinion Strategies</u></a>^Sponsor: CNBC^",2025-04-09,2025-04-13,Inflation/prices,1000 A,0.04474284606895464,37,60,-23
12,"<a href=""https://www.cbsnews.com/news/poll-trump-tariffs-13-04-2025/"" style=""color:black; text-decoration:underline;""><u>YouGov</u></a>^Sponsor: CBS News^",2025-04-08,2025-04-11,Inflation/prices,2410 A,0.049436931423180425,40,60,-20
13,"<a href=""https://www.realclearpolitics.com/docs/2025/HHP_APRIL_Final.pdf"" style=""color:black; text-decoration:underline;""><u>Harris Insights & Analytics</u></a>^Sponsor: Harvard CAPS^",2025-04-09,2025-04-10,Inflation/prices,2286 RV,0.03334838518311941,41,59,-18
14,"<a href=""https://d3nkl3psvxxpe9.cloudfront.net/documents/econTabReport_pXJ0PxA.pdf"" style=""color:black; text-decoration:underline;""><u>YouGov</u></a>^Sponsor: The Economist^",2025-04-05,2025-04-08,Inflation/prices,1741 A,0.03548569377827502,36,55,-19
15,"<a href=""https://www.harrisx.com/content/full-harrisx-overnight-poll-tariff-findings"" style=""color:black; text-decoration:underline;""><u>Harris Insights & Analytics</u></a>",2025-04-04,2025-04-07,Inflation/prices,1883 RV,0.025518141743422547,43,57,-14
17,"<a href=""https://d3nkl3psvxxpe9.cloudfront.net/documents/econTabReport_Uo7FRzc.pdf"" style=""color:black; text-decoration:underline;""><u>YouGov</u></a>^Sponsor: The Economist^",2025-03-30,2025-04-01,Inflation/prices,1626 A,0.022524445015693513,40,53,-13
16,"<a href=""https://prod-i.a.dj.com/public/resources/documents/March_2025_WSJPoll.pdf"" style=""color:black; text-decoration:underline;""><u>Impact Research</u></a>^Sponsor: Wall Street Journal^",2025-03-27,2025-04-01,Inflation/prices,1500 RV,0.012975079123187745,40,55,-15
18,"<a href=""https://www.cbsnews.com/news/opinion-poll-trump-economy-tariffs-deportation-immigration/"" style=""color:black; text-decoration:underline;""><u>YouGov</u></a>^Sponsor: CBS News^",2025-03-27,2025-03-28,Inflation/prices,2609 A,0.02181863080770459,44,56,-12
19,"<a href=""https://harvardharrispoll.com/wp-content/uploads/2025/03/HHP_Mar2025_KeyResults.pdf"" style=""color:black; text-decoration:underline;""><u>Harris Insights & Analytics</u></a>^Sponsor: Harvard CAPS^",2025-03-26,2025-03-27,Inflation/prices,2746 RV,0.0152542555153663,43,57,-14
20,"<a href=""https://d3nkl3psvxxpe9.cloudfront.net/documents/econTabReport_o8LZals.pdf"" style=""color:black; text-decoration:underline;""><u>YouGov</u></a>^Sponsor: The Economist^",2025-03-22,2025-03-25,Inflation/prices,1600 A,0.01365667542147191,42,50,-8
21,"<a href=""https://napolitannews.org/posts/president-trump-job-approval-rating-53-percent-approve-45-disapprove"" style=""color:black; text-decoration:underline;""><u>RMG Research</u></a>^Sponsor: Napolitan News Service^",2025-03-12,2025-03-19,Inflation/prices,3000 RV,0.007881359042367935,45,52,-7
22,"<a href=""https://d3nkl3psvxxpe9.cloudfront.net/documents/econTabReport_ngfganU.pdf"" style=""color:black; text-decoration:underline;""><u>YouGov</u></a>^Sponsor: The Economist^",2025-03-16,2025-03-18,Inflation/prices,1618 A,0.008154663249154962,42,52,-10
23,"<a href=""https://static.foxnews.com/foxnews.com/content/uploads/2025/03/fox_march-14-17-2025_national_topline_march-19-release.pdf"" style=""color:black; text-decoration:underline;""><u>Beacon Research/Shaw & Co. Research</u></a>^Sponsor: FOX News^",2025-03-14,2025-03-17,Inflation/prices,994 RV,0.008164646922612121,40,58,-18
24,"<a href=""https://d3nkl3psvxxpe9.cloudfront.net/documents/econTabReport_ddjSlqx.pdf"" style=""color:black; text-decoration:underline;""><u>YouGov</u></a>^Sponsor: The Economist^",2025-03-09,2025-03-11,Inflation/prices,1699 A,0.005584875063068163,38,52,-14
25,"<a href=""https://www.nbcnews.com/politics/trump-administration/poll-trump-faces-early-challenges-economy-united-gop-backs-big-change-rcna195860"" style=""color:black; text-decoration:underline;""><u>Hart Research Associates/Public Opinion Strategies</u></a>^Sponsor: NBC News^",2025-03-07,2025-03-11,Inflation/prices,1000 RV,0.004312711862799073,42,55,-13
26,"<a href=""https://d3nkl3psvxxpe9.cloudfront.net/documents/econTabReport_uHE5Cxl.pdf"" style=""color:black; text-decoration:underline;""><u>YouGov</u></a>^Sponsor: The Economist^",2025-03-01,2025-03-04,Inflation/prices,1638 A,0.0036649978264454374,42,46,-4
27,"<a href=""https://www.cbsnews.com/news/trump-elon-musk-government-workforce-cuts-opinion-poll-2025-03-02/"" style=""color:black; text-decoration:underline;""><u>YouGov</u></a>^Sponsor: CBS News^",2025-02-26,2025-02-28,Inflation/prices,2311 A,0.00345793436311962,46,54,-8
28,"<a href=""https://d3nkl3psvxxpe9.cloudfront.net/documents/econTabReport_1q7T4HA.pdf"" style=""color:black; text-decoration:underline;""><u>YouGov</u></a>^Sponsor: The Economist^",2025-02-23,2025-02-25,Inflation/prices,1604 A,0.002423923753811238,40,49,-9
29,"<a href=""https://harvardharrispoll.com/all-polls/"" style=""color:black; text-decoration:underline;""><u>Harris Insights & Analytics</u></a>^Sponsor: Harvard CAPS^",2025-02-19,2025-02-20,Inflation/prices,2443 RV,0.0016429067695573115,45,55,-10
30,"<a href=""https://www.ipsos.com/en-us/reutersipsos-large-sample-poll-february-2025"" style=""color:black; text-decoration:underline;""><u>Ipsos</u></a>^Sponsor: Reuters^",2025-02-13,2025-02-18,Inflation/prices,4125 A,0.0016346733899412736,32,52,-20
31,"<a href=""https://d3nkl3psvxxpe9.cloudfront.net/documents/econTabReport_OFVhPxp.pdf"" style=""color:black; text-decoration:underline;""><u>YouGov</u></a>^Sponsor: The Economist^",2025-02-16,2025-02-18,Inflation/prices,1603 A,0.0016195096266643436,43,46,-3
32,"<a href=""https://d3nkl3psvxxpe9.cloudfront.net/documents/econTabReport_nyOrDiw.pdf"" style=""color:black; text-decoration:underline;""><u>YouGov</u></a>^Sponsor: The Economist^",2025-02-09,2025-02-11,Inflation/prices,1595 A,0.0010796851208555015,41,48,-7
33,"<a href=""https://d3nkl3psvxxpe9.cloudfront.net/documents/econTabReport_FOXP71G.pdf"" style=""color:black; text-decoration:underline;""><u>YouGov</u></a>^Sponsor: The Economist^",2025-02-02,2025-02-04,Inflation/prices,1604 A,0.0007236339844210446,42,43,-1
34,"<a href=""https://d3nkl3psvxxpe9.cloudfront.net/documents/econTabReport_m8tctwx.pdf"" style=""color:black; text-decoration:underline;""><u>YouGov</u></a>^Sponsor: The Economist^",2025-01-26,2025-01-28,Inflation/prices,1577 A,0.0004795485910816085,45,39,6
