Pollster,Grade,Predictive Plus-Minus,Mean-reverted bias,Number of polls,cat
The Washington Post,A+@@1,-1.093884958,D+0.90@@.9,98,D+
Marquette University Law School,A/B@@4,-0.998362165,D+0.32@@.32,17,D+
Research & Polling Inc.,A+@@1,-0.97598483,R+0.55@@-.55,44,R+
OnMessage Inc.,A@@2,-0.865769562,R+1.23@@-1.23,32,R+
TIPP Insights,A@@2,-0.853989561,R+0.07@@-.07,51,R+
Data Orbital,A/B@@4,-0.833098019,D+0.08@@.08,18,D+
Cygnal,A@@2,-0.80931213,D+2.04@@2.04,58,D+
The New York Times/Siena College,A@@2,-0.800239686,D+1.41@@1.41,116,D+
Monmouth University,A@@2,-0.776297715,D+2.00@@2,131,D+
SurveyUSA,A@@2,-0.658558756,D+0.09@@.09,871,D+
CBS News/The New York Times,A@@2,-0.655412109,D+0.27@@.27,66,D+
AtlasIntel,A@@2,-0.644135312,R+0.04@@-.04,93,R+
Public Opinion Strategies,A@@2,-0.643337701,R+1.28@@-1.28,80,R+
Emerson College,A@@2,-0.612226501,D+0.61@@.61,320,D+
Siena College,A@@2,-0.605810558,D+0.12@@.12,67,D+
Muhlenberg College,A-@@3,-0.584022302,R+0.11@@-.11,36,R+
Echelon Insights,A-@@3,-0.547454015,R+0.19@@-.19,19,R+
University of North Florida,A/B@@4,-0.54461168,D+1.58@@1.58,14,D+
Hart Research Associates/Public Opinion Strategies,A-@@3,-0.534200471,D+0.85@@.85,37,D+
Beacon Research/Shaw & Co. Research,A-@@3,-0.53318269,D+1.34@@1.34,63,D+
Public Policy Institute of California,A/B@@4,-0.525776378,R+1.00@@-1,18,R+
Grove Insight,A/B@@4,-0.519711896,D+0.47@@.47,29,D+
MassINC Polling Group,A/B@@4,-0.498102948,R+0.55@@-.55,22,R+
Suffolk University,A-@@3,-0.494064001,D+0.71@@.71,112,D+
Susquehanna Polling & Research Inc.,A-@@3,-0.449936147,D+0.43@@.43,56,D+
Mason-Dixon Polling & Strategy,A-@@3,-0.440340086,R+0.50@@-.5,446,R+
Greenberg Quinlan Rosner,A-@@3,-0.439796306,D+2.18@@2.18,62,D+
Landmark Communications,A-@@3,-0.410580545,D+0.83@@.83,41,D+
Marist College,A-@@3,-0.406602012,D+0.52@@.52,213,D+
Angus Reid Global,A/B@@4,-0.397716493,R+0.98@@-.98,32,R+
National Journal,A/B@@4,-0.386950083,R+0.11@@-.11,12,R+
The Winston Group,A/B@@4,-0.383707136,D+1.03@@1.03,11,D+
Los Angeles Times,A/B@@4,-0.38218286,R+0.14@@-.14,37,R+
Stockton University,A/B@@4,-0.37909338,D+0.84@@.84,12,D+
Greenberg Quinlan Rosner/American Viewpoint,A/B@@4,-0.377249004,R+0.52@@-.52,8,R+
University of Massachusetts Lowell,A-@@3,-0.376450737,D+1.29@@1.29,38,D+
University of Connecticut,A/B@@4,-0.33901274,R+0.13@@-.13,11,R+
Concord Public Opinion Partners,A/B@@4,-0.336726512,R+0.02@@-.02,4,R+
Elway Research,A/B@@4,-0.328858723,D+0.63@@.63,21,D+
Christopher Newport University,A/B@@4,-0.326305454,D+0.81@@.81,16,D+
Tarrance Group,A/B@@4,-0.321089327,R+0.87@@-.87,32,R+
Fairleigh Dickinson University,A/B@@4,-0.318690319,D+0.02@@.02,22,D+
Field Research Corp. (Field Poll),A/B@@4,-0.316402689,R+0.55@@-.55,25,R+
Garin-Hart-Yang Research Group,A-@@3,-0.29761751,D+1.73@@1.73,33,D+
Western New England University,A/B@@4,-0.286277879,R+0.32@@-.32,11,R+
OH Predictive Insights,B+@@5,-0.285928376,D+0.55@@.55,22,D+
Opinion Dynamics,A/B@@4,-0.268342644,R+0.25@@-.25,34,R+
Princeton Survey Research Associates International,A/B@@4,-0.265092522,D+0.38@@.38,35,D+
Alaska Survey Research,A/B@@4,-0.263778398,D+1.77@@1.77,16,D+
Lake Research Partners/The Tarrance Group,A/B@@4,-0.263399591,R+0.60@@-.6,33,R+
Elon University,A/B@@4,-0.255793167,D+0.36@@.36,8,D+
National Research,A/B@@4,-0.245388208,R+0.35@@-.35,15,R+
Abt Associates,A/B@@4,-0.234923395,D+0.67@@.67,13,D+
Pharos Research Group,F@@16,-0.232699903,D+0.68@@.68,33,D+
University of California Berkeley,A/B@@4,-0.227963294,D+0.32@@.32,8,D+
Strategic Vision LLC,F@@16,-0.218589812,R+1.41@@-1.41,133,R+
GfK Group,A/B@@4,-0.21582339,D+0.19@@.19,21,D+
Quinnipiac University,B+@@5,-0.211843544,D+0.59@@.59,229,D+
Dittman Research,A/B@@4,-0.203498046,D+0.81@@.81,10,D+
Temple University,A/B@@4,-0.201141447,R+0.17@@-.17,6,R+
Michigan State University,A/B@@4,-0.188379522,R+0.04@@-.04,2,R+
Selzer,B+@@5,-0.18349545,D+1.27@@1.27,59,D+
Franklin & Marshall College,A/B@@4,-0.183290975,D+0.56@@.56,25,D+
KRC Research,A/B@@4,-0.17870694,D+0.07@@.07,22,D+
"Fabrizio, Lee & Associates",A/B@@4,-0.171271978,R+0.30@@-.3,11,R+
Florida Atlantic University/Mainstreet Research,B+@@5,-0.161201152,D+1.36@@1.36,25,D+
RKM Research and Communications Inc.,A/B@@4,-0.160571084,R+0.11@@-.11,35,R+
North Star Opinion Research,A/B@@4,-0.137982462,R+0.63@@-.63,13,R+
Gallup,B+@@5,-0.127171183,R+0.57@@-.57,84,R+
Saint Anselm College,A/B@@4,-0.109702797,R+0.28@@-.28,14,R+
Public Religion Research Institute,A/B@@4,-0.10913949,D+0.01@@.01,1,D+
Vox Populi Polling,A/B@@4,-0.106744982,D+0.33@@.33,19,D+
Public Opinion Strategies/Hamilton Campaigns (Texas Credit Union League),A/B@@4,-0.100986911,¬±0.00@@0,2,¬±
KAConsulting,A/B@@4,-0.10086414,R+1.67@@-1.67,12,R+
Wirthlin Worldwide,A/B@@4,-0.099488852,R+0.13@@-.13,4,R+
University of Arkansas,A/B@@4,-0.094377048,D+0.90@@.9,10,D+
Glengariff Group,A/B@@4,-0.093957976,D+0.84@@.84,16,D+
Belden Russonello,A/B@@4,-0.083268901,D+0.04@@.04,3,D+
Indiana University,A/B@@4,-0.082500909,D+0.02@@.02,2,D+
Knowledge Networks,A/B@@4,-0.079682033,D+0.25@@.25,4,D+
Louis Harris & Associates,A/B@@4,-0.064741504,D+0.01@@.01,2,D+
RAND (American Life Panel),A/B@@4,-0.059736843,D+0.13@@.13,4,D+
EPIC-MRA,B+@@5,-0.053924547,D+0.22@@.22,58,D+
Lake Research Partners,A/B@@4,-0.048161038,D+0.65@@.65,12,D+
University of Florida,A/B@@4,-0.043115784,D+0.03@@.03,1,D+
InsiderAdvantage,B+@@5,-0.040578664,D+0.32@@.32,208,D+
Ohio State University,A/B@@4,-0.03916242,R+0.04@@-.04,1,R+
Gordon S. Black Corp.,A/B@@4,-0.039073258,R+0.11@@-.11,2,R+
Rasmussen Reports,B+@@5,-0.027597543,R+1.35@@-1.35,797,R+
Pew Research Center,A/B@@4,-0.024272961,D+0.63@@.63,25,D+
Public Policy Polling,B+@@5,-0.012879914,D+0.88@@.88,468,D+
Pan Atlantic Research,A/B@@4,-0.007674563,D+0.61@@.61,17,D+
Polling Company/Global Strategy Group,A/B@@4,-0.002107718,R+0.16@@-.16,4,R+
GQR Research/Public Opinion Strategies,A/B@@4,-0.001111149,D+0.10@@.1,1,D+
Harvard University,B/C@@8,0.000789725,D+0.08@@.08,1,D+
Fleming & Associates,B/C@@8,0.010084469,R+0.48@@-.48,18,R+
RRH Elections,B/C@@8,0.0109236,R+0.26@@-.26,15,R+
WPA Intelligence,B/C@@8,0.017962924,R+0.80@@-.8,20,R+
Leger,B/C@@8,0.024747139,D+0.25@@.25,13,D+
Florida Atlantic University,B/C@@8,0.030092559,D+0.51@@.51,9,D+
University of Cincinnati (Ohio Poll),B/C@@8,0.047370641,R+1.09@@-1.09,39,R+
SEA Polling & Strategic Design,B/C@@8,0.05496173,D+0.45@@.45,14,D+
Harper Polling,B/C@@8,0.055531173,D+0.39@@.39,14,D+
Research Co.,B@@6,0.062708374,D+1.43@@1.43,85,D+
East Carolina University,B/C@@8,0.071553576,D+1.32@@1.32,18,D+
Harstad Strategic Research,B/C@@8,0.073412505,D+0.49@@.49,11,D+
Blueprint Polling,B/C@@8,0.076826917,R+0.52@@-.52,8,R+
New England College Polling Center,B/C@@8,0.077732368,R+1.03@@-1.03,19,R+
Praecones Analytica,B/C@@8,0.077756556,R+0.11@@-.11,5,R+
Ciruli Associates,B/C@@8,0.082152138,R+0.53@@-.53,20,R+
Clemson University,B/C@@8,0.083377544,D+0.02@@.02,8,D+
J.L. Partners,B/C@@8,0.084877613,D+0.39@@.39,10,D+
Mellman Group,B/C@@8,0.092851716,D+1.69@@1.69,28,D+
St. Norbert College,B/C@@8,0.097996065,R+0.01@@-.01,12,R+
Strategies 360,B/C@@8,.1014660616533597,D+1.15@@1.15,9,D+
Blum & Weprin Associates,B/C@@8,.1070339017687461,R+0.55@@-.55,19,R+
Lee Business School (University of Nevada Las Vegas),B/C@@8,.1076475079717744,D+0.14@@.14,5,D+
YouGov,B@@6,.1085463038680609,D+1.08@@1.08,521,D+
Ward Research,B/C@@8,.1175893765517282,R+0.33@@-.33,15,R+
Landmark Communications/Rosetta Stone Communications,B/C@@8,.1195130738793987,D+1.05@@1.05,11,D+
Middle Tennessee State University,B/C@@8,.1371755995671262,D+0.43@@.43,5,D+
Civiqs,B@@6,.1403646767658202,D+2.83@@2.83,43,D+
Research 2000,F@@16,.1444901251845647,D+1.19@@1.19,278,D+
University of Georgia,B/C@@8,.1461004298607777,D+0.05@@.05,7,D+
Clarity Campaign Labs,B/C@@8,.1629707327536213,D+1.23@@1.23,16,D+
Yankelovich Partners Inc.,B/C@@8,.1655988641117485,R+0.03@@-.03,7,R+
Trafalgar Group,B@@6,.1751368805157257,R+1.88@@-1.88,143,R+
Wick,B/C@@8,.1797524267261111,R+1.19@@-1.19,16,R+
Redfield & Wilton Strategies,B@@6,.1895721619643527,D+2.28@@2.28,45,D+
Ipsos,B@@6,0.191149459,D+1.89@@1.89,116,D+
RMG Research,B@@6,.1936110888821709,D+3.25@@3.25,28,D+
Keating Research,B/C@@8,.1951397953029278,D+0.17@@.17,6,D+
Starboard Communications,B/C@@8,0.218866665,D+0.29@@.29,4,D+
co/efficient,B@@6,.2191205993673378,R+2.69@@-2.69,24,R+
GBAO,B/C@@8,.2399983824632784,D+1.36@@1.36,14,D+
Big Village,B@@6,.2403419598071089,D+0.22@@.22,107,D+
Strategic National,B/C@@8,.2412792345269529,D+0.34@@.34,4,D+
Pasquines,B/C@@8,.2531717767323707,D+0.06@@.06,4,D+
Ragnar Research Partners,B/C@@8,.2574739436819722,D+0.24@@.24,3,D+
RBI Strategies & Research,B/C@@8,.2652443218630188,D+0.28@@.28,4,D+
Impact Research,B/C@@8,.2658934386033994,D+1.32@@1.32,22,D+
Patriot Polling,B@@6,.2737277558605181,R+0.40@@-.4,22,R+
CVOTER,B/C@@8,.2738781432527518,R+0.19@@-.19,6,R+
Market Shares Corp.,B/C@@8,.2929762025811929,R+0.90@@-.9,25,R+
Optimus Analytics,B/C@@8,.2936104013976805,R+0.48@@-.48,17,R+
Benenson Strategy Group,B/C@@8,.2942633547914714,D+1.04@@1.04,12,D+
Spry Strategies,B/C@@8,.2960842490480496,R+0.35@@-.35,5,R+
ROI Rocket,B/C@@8,.2983035627113472,¬±0.00@@0,3,¬±
Cardinal Point Analytics (CardinalGPS),B/C@@8,.2983035627113472,R+0.28@@-.28,3,R+
State Navigate,B/C@@8,.3111750313452639,R+0.25@@-.25,2,R+
Lucid,B/C@@8,.3112131641134203,D+1.67@@1.67,25,D+
University of South Alabama,B/C@@8,.3154287282947804,R+0.33@@-.33,9,R+
Frederick Polls,B/C@@8,.3289736486825861,D+0.55@@.55,8,D+
Axis Research,B/C@@8,.3321249179245901,R+0.10@@-.1,2,R+
"Fabrizio, Lee & Associates/GBAO",B/C@@8,.3321249179245901,R+0.11@@-.11,2,R+
Edgewater Research/My People Vote,B/C@@8,0.337814929,R+0.05@@-.05,3,R+
Kiley & Company,B/C@@8,.3398750495106631,D+0.31@@.31,5,D+
University of Washington,B/C@@8,.3406141886837432,D+0.04@@.04,9,D+
Maine People's Resource Center,B/C@@8,.3465238452088006,D+0.10@@.1,14,D+
RT Strategies,B/C@@8,.3469215954823974,D+0.84@@.84,45,D+
David Binder Research,B/C@@8,.3556934572610776,D+0.07@@.07,3,D+
Louisville Courier-Journal,B/C@@8,.3602069446472504,R+0.17@@-.17,10,R+
Ogden & Fry,B/C@@8,.3608389198429793,R+0.01@@-.01,3,R+
Riley Research Associates,B/C@@8,.3636426131135327,R+0.06@@-.06,7,R+
Market Research Institute Inc.,B/C@@8,.3638696531933646,D+0.08@@.08,11,D+
BSP Research/Shaw & Company Research,B/C@@8,.3705297516166898,R+0.07@@-.07,2,R+
Schoen Cooperman Research,B/C@@8,.3804989010014643,R+0.02@@-.02,2,R+
Gravis Marketing/Kaplan Strategies,B-@@7,.3807764067576409,D+1.30@@1.3,158,D+
Tufts University,B/C@@8,.3902867196578809,D+0.37@@.37,3,D+
DFM Research,B/C@@8,.3927558320125616,D+1.22@@1.22,10,D+
Iowa State University,B/C@@8,.3946777958206021,¬±0.00@@0,3,¬±
Financial Dynamics,B/C@@8,.3968630281736827,R+0.34@@-.34,15,R+
McKeon & Associates,B/C@@8,.3988723659715184,D+0.15@@.15,3,D+
Latino Decisions,B/C@@8,.4046046012648271,D+0.17@@.17,2,D+
Richard Day Research,B/C@@8,.4046739730562681,R+0.35@@-.35,11,R+
Alabama State University,B/C@@8,0.404936121,¬±0.00@@0,4,¬±
Tulchin Research,B/C@@8,.4055769187412905,R+0.06@@-.06,3,R+
Keating Research/OnSight Public Affairs/Melanson,B/C@@8,.4199218210586147,R+0.09@@-.09,3,R+
University of New Orleans,B/C@@8,.4295883966732276,D+0.27@@.27,13,D+
Cherry Communications,B/C@@8,0.43038495,D+0.36@@.36,8,D+
BK Strategies,B/C@@8,0.431796561,D+0.31@@.31,3,D+
Orion Strategies,B/C@@8,.4327882789755192,D+0.08@@.08,4,D+
John Zogby Strategies,B/C@@8,.4328517675564544,D+0.39@@.39,4,D+
Zogby Analytics,B-@@7,.4330101857161881,R+0.59@@-.59,495,R+
Winthrop University,B/C@@8,.4330458324799157,D+0.00@@0,3,D+
DCCC,B/C@@8,.4371890211775606,D+1.60@@1.6,10,D+
JMC Analytics,B/C@@8,.4378213580435186,R+0.65@@-.65,13,R+
Focaldata,B/C@@8,.4396657323065092,D+1.30@@1.3,9,D+
OpinionWorks,B/C@@8,.4398703365263127,R+0.48@@-.48,7,R+
GS Strategy Group,B/C@@8,.4399179314720033,R+0.33@@-.33,2,R+
IVR Polls,B/C@@8,.4437314596273083,¬±0.00@@0,4,¬±
Google Consumer Surveys,B/C@@8,0.447155332,R+0.08@@-.08,24,R+
OnPoint,B/C@@8,.4495536581089301,D+0.02@@.02,6,D+
MSR Group,B/C@@8,.4511857521727589,D+0.08@@.08,6,D+
Marshall Marketing,B/C@@8,0.453767832,R+0.16@@-.16,4,R+
High Point University,B/C@@8,.4541815373588345,D+0.00@@0,5,D+
Southern Media & Opinion Research,B/C@@8,.4551715900968132,D+0.07@@.07,7,D+
Wiese Research Associates,B/C@@8,.4569208562158247,D+0.74@@.74,7,D+
Harris Insights & Analytics,B-@@7,.4594942459102552,R+1.05@@-1.05,193,R+
Global Strategy Group,B/C@@8,.4606950552531283,D+1.61@@1.61,26,D+
Master Image,B/C@@8,.4613210705480452,¬±0.00@@0,2,¬±
Douglas Fulmer & Associates,B/C@@8,.4613210705480452,¬±0.00@@0,2,¬±
Meeting Street Insights,B/C@@8,.4614216662181567,D+0.55@@.55,5,D+
Dan Jones & Associates,B/C@@8,.4619806696551449,D+0.76@@.76,40,D+
AYTM,B/C@@8,.4624315907855585,D+0.52@@.52,4,D+
Missouri State University,B/C@@8,0.466397972,D+0.23@@.23,3,D+
,B/C@@8,.4680714278565658,R+0.19@@-.19,1,R+
Northern Arizona University,B/C@@8,.4723632329133634,R+0.18@@-.18,4,R+
PSB Research,B/C@@8,.4730391771311296,D+1.89@@1.89,19,D+
MWR Strategies,B/C@@8,.4742606323325834,R+0.03@@-.03,2,R+
Potomac Incorporated,B/C@@8,.4772873676328988,R+0.23@@-.23,8,R+
University of Wisconsin (Madison),B/C@@8,.4791509083609874,D+0.53@@.53,8,D+
Torchlight Strategies,B/C@@8,.4797192316451072,¬±0.00@@0,1,¬±
Gotham Polling & Analytics,B/C@@8,.4797192316451072,R+0.17@@-.17,1,R+
M3 Strategies,B/C@@8,.4797192316451072,R+0.16@@-.16,1,R+
Basswood Research,B/C@@8,.4800731324977638,R+0.16@@-.16,4,R+
APC Research,B/C@@8,.4847047330994249,D+0.13@@.13,2,D+
Voter/Consumer Research,B/C@@8,.4872945647622701,R+0.07@@-.07,8,R+
CJ&N,B/C@@8,.4901597755226179,D+0.07@@.07,3,D+
Stetson University,B/C@@8,.4902541868839421,D+1.37@@1.37,4,D+
El Nuevo D√É¬≠a/The Research Office,B/C@@8,.4913708564052568,¬±0.00@@0,4,¬±
Moore Information Group,B/C@@8,.4929682576062893,R+1.56@@-1.56,18,R+
Ethridge & Associates LLC,B/C@@8,.5007091916647537,R+0.04@@-.04,6,R+
Fabrizio Lee & Associates/Impact Research,B/C@@8,.5008590116425011,D+0.03@@.03,1,D+
CWS Research,B/C@@8,0.50151003,R+0.00@@0,1,R+
The Tyson Group,B/C@@8,.5028000099362667,D+0.09@@.09,14,D+
MFour Mobile Research,B/C@@8,.5052320006997842,R+0.13@@-.13,2,R+
Big Ten,B/C@@8,.5054256257335681,D+0.63@@.63,10,D+
Montana State University Billings,B/C@@8,.5060931393703133,D+1.62@@1.62,11,D+
Big Data Poll,F@@16,.5079808089912001,R+0.34@@-.34,6,R+
Slingshot Strategies,B/C@@8,.5110362329909064,D+0.35@@.35,2,D+
Market Decisions Research,B/C@@8,.5113303997687173,R+0.05@@-.05,4,R+
Magellan Strategies,B/C@@8,.5161272154773524,R+0.38@@-.38,18,R+
University of Massachusetts (Amherst),B/C@@8,.5161897478592068,R+0.12@@-.12,11,R+
American Viewpoint,B/C@@8,.5172785934185955,R+0.54@@-.54,9,R+
NewsNation,B/C@@8,.5193141393263673,D+0.07@@.07,1,D+
Blumenthal Research Daily,F@@16,.5193524204984581,R+0.12@@-.12,2,R+
Park Street Strategies,B/C@@8,.5193885163873075,¬±0.00@@0,1,¬±
Data Targeting,B/C@@8,.5193885163873075,R+0.16@@-.16,1,R+
Braun Research,B/C@@8,.5240507321756481,D+0.91@@.91,6,D+
Virginia Commonwealth University,B/C@@8,.5261335519451286,D+0.05@@.05,8,D+
Targoz Market Research,B-@@7,.5281471925545105,D+1.31@@1.31,26,D+
Bendixen & Amandi International,B/C@@8,.5285190355923216,D+0.09@@.09,2,D+
Strategic Research Associates,B/C@@8,.5310193703445233,D+0.30@@.3,5,D+
Global Strategy Group/National Research (Philadelphia Inquirer),B/C@@8,.5329647752221777,R+0.23@@-.23,4,R+
Mason Strategies,B/C@@8,.5356019677841505,D+0.07@@.07,1,D+
1892 Polling,B/C@@8,.5356019677841505,R+0.02@@-.02,1,R+
Rethink Priorities,F@@16,0.535840966,D+0.29@@.29,2,D+
Pacific Market Research,B/C@@8,.5373529071180947,R+0.50@@-.5,2,R+
Scripps Howard,B/C@@8,.5416612438393752,R+0.11@@-.11,5,R+
National Public Affairs,B/C@@8,.5427197034635117,D+0.01@@.01,1,D+
The Polling Company Inc./National Research Inc.,B/C@@8,.5429249428508427,R+0.09@@-.09,1,R+
CSP Polling,F@@16,.5429249428508427,D+0.08@@.08,1,D+
Forward Strategies,B/C@@8,0.543288044,D+0.05@@.05,2,D+
Personal Marketing Research,B/C@@8,.5437522242322865,¬±0.00@@0,3,¬±
University of Houston,B/C@@8,0.549767384,¬±0.00@@0,1,¬±
Targeted Persuasion,B/C@@8,0.549767384,¬±0.00@@0,1,¬±
Singularis Group,B/C@@8,0.549767384,R+0.02@@-.02,1,R+
IMGE Insights,B/C@@8,.5507504071436469,R+0.40@@-.4,2,R+
KG Polling,F@@16,.5521067865146185,D+0.15@@.15,2,D+
"Drake Research & Strategy, Inc.",B/C@@8,.5530311248388866,R+0.01@@-.01,8,R+
University of Southern California,B/C@@8,.5540828339695406,D+1.27@@1.27,13,D+
Purple Strategies,B/C@@8,.5557084155476847,R+0.26@@-.26,4,R+
Columbus Dispatch,B/C@@8,.5563925992890369,D+0.80@@.8,22,D+
University of Wisconsin-Milwaukee,B/C@@8,.5568805690092226,R+0.05@@-.05,3,R+
Remington Research Group,B-@@7,.5569083217873609,D+1.28@@1.28,55,D+
Jim Meader (KELOLAND-TV),B/C@@8,.5583666840393515,D+0.19@@.19,4,D+
Washington College,B/C@@8,.5600538551847064,D+0.23@@.23,1,D+
Richmond Times-Dispatch,B/C@@8,.5603610380888688,D+0.12@@.12,4,D+
Behavior Research Center (Rocky Mountain Poll),B/C@@8,.5606636918632275,D+0.34@@.34,7,D+
SoCal Research,B/C@@8,.5609295220101961,R+0.68@@-.68,2,R+
Mercyhurst University,B/C@@8,.5621270980602737,R+0.02@@-.02,1,R+
Odney,B/C@@8,.5621270980602737,D+0.05@@.05,1,D+
Montgomery Research,B/C@@8,.5622172042913469,R+0.24@@-.24,1,R+
Thirty-Ninth Street Strategies,B/C@@8,.5628957128058493,R+0.07@@-.07,1,R+
University of Tennessee,B/C@@8,.5646744328089763,R+0.07@@-.07,2,R+
University of New Hampshire,B-@@7,.5651936783278549,D+2.05@@2.05,150,D+
Diamond State Consulting Group,B/C@@8,.5656071437577919,D+0.10@@.1,1,D+
GreatBlue Research,B/C@@8,.5657427465889232,R+0.02@@-.02,2,R+
Market Solutions Group,B/C@@8,.5686621510405386,R+0.00@@0,4,R+
Reconnect Research/Probolsky Research,B/C@@8,.5695308248876961,R+0.13@@-.13,2,R+
Frank N. Magid Associates Inc.,B/C@@8,.5697103016243761,D+0.34@@.34,5,D+
Myers Research & Strategic Services,B/C@@8,.5716205566810143,D+0.11@@.11,2,D+
Valley Research,B/C@@8,.5723418343167394,D+0.32@@.32,8,D+
Quest Research Group,B/C@@8,.5728251875343965,R+0.10@@-.1,5,R+
Garin-Hart-Yang/Global Strategy Group,B/C@@8,0.572898841,R+0.02@@-.02,1,R+
DHM Research,B/C@@8,.5729474878010811,R+0.07@@-.07,14,R+
West Chester University,B/C@@8,.5735661599941877,D+0.08@@.08,7,D+
The Polling Company Inc.,B/C@@8,.5737111513644862,R+0.85@@-.85,7,R+
Manhattanville College,B/C@@8,0.575016016,R+0.13@@-.13,3,R+
The Citadel,B/C@@8,.5754920363559316,D+0.30@@.3,3,D+
Franklin Pierce University,B/C@@8,0.575830198,D+0.58@@.58,17,D+
JMC Analytics/Bold Blue Campaigns,B/C@@8,.5779349719292254,R+0.84@@-.84,5,R+
Seven Letter Insight,B/C@@8,.5788276018294816,D+0.12@@.12,1,D+
Baruch College Survey Research,B/C@@8,.5804492990574481,¬±0.00@@0,2,¬±
Crantford Research,B/C@@8,0.58227719,D+0.05@@.05,1,D+
Rivercity Polling,B/C@@8,0.58227719,R+0.13@@-.13,1,R+
Victory Research,B/C@@8,.5839602619357528,D+0.26@@.26,11,D+
Lincoln Institute,B/C@@8,.5842077215304722,R+0.08@@-.08,2,R+
Centre College,B/C@@8,.5866383995130073,D+0.12@@.12,1,D+
Florida International University/Univision,B/C@@8,.5904352374501879,D+0.03@@.03,1,D+
Penta,B/C@@8,.5910199581481042,R+0.13@@-.13,1,R+
Becker Institute,B/C@@8,.5947729530719543,D+0.27@@.27,5,D+
War Room Logistics,B/C@@8,.5962440922570569,¬±0.00@@0,1,¬±
Zimmerman & Associates/Marketing Intelligence,B/C@@8,.5962979866657118,D+0.15@@.15,3,D+
Cromer Group,B/C@@8,.6026505719570038,R+0.06@@-.06,1,R+
Canisius College,B/C@@8,.6036860050308261,¬±0.00@@0,1,¬±
Central Surveys Inc.,B/C@@8,.6036860050308261,D+0.02@@.02,1,D+
Morningside College,B/C@@8,.6044348249278391,¬±0.00@@0,1,¬±
OurProgress (The Progress Campaign),F@@16,0.605332728,¬±0.00@@0,1,¬±
Wood Communications Group,B/C@@8,.6063395143316589,D+0.02@@.02,1,D+
BIGresearch,B/C@@8,.6064543847500333,R+0.02@@-.02,1,R+
Escalent,B/C@@8,.6090334538846331,R+0.01@@-.01,1,R+
Cooper & Secrest,B/C@@8,.6090334538846331,R+0.03@@-.03,1,R+
Minneapolis Star Tribune,B/C@@8,0.610155111,D+0.62@@.62,14,D+
Analytical Group,B/C@@8,.6117513372596594,D+0.04@@.04,1,D+
Rossman Group,B/C@@8,.6131619150587514,D+0.08@@.08,1,D+
Dynamics Marketing,B/C@@8,.6136734800718847,D+0.03@@.03,1,D+
Vox Populi Communications,B/C@@8,.6136734800718847,¬±0.00@@0,1,¬±
Diversified Research Inc,B/C@@8,.6136734800718847,R+0.05@@-.05,1,R+
QEV Analytics,B/C@@8,.6167169155629852,¬±0.00@@0,1,¬±
Southeastern Louisiana University,B/C@@8,.6174263811077061,D+0.07@@.07,8,D+
Wick Communications,B/C@@8,.6175456849236206,D+0.04@@.04,1,D+
"Lauer, Lalley, Victoria",B/C@@8,.6176979238981738,R+0.01@@-.01,1,R+
HighGround Inc.,B/C@@8,.6177298394527642,R+0.09@@-.09,6,R+
CallFire,B/C@@8,.6192010451541849,R+0.34@@-.34,4,R+
Market Trends Pacific,B/C@@8,.6194172001222206,D+0.05@@.05,1,D+
Paradigm,B/C@@8,.6218749840186563,D+0.37@@.37,2,D+
Triumph Campaigns,B/C@@8,.6221348723560491,R+0.12@@-.12,1,R+
Neighborhood Research and Media,B/C@@8,.6226697233373198,R+0.04@@-.04,3,R+
20/20 Insight,B/C@@8,.6245318101310146,D+0.41@@.41,8,D+
Victoria Research & Consulting,B/C@@8,0.627950402,D+0.10@@.1,1,D+
Jorge Ben√É¬≠tez,B/C@@8,.6291376330740794,¬±0.00@@0,4,¬±
Strategy Research,B/C@@8,.6305079035016393,R+0.39@@-.39,2,R+
Iona University,B/C@@8,.6313801817508452,D+0.09@@.09,1,D+
ASA Marketing Group,B/C@@8,.6319642826833585,D+0.08@@.08,1,D+
Dartmouth College,B/C@@8,0.632384181,¬±0.00@@0,3,¬±
African American Research Collaborative,B/C@@8,0.632749383,D+0.12@@.12,1,D+
TargetSmart,B/C@@8,.6335359308846156,D+0.45@@.45,3,D+
New Mexico State University,B/C@@8,.6337166237810974,¬±0.00@@0,1,¬±
Probolsky Research,B/C@@8,.6338302104276158,R+0.53@@-.53,3,R+
NRECA Market Research,B/C@@8,.6341253646230212,D+0.05@@.05,1,D+
Beacon Research,B/C@@8,.6356269027753156,¬±0.00@@0,5,¬±
Clarus Research Group,B/C@@8,.6357480808579152,D+0.23@@.23,3,D+
Deltapoll,B/C@@8,.6374732597042888,D+0.24@@.24,1,D+
Old Dominion University,B/C@@8,.6408866370449263,D+0.11@@.11,1,D+
West Virginia Research Center,B/C@@8,.6412198215891711,D+0.12@@.12,2,D+
Dixie Strategies,B/C@@8,.6418733346536867,R+0.90@@-.9,11,R+
Rice University,B/C@@8,.6422602098888417,D+0.13@@.13,2,D+
Alloy Analytics,B/C@@8,.6424322590108127,R+0.21@@-.21,1,R+
Illinois Wesleyan University,B/C@@8,.6432081700151319,R+0.25@@-.25,3,R+
Multi-Quest International,B/C@@8,.6432976661737133,R+0.00@@0,4,R+
Independent Market Research,B/C@@8,.6449170153195891,D+0.09@@.09,2,D+
Global Strategy Group/GBAO (Navigator Research),B/C@@8,.6473057424344295,D+0.82@@.82,4,D+
Aspen Media & Market Research,B/C@@8,.6480592453056965,R+0.00@@0,3,R+
The Florida Poll,B/C@@8,.6488807916405568,D+0.21@@.21,5,D+
Marketing Research Institute,B/C@@8,.6494916437298889,R+0.08@@-.08,1,R+
Dynata,B/C@@8,.6500340729097882,¬±0.00@@0,2,¬±
Merrill Poll,B/C@@8,.6500863197751482,¬±0.00@@0,2,¬±
SmithJohnson Opinion Research,B/C@@8,.6521391406442256,R+0.15@@-.15,1,R+
Harper Polling/Clarity Campaign Labs,B/C@@8,.6565816601100843,D+0.26@@.26,1,D+
CrossTarget,B/C@@8,.6605120680074315,R+0.30@@-.3,2,R+
TMR Research,B/C@@8,.6605165623782525,D+0.13@@.13,2,D+
Hellenthal & Associates,B/C@@8,.6609466419357931,D+0.29@@.29,5,D+
Data for Progress,C+@@9,.6627223425357494,D+1.59@@1.59,114,D+
Howey Politics/DePauw University,B/C@@8,.6644449132038261,D+0.07@@.07,7,D+
A&A Research,B/C@@8,.6664743818363909,R+0.11@@-.11,1,R+
Premise,B/C@@8,.6668246565803484,D+0.21@@.21,1,D+
Decision Forecasting,B/C@@8,.6671745409929989,R+0.04@@-.04,3,R+
Feldman Group,B/C@@8,.6680600254297233,D+0.16@@.16,2,D+
American Pulse Research & Polling,B/C@@8,.6701624273711058,D+0.41@@.41,2,D+
St. Pete Polls,C+@@9,0.671787003,D+0.69@@.69,31,D+
"California State University, Bakersfield",B/C@@8,.6756994073575777,R+0.10@@-.1,1,R+
Southern Opinion Research,B/C@@8,.6764961727145687,D+0.01@@.01,2,D+
Sky Research,B/C@@8,.6765071578316633,R+0.28@@-.28,1,R+
University of Nevada Las Vegas,B/C@@8,.6767334302827684,¬±0.00@@0,1,¬±
Swayable,C+@@9,.6781998536910047,D+3.80@@3.8,89,D+
Detroit Free Press,B/C@@8,.6788043479203075,D+0.10@@.1,1,D+
University of Illinois at Chicago,B/C@@8,.6795731247022309,R+0.12@@-.12,1,R+
Southern Research Group,B/C@@8,.6808782741579315,D+0.09@@.09,1,D+
Great Lakes Strategies Group,B/C@@8,.6859259606676648,R+0.15@@-.15,1,R+
Public Strategies Inc.,B/C@@8,.6865026277237897,¬±0.00@@0,6,¬±
University of North Carolina,B/C@@8,.6866317051578014,D+0.16@@.16,1,D+
Tulsa Surveys,B/C@@8,.6873575022047053,R+0.10@@-.1,1,R+
Abacus Associates,B/C@@8,.6873724628162662,D+0.13@@.13,2,D+
Kimball Political Consulting,B/C@@8,.6880856969976318,R+0.77@@-.77,6,R+
MarketAide Services Inc.,B/C@@8,.6882815429165214,D+0.12@@.12,1,D+
MarblePort,B/C@@8,.6892492793510961,R+0.30@@-.3,2,R+
Liberty Opinion Research,B/C@@8,.6893874514170751,¬±0.00@@0,1,¬±
Opinion Consultants,B/C@@8,.6920569295163859,R+0.19@@-.19,2,R+
Hill Research Consultants,B/C@@8,.6934928346191757,R+0.14@@-.14,6,R+
SocialSphere,B/C@@8,0.693613796,R+0.31@@-.31,2,R+
Forman Center,B/C@@8,0.693750323,D+0.18@@.18,2,D+
TeleResearch Corporation,B/C@@8,.6950679701097603,¬±0.00@@0,1,¬±
Hays Research Group,B/C@@8,.6951460521149734,D+0.74@@.74,9,D+
"Normington, Petts & Associates",B/C@@8,.6953235274508357,D+0.69@@.69,12,D+
Arthur J. Finkelstein & Associates,B/C@@8,.6956737722620416,R+0.15@@-.15,1,R+
Bannon Communications Research,B/C@@8,.6959792065542812,D+0.25@@.25,2,D+
Patinkin Research Strategies,B/C@@8,.6971600961586135,D+0.76@@.76,4,D+
SMS Research & Marketing Services,B/C@@8,.6991686665318562,R+0.13@@-.13,1,R+
Baselice & Associates,B/C@@8,.7008241702722111,D+0.23@@.23,2,D+
GaPundit.com,B/C@@8,.7012095153301435,D+0.42@@.42,2,D+
Zata3,B/C@@8,.7025312583562335,R+0.15@@-.15,2,R+
Castleton University,B/C@@8,.7028432057110321,¬±0.00@@0,3,¬±
Glover Park Group,B/C@@8,.7076347086251523,R+0.26@@-.26,1,R+
Ed Renwick/Loyola University New Orleans,B/C@@8,.7125409034499397,D+0.70@@.7,10,D+
Hoffman Research Group,B/C@@8,.7156007005126146,R+0.55@@-.55,3,R+
LIT Data,B/C@@8,.7194129856513083,¬±0.00@@0,4,¬±
Auburn University,B/C@@8,.7205962920041318,D+0.61@@.61,2,D+
Morning Consult,C+@@9,.7237042505969115,D+3.37@@3.37,114,D+
Jeffrey Stonecash,B/C@@8,.7240929180605518,R+0.17@@-.17,1,R+
Lycoming College Polling Institute,B/C@@8,.7255160590605791,D+0.37@@.37,3,D+
PSI,B/C@@8,0.728670141,R+0.03@@-.03,3,R+
Ohio University,B/C@@8,.7291621749476238,D+0.26@@.26,2,D+
The Kitchens Group,B/C@@8,0.730399077,D+0.19@@.19,1,D+
Neighbor,B/C@@8,.7313185367348174,R+0.14@@-.14,1,R+
Lester & Associates,B/C@@8,.7327243059333063,¬±0.00@@0,1,¬±
Cometrends,B/C@@8,.7342896118954849,D+0.30@@.3,1,D+
Rainmaker Media Group,B/C@@8,.7344914433995652,D+0.21@@.21,1,D+
Gonzales Research & Marketing Strategies Inc.,B/C@@8,.7366196500561638,R+0.51@@-.51,10,R+
Lauer Johnson Research,B/C@@8,0.737509642,D+0.20@@.2,1,D+
brilliant corners Research & Strategies,B/C@@8,.7377068216349361,D+0.49@@.49,1,D+
Consumer Logic,B/C@@8,.7388793371084728,D+0.23@@.23,2,D+
Gazette Communications,B/C@@8,.7406259946771372,D+0.18@@.18,2,D+
Overtime Politics,F@@16,.7410088660291455,¬±0.00@@0,12,¬±
University of Colorado (Boulder),B/C@@8,.7414962069238031,D+0.39@@.39,2,D+
St. Cloud State University,B/C@@8,.7418903787973817,D+1.53@@1.53,17,D+
Change Research,C+@@9,.7422105280073152,D+2.68@@2.68,115,D+
University of Texas at Tyler,B/C@@8,.7425415553681406,D+0.77@@.77,10,D+
Minnesota State University,B/C@@8,.7479330718701679,D+0.35@@.35,4,D+
Y2 Analytics,B/C@@8,0.749424316,D+1.08@@1.08,8,D+
A2 Insights,B/C@@8,0.750909158,R+0.89@@-.89,2,R+
Univision/Latino Decisions/North Star Opinion Research,B/C@@8,.7514602058131709,D+1.06@@1.06,7,D+
Data West Polling,B/C@@8,.7540306868525728,D+0.29@@.29,2,D+
WCIA-TV,B/C@@8,0.75651325,R+0.30@@-.3,2,R+
Datamar Analytics,B/C@@8,.7573309398915029,R+0.21@@-.21,8,R+
New Frontier Strategy,B/C@@8,.7600369206074759,¬±0.00@@0,2,¬±
University of Alabama at Birmingham,B/C@@8,.7607518757569003,R+0.26@@-.26,2,R+
Nelson Research,B/C@@8,.7616626793320629,R+0.29@@-.29,1,R+
Digital Research,B/C@@8,.7621951698790091,D+0.10@@.1,21,D+
Bold Decision,B/C@@8,.7638345721299682,D+0.39@@.39,1,D+
VCreek/AMG,B/C@@8,0.765297112,D+0.31@@.31,1,D+
EMC Research,B/C@@8,.7680836916373446,D+1.11@@1.11,15,D+
Hunt Research,B/C@@8,0.768919059,D+0.40@@.4,1,D+
Hickman Analytics,B/C@@8,.7693407964617772,D+0.34@@.34,1,D+
Saguaro Strategies,B/C@@8,.7770328608264232,D+0.30@@.3,2,D+
Consultor√É¬≠a Acad√É¬©mica e Investigaci√É¬≥n Social LLC,B/C@@8,.7788672820112079,¬±0.00@@0,2,¬±
Open Model Project,B/C@@8,.7792046349621581,R+0.43@@-.43,2,R+
RMS Research,B/C@@8,.7799927522298722,D+0.25@@.25,3,D+
Victory Insights,B/C@@8,.7813716964067383,D+0.96@@.96,9,D+
East Tennessee State University,B/C@@8,.7833580736470038,D+0.66@@.66,2,D+
Colby College,B/C@@8,.7836237374845941,D+1.59@@1.59,6,D+
SSRS,C+@@9,.7865518583207964,D+2.78@@2.78,47,D+
Opinium,B/C@@8,.8009120271132464,D+0.56@@.56,2,D+
Zia Poll,B/C@@8,.8023873636735419,R+0.65@@-.65,4,R+
Thomas Partners Strategies/Optimus,B/C@@8,.8026335794625834,R+0.73@@-.73,2,R+
Global Marketing Research Services,B/C@@8,0.803409781,D+0.38@@.38,1,D+
Capital Survey Research Center,B/C@@8,.8050513164159347,D+0.02@@.02,13,D+
The Justice Collaborative Institute,B/C@@8,.8227469758047704,D+0.51@@.51,2,D+
Baydoun Consulting,B/C@@8,.8272914062336414,R+0.75@@-.75,6,R+
Arizona State University,B/C@@8,.8345456426291763,D+0.43@@.43,8,D+
Bluegrass Community and Technical College,B/C@@8,.8369284412160142,D+0.84@@.84,2,D+
Marketing Resource Group (MRG),B/C@@8,.8378601069822912,D+0.25@@.25,10,D+
Phillips Academy,B/C@@8,.8464190471368507,R+0.89@@-.89,7,R+
Victory Enterprises,B/C@@8,.8491131681841283,R+0.39@@-.39,1,R+
GCR & Associates,B/C@@8,.8500293306822738,¬±0.00@@0,1,¬±
Clout Research,B/C@@8,.8505321328643591,R+1.56@@-1.56,16,R+
Brandwatch Qriously,B/C@@8,.8552280886442678,D+0.72@@.72,3,D+
Schapiro Group,B/C@@8,.8668507086326966,¬±0.00@@0,2,¬±
Millersville University,B/C@@8,.8695402548842187,R+0.48@@-.48,5,R+
Miami Univerity,B/C@@8,.8698571012162173,D+0.69@@.69,2,D+
Hampton University,B/C@@8,.8755959506762295,R+0.63@@-.63,4,R+
Bainbridge Media Group,B/C@@8,.8817466935461562,D+0.36@@.36,1,D+
Loras College,B/C@@8,.8971143102180437,D+1.27@@1.27,18,D+
Massie & Associates,B/C@@8,.8973692873159501,R+0.40@@-.4,2,R+
University of Iowa,B/C@@8,.9046359703168112,R+0.24@@-.24,3,R+
Survation,B/C@@8,.9121056394355957,D+0.61@@.61,2,D+
Constituent Dynamics,B/C@@8,.9137487068288143,¬±0.00@@0,7,¬±
DeSales University,B/C@@8,.9240981647988443,D+0.57@@.57,1,D+
Greg Smith & Associates,B/C@@8,.9242638885191735,D+0.72@@.72,5,D+
Cole Hargrave Snodgrass & Associates,B/C@@8,.9291116712774588,D+0.07@@.07,5,D+
Roanoke College,B/C@@8,.9421156207027468,D+0.63@@.63,23,D+
Hendrix College,B/C@@8,.9427575067206728,D+1.79@@1.79,18,D+
Kiaer Research,B/C@@8,.9459263007774878,D+0.81@@.81,2,D+
Marketing Workshop,B/C@@8,.9472239956269507,D+0.26@@.26,8,D+
Momentum Analysis,B/C@@8,.9527516711294661,D+0.28@@.28,3,D+
Craciun Research Group,B/C@@8,.9535996349305835,D+0.58@@.58,1,D+
Western Kentucky University,B/C@@8,.9699859170528125,D+0.70@@.7,4,D+
Market Research Insight,B/C@@8,.9713429683408339,R+0.45@@-.45,27,R+
Citizen Data,B/C@@8,.9858758072695215,D+2.34@@2.34,12,D+
IZQ Strategies,B/C@@8,.9877728516061791,¬±0.00@@0,1,¬±
Truedot,B/C@@8,1.039956598288338,D+0.95@@.95,2,D+
Baldwin Wallace University,B/C@@8,1.044619228361046,D+1.29@@1.29,4,D+
Amber Integrated,B/C@@8,1.062751775,D+1.87@@1.87,8,D+
Quantus Polls and News,B/C@@8,1.067172136,R+1.44@@-1.44,3,R+
BWD Global,B/C@@8,1.083400494074233,R+0.11@@-.11,2,R+
Rutgers University,B/C@@8,1.089606712487071,D+0.97@@.97,19,D+
Repass,B/C@@8,1.093682425141526,D+0.06@@.06,4,D+
We Ask America,C@@10,1.09412656,R+0.78@@-.78,56,R+
Carroll Strategies,B/C@@8,1.100960167079907,R+1.51@@-1.51,5,R+
Glascock Group,B/C@@8,1.114038083107071,D+0.19@@.19,2,D+
Tomahawk Strategies,B/C@@8,1.115790629008157,D+0.78@@.78,1,D+
ccAdvertising,B/C@@8,1.130328402702726,R+2.24@@-2.24,33,R+
Center Street PAC,B/C@@8,1.136593149752133,D+1.55@@1.55,4,D+
Thomas Partners Strategies,B/C@@8,1.140636877977625,R+1.04@@-1.04,2,R+
American Research Group,C@@10,1.140848725968196,D+0.07@@.07,280,D+
Dane & Associates,B/C@@8,1.156886712,R+0.72@@-.72,2,R+
GOP Calls,B/C@@8,1.157485058356481,R+0.81@@-.81,2,R+
Mitchell Research & Communications,C@@10,1.160899781550699,D+0.94@@.94,82,D+
McLaughlin & Associates,B/C@@8,1.162745975742528,R+1.70@@-1.7,29,R+
Meredith College,B/C@@8,1.170447392109057,D+1.05@@1.05,6,D+
Riggs Research Services,B/C@@8,1.170527639035818,D+0.66@@.66,1,D+
FM3 Research,B/C@@8,1.183279947999981,D+1.84@@1.84,11,D+
Saint Leo University Polling Institute,B/C@@8,1.194669073982683,D+1.38@@1.38,6,D+
SoonerPoll.com,B/C@@8,1.195003856996137,D+2.66@@2.66,26,D+
CPEC,B/C@@8,1.202015837927682,¬±0.00@@0,2,¬±
TargetPoint,B/C@@8,1.211846803679715,¬±0.00@@0,2,¬±
University of Minnesota,B/C@@8,1.254728278074399,D+0.43@@.43,10,D+
Elucd,B/C@@8,1.257636595208893,¬±0.00@@0,4,¬±
Target Insyght,B/C@@8,1.259839795055931,R+0.49@@-.49,6,R+
"Island Analytics & Marketing, LLC",B/C@@8,1.268867720939071,¬±0.00@@0,1,¬±
Opinion Research Associates,B/C@@8,1.289729423515461,D+1.61@@1.61,14,D+
Capen Analytics,B/C@@8,1.295152583392523,¬±0.00@@0,1,¬±
Merriman River Group,C/D@@12,1.323132959750452,R+2.76@@-2.76,25,R+
Trafalgar Group/Insider Advantage,C/D@@12,1.323232867070685,R+1.91@@-1.91,3,R+
Brigham Young University,C/D@@12,1.375887130672555,D+1.60@@1.6,4,D+
Triton Polling & Research,C/D@@12,1.386750216672128,D+0.98@@.98,3,D+
University of Wyoming,C/D@@12,1.464777582811727,D+2.22@@2.22,5,D+
RABA Research,C/D@@12,1.472903523157988,D+2.44@@2.44,9,D+
Point Blank Political,C/D@@12,1.498068259807644,¬±0.00@@0,6,¬±
The Political Matrix/The Listener Group,C/D@@12,1.515399329,D+1.45@@1.45,12,D+
SurveyMonkey,D+@@13,1.632810519,D+4.63@@4.63,268,D+
TCJ Research,F@@16,1.647976730103931,R+4.07@@-4.07,132,R+
Brown University,C/D@@12,1.676666498945873,R+0.20@@-.2,14,R+
Indiana University-Purdue University Fort Wayne (Downs Center),C/D@@12,1.770959720020182,¬±0.00@@0,3,¬±
Long Island University,C/D@@12,1.774155617292055,D+1.88@@1.88,4,D+
Nielson Brothers Polling,C/D@@12,2.006297427228952,D+3.05@@3.05,11,D+
Ascend Action,C/D@@12,2.237616547647299,D+3.35@@3.35,6,D+
Jayhawk Consulting Services,C/D@@12,2.297562255,D+2.27@@2.27,2,D+
Fort Hays State University,C/D@@12,2.498997700544478,R+1.10@@-1.1,6,R+
The Dartmouth Poll,C/D@@12,3.689177135226559,D+4.40@@4.4,4,D+