,president,subgroup,pollster,sponsors,startdate,enddate,samplesize,population,weight,influence,tracking,approve,disapprove,net,adjusted_approve,adjusted_disapprove,adjusted_net,url,createddate,timestamp
10,Donald Trump (2nd term),Voters,American Research Group,,7/17/2025,7/20/2025,1006.0, RV,0.8893675,0.8893675,,38.0,59.0,-21.0,40.17081,57.12141,-16.9506,https://americanresearchgroup.com/economy/,7/20/2025,23:00:30 21 Jul 2025
25,Donald Trump (2nd term),Voters,Quinnipiac University,,7/10/2025,7/14/2025,1290.0, RV,1.334559,0.7950771,,40.0,54.0,-14.0,42.57624,52.90287,-10.32663,https://poll.qu.edu/poll-release?releaseid=3928,7/14/2025,23:00:30 21 Jul 2025
32,Donald Trump (2nd term),Voters,Morning Consult,,7/18/2025,7/20/2025,2202.0, RV,0.769073,0.769073,,45.0,52.0,-7.0,44.52874,51.81898,-7.290241,https://pro.morningconsult.com/trackers/donald-trump-congress-policy-republicans-polling,7/20/2025,23:00:30 21 Jul 2025
36,Donald Trump (2nd term),Voters,Echelon Insights,,7/10/2025,7/14/2025,1084.0, LV,1.249564,0.7451416,,45.0,53.0,-8.0,44.67019,52.74187,-8.071682,https://echelonin.wpenginepowered.com/wp-content/uploads/July-2025-Voter-Omnibus-Topline-External.pdf,7/14/2025,23:00:30 21 Jul 2025
56,Donald Trump (2nd term),Voters,Rasmussen Reports,,7/14/2025,7/18/2025,1500.0, LV,0.8261621,0.6765867,True,50.0,48.0,2.0,47.318,49.46945,-2.151451,https://www.rasmussenreports.com/public_content/politics/trump_administration_second_term/trump_approval_index_history_second_term#google_vignette,7/18/2025,23:00:30 21 Jul 2025
58,Donald Trump (2nd term),Voters,RMG Research,Napolitan News Service,7/9/2025,7/16/2025,3000.0, RV,1.050503,0.672181,,52.0,48.0,4.0,48.9307,50.1671,-1.236401,https://napolitannews.org/jobapproval,7/16/2025,23:00:30 21 Jul 2025
65,Donald Trump (2nd term),Voters,YouGov,Economist,7/11/2025,7/14/2025,1506.0, RV,0.9145457,0.5766382,,43.0,54.0,-11.0,43.47718,53.26506,-9.78788,https://d3nkl3psvxxpe9.cloudfront.net/documents/econTabReport_fFL8Pon.pdf,7/14/2025,23:00:30 21 Jul 2025
74,Donald Trump (2nd term),Voters,SSRS,CNN,7/10/2025,7/13/2025,, RV,0.848415,0.5103207,,44.0,56.0,-12.0,44.6489,53.79696,-9.14806,https://s3.documentcloud.org/documents/25999223/cnn-poll-conducted-by-ssrs-trump-approval-policy-and-budget-bill.pdf,7/13/2025,23:00:30 21 Jul 2025
77,Donald Trump (2nd term),Voters,Harris Insights & Analytics,Harvard CAPS,7/6/2025,7/8/2025,2044.0, RV,1.293398,0.4400293,,47.0,49.0,-2.0,45.99707,50.59512,-4.598049,https://harvardharrispoll.com/wp-content/uploads/2025/07/HHP_July2025_Topline.pdf,7/8/2025,23:00:30 21 Jul 2025
93,Donald Trump (2nd term),Voters,Morning Consult,,7/11/2025,7/13/2025,2201.0, RV,0.6439911,0.3634846,,47.0,50.0,-3.0,46.52874,49.81898,-3.290241,https://pro.morningconsult.com/trackers/donald-trump-congress-policy-republicans-polling,7/13/2025,23:00:30 21 Jul 2025
106,Donald Trump (2nd term),Voters,RMG Research,Napolitan News Service,6/30/2025,7/10/2025,3000.0, RV,0.9548698,0.2362292,,50.0,47.0,3.0,46.9307,49.1671,-2.236401,https://napolitannews.org/jobapproval,7/10/2025,23:00:30 21 Jul 2025
111,Donald Trump (2nd term),Voters,Rasmussen Reports,,7/11/2025,7/17/2025,1500.0, LV,0.3382995,0.2361788,True,50.0,48.0,2.0,47.318,49.46945,-2.151451,https://www.rasmussenreports.com/public_content/politics/trump_administration_second_term/trump_approval_index_history_second_term#google_vignette,7/17/2025,23:00:30 21 Jul 2025
115,Donald Trump (2nd term),Voters,YouGov,Economist,7/4/2025,7/7/2025,1389.0, RV,0.7341731,0.2005797,,43.0,54.0,-11.0,43.47718,53.26506,-9.78788,https://d3nkl3psvxxpe9.cloudfront.net/documents/econTabReport_haeOEK5.pdf,7/7/2025,23:00:30 21 Jul 2025
128,Donald Trump (2nd term),Voters,Morning Consult,,7/3/2025,7/6/2025,2203.0, RV,0.608962,0.1426271,,45.0,52.0,-7.0,44.52874,51.81898,-7.290241,https://pro.morningconsult.com/trackers/donald-trump-congress-policy-republicans-polling,7/6/2025,23:00:30 21 Jul 2025
133,Donald Trump (2nd term),Voters,Rasmussen Reports,,7/3/2025,7/10/2025,1500.0, LV,0.3801971,0.1109778,True,48.0,50.0,-2.0,45.318,51.46945,-6.151451,https://www.rasmussenreports.com/public_content/politics/trump_administration_second_term/trump_approval_index_history_second_term#google_vignette,7/10/2025,23:00:30 21 Jul 2025
136,Donald Trump (2nd term),Voters,Emerson College,,6/24/2025,6/25/2025,1000.0, RV,1.39255,0.1048156,,44.9,46.3,-1.399998,45.11066,48.78306,-3.672398,https://emersoncollegepolling.com/june-national-poll/,6/25/2025,23:00:30 21 Jul 2025
145,Donald Trump (2nd term),Voters,Marist College,NPR | PBS News,6/23/2025,6/25/2025,1381.0, RV,1.48129,0.0955671,,44.0,53.0,-9.0,44.86886,52.23331,-7.364452,https://maristpoll.marist.edu/wp-content/uploads/2025/06/NPR_PBS-News_Marist-Poll_USA-NOS-and-Tables_202506271427.pdf,6/25/2025,23:00:30 21 Jul 2025
155,Donald Trump (2nd term),Voters,Global Strategy Group/GBAO (Navigator Research),,6/26/2025,6/30/2025,1000.0, RV,0.8567227,0.0834828,,45.0,53.0,-8.0,45.62778,51.99221,-6.364429,https://navigatorresearch.org/wp-content/uploads/2025/07/Navigator-Topline-F06.30.25.pdf?emci=ce8cac3e-8956-f011-8f7c-6045bdfe8e9c&emdi=88836e6f-9456-f011-8f7c-6045bdfe8e9c&ceid=1590570,6/30/2025,23:00:30 21 Jul 2025
159,Donald Trump (2nd term),Voters,YouGov,Economist,6/27/2025,6/30/2025,1491.0, RV,0.6635904,0.0729309,,45.0,53.0,-8.0,45.47718,52.26506,-6.78788,https://d3nkl3psvxxpe9.cloudfront.net/documents/econTabReport_B1ETIg8.pdf#page38,6/30/2025,23:00:30 21 Jul 2025
160,Donald Trump (2nd term),Voters,Targoz Market Research,Overton Insights,6/23/2025,6/26/2025,1200.0, RV,0.951969,0.0716536,,43.0,54.0,-11.0,43.70224,53.26017,-9.55793,https://overtoninsights.com/wp-content/uploads/2025/07/July-2025-Poll.pdf,6/26/2025,23:00:30 21 Jul 2025
165,Donald Trump (2nd term),Voters,Rasmussen Reports,,7/10/2025,7/16/2025,1500.0, LV,0.1114665,0.0709566,True,49.0,49.0,0.0,46.318,50.46945,-4.151451,https://www.rasmussenreports.com/public_content/politics/trump_administration_second_term/trump_approval_index_history_second_term#google_vignette,7/16/2025,23:00:30 21 Jul 2025
168,Donald Trump (2nd term),Voters,John Zogby Strategies,,6/24/2025,6/25/2025,1006.0, LV,0.968282,0.0702808,,45.4,52.7,-7.299999,44.87763,53.11814,-8.240513,https://johnzogbystrategies.com/wp-content/uploads/2025/06/S-Approval-US-Likely-062425.pdf,6/25/2025,23:00:30 21 Jul 2025
175,Donald Trump (2nd term),Voters,Rasmussen Reports,,7/9/2025,7/15/2025,1500.0, LV,0.1106355,0.0635236,True,48.0,50.0,-2.0,45.318,51.46945,-6.151451,https://www.rasmussenreports.com/public_content/politics/trump_administration_second_term/trump_approval_index_history_second_term#google_vignette,7/15/2025,23:00:30 21 Jul 2025
182,Donald Trump (2nd term),Voters,Rasmussen Reports,,7/7/2025,7/11/2025,1500.0, LV,0.1528422,0.0585512,True,48.0,51.0,-3.0,45.318,52.46945,-7.151451,https://www.rasmussenreports.com/public_content/politics/trump_administration_second_term/trump_approval_index_history_second_term#google_vignette,7/11/2025,23:00:30 21 Jul 2025
183,Donald Trump (2nd term),Voters,Rasmussen Reports,,7/8/2025,7/14/2025,1500.0, LV,0.1102357,0.0562901,True,47.0,51.0,-4.0,44.318,52.46945,-8.151451,https://www.rasmussenreports.com/public_content/politics/trump_administration_second_term/trump_approval_index_history_second_term#google_vignette,7/14/2025,23:00:30 21 Jul 2025
188,Donald Trump (2nd term),Voters,Quinnipiac University,,6/22/2025,6/24/2025,979.0, RV,1.156721,0.0551047,,41.0,54.0,-13.0,43.57624,52.90287,-9.32663,https://poll.qu.edu/poll-release?releaseid=3926,6/24/2025,23:00:30 21 Jul 2025
193,Donald Trump (2nd term),Voters,American Pulse Research & Polling,,6/23/2025,6/25/2025,633.0, RV,0.8134375,0.0524798,,49.7,48.9,0.7999992,48.59694,49.60366,-1.006721,https://s3.amazonaws.com/kajabi-storefronts-production/file-uploads/sites/24373/themes/2158162839/downloads/21cb32-c88-2208-3bd4-047cb00ebdd_250626_American_Pulse_-_Iran_the_Middle_East_Survey_-_Topline_Report.pdf,6/25/2025,23:00:30 21 Jul 2025
196,Donald Trump (2nd term),Voters,YouGov,Yahoo News,6/26/2025,6/30/2025,1074.0, RV,0.5798489,0.049691,,45.0,54.0,-9.0,45.47718,53.26506,-7.78788,https://www.scribd.com/document/883118567/20250701-Yahoo-News-You-Gov-Iran-Tabs,6/30/2025,23:00:30 21 Jul 2025
202,Donald Trump (2nd term),Voters,Morning Consult,,6/27/2025,6/29/2025,2202.0, RV,0.5994208,0.044315,,47.0,50.0,-3.0,46.52874,49.81898,-3.290241,https://pro.morningconsult.com/trackers/donald-trump-congress-policy-republicans-polling,6/29/2025,23:00:30 21 Jul 2025
208,Donald Trump (2nd term),Voters,Rasmussen Reports,,6/27/2025,7/3/2025,1500.0, LV,0.3293624,0.0400969,True,50.0,48.0,2.0,47.318,49.46945,-2.151451,https://www.rasmussenreports.com/public_content/politics/trump_administration_second_term/trump_approval_index_history_second_term#google_vignette,7/3/2025,23:00:30 21 Jul 2025
218,Donald Trump (2nd term),Voters,RMG Research,Napolitan News Service,6/18/2025,6/26/2025,3000.0, RV,0.8711841,0.026231,,51.0,47.0,4.0,47.9307,49.1671,-1.236401,https://napolitannews.org/jobapproval,6/26/2025,23:00:30 21 Jul 2025
223,Donald Trump (2nd term),Voters,Rasmussen Reports,,7/2/2025,7/9/2025,1500.0, LV,0.0961757,0.0253544,True,48.0,50.0,-2.0,45.318,51.46945,-6.151451,https://www.rasmussenreports.com/public_content/politics/trump_administration_second_term/trump_approval_index_history_second_term#google_vignette,7/9/2025,23:00:30 21 Jul 2025
224,Donald Trump (2nd term),Voters,Rasmussen Reports,,7/1/2025,7/8/2025,1500.0, LV,0.0975479,0.0230228,True,49.0,49.0,0.0,46.318,50.46945,-4.151451,https://www.rasmussenreports.com/public_content/politics/trump_administration_second_term/trump_approval_index_history_second_term#google_vignette,7/8/2025,23:00:30 21 Jul 2025
232,Donald Trump (2nd term),Voters,YouGov,Economist,6/20/2025,6/23/2025,1455.0, RV,0.6887462,0.0218161,,43.0,54.0,-11.0,43.47718,53.26506,-9.78788,https://d3nkl3psvxxpe9.cloudfront.net/documents/econTabReport_uvch8qB.pdf,6/23/2025,23:00:30 21 Jul 2025
236,Donald Trump (2nd term),Voters,Rasmussen Reports,,6/30/2025,7/7/2025,1500.0, LV,0.0980995,0.0207266,True,50.0,48.0,2.0,47.318,49.46945,-2.151451,https://www.rasmussenreports.com/public_content/politics/trump_administration_second_term/trump_approval_index_history_second_term#google_vignette,7/7/2025,23:00:30 21 Jul 2025
251,Donald Trump (2nd term),Voters,Morning Consult,,6/20/2025,6/22/2025,2205.0, RV,0.5963116,0.0130978,,45.0,53.0,-8.0,44.52874,52.81898,-8.290241,https://pro.morningconsult.com/trackers/donald-trump-congress-policy-republicans-polling,6/22/2025,23:00:30 21 Jul 2025
254,Donald Trump (2nd term),Voters,Trafalgar Group,,6/18/2025,6/20/2025,1085.0, LV,1.233651,0.0124809,,54.4,44.5,9.900002,51.66014,46.5452,5.114941,https://www.thetrafalgargroup.org/wp-content/uploads/2025/06/Trump-Approval-Report-062125.pdf,6/20/2025,23:00:30 21 Jul 2025
258,Donald Trump (2nd term),Voters,Rasmussen Reports,,6/20/2025,6/26/2025,1500.0, LV,0.3226595,0.0122965,True,51.0,48.0,3.0,48.318,49.46945,-1.151451,https://www.rasmussenreports.com/public_content/politics/trump_administration_second_term/trump_approval_index_history_second_term#google_vignette,6/26/2025,23:00:30 21 Jul 2025
260,Donald Trump (2nd term),Voters,Rasmussen Reports,,6/26/2025,7/2/2025,1500.0, LV,0.1096963,0.0108665,True,49.0,48.0,1.0,46.318,49.46945,-3.151451,https://www.rasmussenreports.com/public_content/politics/trump_administration_second_term/trump_approval_index_history_second_term#google_vignette,7/2/2025,23:00:30 21 Jul 2025
265,Donald Trump (2nd term),Voters,The Bullfinch Group,Exiled Policy,6/17/2025,6/20/2025,1006.0, RV,0.9176328,0.009867,,43.0,54.0,-11.0,43.35752,53.89645,-10.53893,https://www.exiledpolicy.com/p/poll-voters-disapprove-of-congress,6/20/2025,23:00:30 21 Jul 2025
271,Donald Trump (2nd term),Voters,American Research Group,,6/17/2025,6/20/2025,1009.0, RV,0.889922,0.0094705,,38.0,59.0,-21.0,40.17081,57.12141,-16.9506,https://americanresearchgroup.com/economy/,6/20/2025,23:00:30 21 Jul 2025
273,Donald Trump (2nd term),Voters,Rasmussen Reports,,6/25/2025,7/1/2025,1500.0, LV,0.1098167,0.0083862,True,50.0,47.0,3.0,47.318,48.46945,-1.151451,https://www.rasmussenreports.com/public_content/politics/trump_administration_second_term/trump_approval_index_history_second_term#google_vignette,7/1/2025,23:00:30 21 Jul 2025
276,Donald Trump (2nd term),Voters,Rasmussen Reports,,6/23/2025,6/27/2025,1500.0, LV,0.153348,0.0081069,True,51.0,48.0,3.0,48.318,49.46945,-1.151451,https://www.rasmussenreports.com/public_content/politics/trump_administration_second_term/trump_approval_index_history_second_term#google_vignette,6/27/2025,23:00:30 21 Jul 2025
277,Donald Trump (2nd term),Voters,Rasmussen Reports,,6/24/2025,6/30/2025,1500.0, LV,0.1101238,0.0075112,True,51.0,47.0,4.0,48.318,48.46945,-0.1514511,https://www.rasmussenreports.com/public_content/politics/trump_administration_second_term/trump_approval_index_history_second_term#google_vignette,6/30/2025,23:00:30 21 Jul 2025
279,Donald Trump (2nd term),Voters,Rasmussen Reports,,6/19/2025,6/25/2025,1500.0, LV,0.1074597,0.0032751,True,51.0,48.0,3.0,48.318,49.46945,-1.151451,https://www.rasmussenreports.com/public_content/politics/trump_administration_second_term/trump_approval_index_history_second_term#google_vignette,6/25/2025,23:00:30 21 Jul 2025
281,Donald Trump (2nd term),Voters,Rasmussen Reports,,6/18/2025,6/24/2025,1500.0, LV,0.1075163,0.0024569,True,52.0,47.0,5.0,49.318,48.46945,0.8485489,https://www.rasmussenreports.com/public_content/politics/trump_administration_second_term/trump_approval_index_history_second_term#google_vignette,6/24/2025,23:00:30 21 Jul 2025
283,Donald Trump (2nd term),Voters,Rasmussen Reports,,6/17/2025,6/23/2025,1500.0, LV,0.1079665,0.001639,True,52.0,47.0,5.0,49.318,48.46945,0.8485489,https://www.rasmussenreports.com/public_content/politics/trump_administration_second_term/trump_approval_index_history_second_term#google_vignette,6/23/2025,23:00:30 21 Jul 2025
291,Donald Trump (2nd term),Voters,Quinnipiac University,,6/5/2025,6/9/2025,1265.0, RV,1.302942,0.0,,38.0,54.0,-16.0,40.57624,52.90287,-12.32663,https://poll.qu.edu/poll-release?releaseid=3924,6/9/2025,23:00:30 21 Jul 2025
298,Donald Trump (2nd term),Voters,Global Strategy Group/GBAO (Navigator Research),,6/5/2025,6/9/2025,1000.0, RV,0.8260709,0.0,,42.0,55.0,-13.0,42.62778,53.99221,-11.36443,https://navigatorresearch.org/wp-content/uploads/2025/06/Navigator-June-1-Topline-F06.09.26.pdf?emci=a9b05989-dd46-f011-8f7c-6045bdfe8e9c&emdi=4d359ee8-7147-f011-8f7c-6045bdfe8e9c&ceid=1590570,6/9/2025,23:00:30 21 Jul 2025
304,Donald Trump (2nd term),Voters,Rasmussen Reports,,6/3/2025,6/9/2025,1500.0, LV,0.1074312,0.0,True,51.0,48.0,3.0,48.318,49.46945,-1.151451,https://www.rasmussenreports.com/public_content/politics/trump_administration_second_term/trump_approval_index_history_second_term#google_vignette,6/9/2025,23:00:30 21 Jul 2025
316,Donald Trump (2nd term),Voters,YouGov,Economist,6/6/2025,6/9/2025,1397.0, RV,0.7253573,0.0,,45.0,53.0,-8.0,45.47718,52.26506,-6.78788,https://d3nkl3psvxxpe9.cloudfront.net/documents/econTabReport_B2kkifF.pdf,6/9/2025,23:00:30 21 Jul 2025
321,Donald Trump (2nd term),Voters,Morning Consult,,6/6/2025,6/8/2025,1867.0, RV,0.5549983,0.0,,47.0,51.0,-4.0,46.52874,50.81898,-4.290241,https://pro.morningconsult.com/trackers/donald-trump-congress-policy-republicans-polling,6/8/2025,23:00:30 21 Jul 2025
329,Donald Trump (2nd term),Voters,J.L. Partners,Daily Mail,6/6/2025,6/6/2025,1006.0, RV,0.7493922,0.0,,43.0,49.0,-6.0,43.98232,51.66277,-7.68045,https://www.dailymail.co.uk/news/article-14794205/donald-trump-elon-musk-approval-poll.html,6/6/2025,23:00:30 21 Jul 2025
340,Donald Trump (2nd term),Voters,Rasmussen Reports,,6/2/2025,6/6/2025,1500.0, LV,0.1500789,0.0,True,51.0,48.0,3.0,48.318,49.46945,-1.151451,https://www.rasmussenreports.com/public_content/politics/trump_administration_second_term/trump_approval_index_history_second_term#google_vignette,6/6/2025,23:00:30 21 Jul 2025
343,Donald Trump (2nd term),Voters,Rasmussen Reports,,5/30/2025,6/5/2025,1500.0, LV,0.318226,0.0,True,50.0,49.0,1.0,47.318,50.46945,-3.151451,https://www.rasmussenreports.com/public_content/politics/trump_administration_second_term/trump_approval_index_history_second_term,6/5/2025,23:00:30 21 Jul 2025
347,Donald Trump (2nd term),Voters,Rasmussen Reports,,5/29/2025,6/4/2025,1500.0, LV,0.1062222,0.0,True,51.0,48.0,3.0,48.318,49.46945,-1.151451,https://www.rasmussenreports.com/public_content/politics/trump_administration_second_term/trump_approval_index_history_second_term,6/4/2025,23:00:30 21 Jul 2025
350,Donald Trump (2nd term),Voters,RMG Research,Napolitan News Service,5/27/2025,6/3/2025,3000.0, RV,0.726254,0.0,,51.0,46.0,5.0,47.9307,48.1671,-0.2364006,https://napolitannews.org/jobapproval,6/3/2025,23:00:30 21 Jul 2025
352,Donald Trump (2nd term),Voters,Rasmussen Reports,,5/28/2025,6/3/2025,1500.0, LV,0.1065219,0.0,True,52.0,47.0,5.0,49.318,48.46945,0.8485489,https://www.rasmussenreports.com/public_content/politics/trump_administration_second_term/trump_approval_index_history_second_term,6/3/2025,23:00:30 21 Jul 2025
356,Donald Trump (2nd term),Voters,Rasmussen Reports,,6/16/2025,6/20/2025,1500.0, LV,0.1508398,0.0,True,51.0,47.0,4.0,48.318,48.46945,-0.1514511,https://www.rasmussenreports.com/public_content/politics/trump_administration_second_term/trump_approval_index_history_second_term#google_vignette,6/20/2025,23:00:30 21 Jul 2025
361,Donald Trump (2nd term),Voters,Rasmussen Reports,,5/27/2025,6/2/2025,1500.0, LV,0.1069538,0.0,True,52.0,47.0,5.0,49.318,48.46945,0.8485489,https://www.rasmussenreports.com/public_content/politics/trump_administration_second_term/trump_approval_index_history_second_term,6/2/2025,23:00:30 21 Jul 2025
362,Donald Trump (2nd term),Voters,Morning Consult,,5/30/2025,6/2/2025,2205.0, RV,0.5985922,0.0,,46.0,51.0,-5.0,45.52874,50.81898,-5.290241,https://pro.morningconsult.com/trackers/donald-trump-congress-policy-republicans-polling,6/2/2025,23:00:30 21 Jul 2025
371,Donald Trump (2nd term),Voters,YouGov,Economist,5/30/2025,6/2/2025,1436.0, RV,0.6910152,0.0,,46.0,51.0,-5.0,46.47718,50.26506,-3.78788,https://d3nkl3psvxxpe9.cloudfront.net/documents/econTabReport_MV984ah.pdf,6/2/2025,23:00:30 21 Jul 2025
381,Donald Trump (2nd term),Voters,RMG Research,Napolitan News Service,6/11/2025,6/19/2025,3000.0, RV,0.7968014,0.0,,53.0,46.0,7.0,49.9307,48.1671,1.763599,https://napolitannews.org/jobapproval,6/19/2025,23:00:30 21 Jul 2025
382,Donald Trump (2nd term),Voters,Rasmussen Reports,,6/13/2025,6/19/2025,1500.0, LV,0.3200757,0.0,True,52.0,47.0,5.0,49.318,48.46945,0.8485489,https://www.rasmussenreports.com/public_content/politics/trump_administration_second_term/trump_approval_index_history_second_term#google_vignette,6/19/2025,23:00:30 21 Jul 2025
390,Donald Trump (2nd term),Voters,Echelon Insights,,6/17/2025,6/18/2025,1002.0, LV,1.011392,0.0,,48.0,52.0,-4.0,47.67019,51.74187,-4.071682,https://echelonin.wpenginepowered.com/wp-content/uploads/June-2025-Middle-East-Update.pdf,6/18/2025,23:00:30 21 Jul 2025
391,Donald Trump (2nd term),Voters,Rasmussen Reports,,6/12/2025,6/18/2025,1500.0, LV,0.1069731,0.0,True,52.0,47.0,5.0,49.318,48.46945,0.8485489,https://www.rasmussenreports.com/public_content/politics/trump_administration_second_term/trump_approval_index_history_second_term#google_vignette,6/18/2025,23:00:30 21 Jul 2025
398,Donald Trump (2nd term),Voters,Rasmussen Reports,,6/11/2025,6/17/2025,1500.0, LV,0.1072824,0.0,True,52.0,47.0,5.0,49.318,48.46945,0.8485489,https://www.rasmussenreports.com/public_content/politics/trump_administration_second_term/trump_approval_index_history_second_term#google_vignette,6/17/2025,23:00:30 21 Jul 2025
404,Donald Trump (2nd term),Voters,Echelon Insights,,6/12/2025,6/17/2025,982.0, LV,1.010346,0.0,,45.0,53.0,-8.0,44.67019,52.74187,-8.071682,https://echelonin.wpenginepowered.com/wp-content/uploads/June-2025-Voter-Omnibus-Topline-EXTERNAL.pdf,6/17/2025,23:00:30 21 Jul 2025
405,Donald Trump (2nd term),Voters,J.L. Partners,,6/16/2025,6/17/2025,1039.0, RV,0.7857659,0.0,,46.0,51.0,-5.0,46.98232,53.66277,-6.68045,https://jlpartners.com/israeliran,6/17/2025,23:00:30 21 Jul 2025
406,Donald Trump (2nd term),Voters,Beacon Research/Shaw & Co. Research,FOX News,6/13/2025,6/16/2025,1003.0, RV,1.418927,0.0,,46.0,54.0,-8.0,45.94761,52.97917,-7.031563,https://static.foxnews.com/foxnews.com/content/uploads/2025/06/fox_june-13-16-2025_national_topline_june-18-release.pdf,6/16/2025,23:00:30 21 Jul 2025
417,Donald Trump (2nd term),Voters,YouGov,Economist,6/13/2025,6/16/2025,1351.0, RV,0.716345,0.0,,44.0,53.0,-9.0,44.47718,52.26506,-7.78788,https://d3nkl3psvxxpe9.cloudfront.net/documents/econTabReport_CyorzxR.pdf,6/16/2025,23:00:30 21 Jul 2025
419,Donald Trump (2nd term),Voters,InsiderAdvantage,,6/15/2025,6/16/2025,1000.0, LV,1.153754,0.0,,54.4,44.1,10.3,51.80312,46.1581,5.64502,https://insideradvantage.com/insideradvantage-national-survey-of-trump-job-performance-approve-54-disapprove-44-undecided-2/,6/16/2025,23:00:30 21 Jul 2025
428,Donald Trump (2nd term),Voters,Rasmussen Reports,,6/10/2025,6/16/2025,1500.0, LV,0.1077304,0.0,True,52.0,47.0,5.0,49.318,48.46945,0.8485489,https://www.rasmussenreports.com/public_content/politics/trump_administration_second_term/trump_approval_index_history_second_term#google_vignette,6/16/2025,23:00:30 21 Jul 2025
431,Donald Trump (2nd term),Voters,Morning Consult,,6/13/2025,6/15/2025,2207.0, RV,0.5994716,0.0,,46.0,52.0,-6.0,45.52874,51.81898,-6.290241,https://pro.morningconsult.com/trackers/donald-trump-congress-policy-republicans-polling,6/15/2025,23:00:30 21 Jul 2025
439,Donald Trump (2nd term),Voters,McLaughlin & Associates,America's New Majority Project,6/12/2025,6/15/2025,1637.0, LV,0.7881181,0.0,,48.1,51.9,-3.800003,46.7767,52.11255,-5.33585,https://americasnewmajorityproject.com/wp-content/uploads/2025/06/20250615-NationalANMP-Tabs.pdf,6/15/2025,23:00:30 21 Jul 2025
440,Donald Trump (2nd term),Voters,The Winston Group,Winning the Issues,6/12/2025,6/14/2025,1000.0, RV,1.226484,0.0,,41.0,52.0,-11.0,43.00122,51.20138,-8.200161,https://www.winningtheissues.org/wp-content/uploads/2025/07/Winning-the-Issues-June-2025-National-Survey.pdf,6/14/2025,23:00:30 21 Jul 2025
441,Donald Trump (2nd term),Voters,Clarity Campaign Labs,,6/5/2025,6/14/2025,1000.0, RV,1.090294,0.0,,47.0,50.0,-3.0,46.57701,50.99861,-4.4216,https://static1.squarespace.com/static/61ae8d5e55be5c7314b4c83a/t/6852fc5a3ac4c05449fc450e/1750269023826/Clarity+Omnibus+Overview+-+June+2025+%5BPUBLIC%5D.pdf,6/14/2025,23:00:30 21 Jul 2025
452,Donald Trump (2nd term),Voters,Rasmussen Reports,,6/9/2025,6/13/2025,1500.0, LV,0.1503352,0.0,True,52.0,46.0,6.0,49.318,47.46945,1.848549,https://www.rasmussenreports.com/public_content/politics/trump_administration_second_term/trump_approval_index_history_second_term#google_vignette,6/13/2025,23:00:30 21 Jul 2025
457,Donald Trump (2nd term),Voters,Harris Insights & Analytics,Harvard CAPS,6/11/2025,6/12/2025,2097.0, RV,1.286957,0.0,,46.0,50.0,-4.0,44.99707,51.59512,-6.598049,https://harvardharrispoll.com/wp-content/uploads/2025/06/HHP_June2025_Topline.pdf,6/12/2025,23:00:30 21 Jul 2025
472,Donald Trump (2nd term),Voters,RMG Research,Napolitan News Service,6/2/2025,6/12/2025,3000.0, RV,0.7621785,0.0,,52.0,46.0,6.0,48.9307,48.1671,0.7635994,https://napolitannews.org/jobapproval,6/12/2025,23:00:30 21 Jul 2025
473,Donald Trump (2nd term),Voters,Rasmussen Reports,,6/6/2025,6/12/2025,1500.0, LV,0.3187896,0.0,True,53.0,45.0,8.0,50.318,46.46945,3.848549,https://www.rasmussenreports.com/public_content/politics/trump_administration_second_term/trump_approval_index_history_second_term#google_vignette,6/12/2025,23:00:30 21 Jul 2025
482,Donald Trump (2nd term),Voters,TIPP Insights,League of American Workers,6/9/2025,6/11/2025,1584.0, RV,1.611719,0.0,,43.0,50.0,-7.0,44.29936,50.32185,-6.022491,https://tippinsights.com/league-of-american-workers-poll-june-2025/#google_vignette,6/11/2025,23:00:30 21 Jul 2025
487,Donald Trump (2nd term),Voters,Rasmussen Reports,,6/5/2025,6/11/2025,1500.0, LV,0.1065239,0.0,True,53.0,45.0,8.0,50.318,46.46945,3.848549,https://www.rasmussenreports.com/public_content/politics/trump_administration_second_term/trump_approval_index_history_second_term#google_vignette,6/11/2025,23:00:30 21 Jul 2025
488,Donald Trump (2nd term),Voters,J.L. Partners,,6/10/2025,6/11/2025,1807.0, RV,0.8704569,0.0,,42.0,46.0,-4.0,42.98232,48.66277,-5.68045,https://www.dailymail.co.uk/news/article-14803593/donald-trump-poll-approval-rating-la-riots.html,6/11/2025,23:00:30 21 Jul 2025
494,Donald Trump (2nd term),Voters,Rasmussen Reports,,6/4/2025,6/10/2025,1500.0, LV,0.1069115,0.0,True,52.0,47.0,5.0,49.318,48.46945,0.8485489,https://www.rasmussenreports.com/public_content/politics/trump_administration_second_term/trump_approval_index_history_second_term#google_vignette,6/10/2025,23:00:30 21 Jul 2025
502,Donald Trump (2nd term),Voters,Trafalgar Group,,5/30/2025,6/1/2025,1098.0, LV,1.238188,0.0,,53.7,45.6,8.100002,50.96014,47.6452,3.314941,https://www.thetrafalgargroup.org/wp-content/uploads/2025/06/Trump-Approval-Report-060225.pdf,6/1/2025,23:00:30 21 Jul 2025
509,Donald Trump (2nd term),Voters,Wick,2Way,5/8/2025,5/9/2025,1000.0, RV,1.051085,0.0,,47.0,49.0,-2.0,46.88971,49.55853,-2.668819,https://my.wick.io/analysis/shared/item/CCED3FFB-28C8-40CA-92F1-FFD179722079/view,5/9/2025,23:00:30 21 Jul 2025
515,Donald Trump (2nd term),Voters,Rasmussen Reports,,5/5/2025,5/9/2025,1500.0, LV,0.1320929,0.0,True,52.0,46.0,6.0,49.318,47.46945,1.848549,https://www.rasmussenreports.com/public_content/politics/trump_administration_second_term/trump_approval_index_history_second_term,5/9/2025,23:00:30 21 Jul 2025
516,Donald Trump (2nd term),Voters,co/efficient,,5/7/2025,5/9/2025,1462.0, LV,1.397269,0.0,,49.0,51.0,-2.0,48.39795,50.62793,-2.22998,https://coefficient.org/national-approval-study/,5/9/2025,23:00:30 21 Jul 2025
521,Donald Trump (2nd term),Voters,Rasmussen Reports,,5/2/2025,5/8/2025,1500.0, LV,0.2737878,0.0,True,51.0,48.0,3.0,48.318,49.46945,-1.151451,https://www.rasmussenreports.com/public_content/politics/trump_administration_second_term/trump_approval_index_history_second_term,5/8/2025,23:00:30 21 Jul 2025
524,Donald Trump (2nd term),Voters,RMG Research,Napolitan News Service,4/30/2025,5/8/2025,3000.0, RV,0.740331,0.0,,49.0,49.0,0.0,45.9307,51.1671,-5.236401,https://napolitannews.org/jobapproval,5/8/2025,23:00:30 21 Jul 2025
533,Donald Trump (2nd term),Voters,Rasmussen Reports,,5/1/2025,5/7/2025,1500.0, LV,0.0903791,0.0,True,50.0,48.0,2.0,47.318,49.46945,-2.151451,https://www.rasmussenreports.com/public_content/politics/trump_administration_second_term/trump_approval_index_history_second_term,5/7/2025,23:00:30 21 Jul 2025
540,Donald Trump (2nd term),Voters,Rasmussen Reports,,4/30/2025,5/6/2025,1500.0, LV,0.0895992,0.0,True,50.0,48.0,2.0,47.318,49.46945,-2.151451,https://www.rasmussenreports.com/public_content/politics/trump_administration_second_term/trump_approval_index_history_second_term,5/6/2025,23:00:30 21 Jul 2025
548,Donald Trump (2nd term),Voters,AP-NORC,,5/1/2025,5/5/2025,1175.0, LV,1.145508,0.0,,41.0,57.0,-16.0,42.22556,55.33907,-13.11351,https://apnorc.org/wp-content/uploads/2025/05/may-2025-Higher-Ed-topline.pdf,5/5/2025,23:00:30 21 Jul 2025
553,Donald Trump (2nd term),Voters,Rasmussen Reports,,4/29/2025,5/5/2025,1500.0, LV,0.0889163,0.0,True,51.0,51.0,0.0,48.318,52.46945,-4.151451,https://www.rasmussenreports.com/public_content/politics/trump_administration_second_term/trump_approval_index_history_second_term,5/5/2025,23:00:30 21 Jul 2025
556,Donald Trump (2nd term),Voters,YouGov,Economist,5/2/2025,5/5/2025,1693.0, RV,0.7660033,0.0,,44.0,52.0,-8.0,44.47718,51.26506,-6.78788,https://d3nkl3psvxxpe9.cloudfront.net/documents/econTabReport_wZDAeTq.pdf,5/5/2025,23:00:30 21 Jul 2025
562,Donald Trump (2nd term),Voters,Rasmussen Reports,Heartland Institute,4/30/2025,5/4/2025,1067.0, LV,0.543136,0.0,,48.0,50.0,-2.0,45.318,51.46945,-6.151451,https://www.rasmussenreports.com/public_content/politics/partner_surveys/toplines_2_heartland_may_musk_2025,5/4/2025,23:00:30 21 Jul 2025
569,Donald Trump (2nd term),Voters,Morning Consult,,5/2/2025,5/4/2025,2263.0, RV,0.605161,0.0,,46.0,52.0,-6.0,45.52874,51.81898,-6.290241,https://pro.morningconsult.com/trackers/donald-trump-congress-policy-republicans-polling,5/4/2025,23:00:30 21 Jul 2025
572,Donald Trump (2nd term),Voters,Rasmussen Reports,,5/26/2025,5/30/2025,1500.0, LV,0.1491961,0.0,True,53.0,46.0,7.0,50.318,47.46945,2.848549,https://www.rasmussenreports.com/public_content/politics/trump_administration_second_term/trump_approval_index_history_second_term,5/30/2025,23:00:30 21 Jul 2025
577,Donald Trump (2nd term),Voters,Rasmussen Reports,,5/23/2025,5/29/2025,1500.0, LV,0.3158733,0.0,True,53.0,46.0,7.0,50.318,47.46945,2.848549,https://www.rasmussenreports.com/public_content/politics/trump_administration_second_term/trump_approval_index_history_second_term,5/29/2025,23:00:30 21 Jul 2025
579,Donald Trump (2nd term),Voters,John Zogby Strategies,,5/28/2025,5/29/2025,1000.0, LV,0.9669083,0.0,,48.2,49.0,-0.7999992,47.67763,49.41814,-1.740509,https://johnzogbystrategies.com/wp-content/uploads/2025/06/Job-Approval-052825.pdf,5/29/2025,23:00:30 21 Jul 2025
582,Donald Trump (2nd term),Voters,RMG Research,Napolitan News Service,5/20/2025,5/29/2025,3000.0, RV,0.7232978,0.0,,49.0,50.0,-1.0,45.9307,52.1671,-6.236401,https://napolitannews.org/jobapproval,5/29/2025,23:00:30 21 Jul 2025
594,Donald Trump (2nd term),Voters,Wick,2Way,5/26/2025,5/28/2025,1000.0, RV,1.051085,0.0,,47.0,48.9,-1.900002,46.88971,49.45853,-2.568821,https://my.wick.io/analysis/shared/item/8C788E73-03D9-45A4-94AF-2E0D70F34AF6/view,5/28/2025,23:00:30 21 Jul 2025
595,Donald Trump (2nd term),Voters,Rasmussen Reports,,5/22/2025,5/28/2025,1500.0, LV,0.1054687,0.0,True,52.0,47.0,5.0,49.318,48.46945,0.8485489,https://www.rasmussenreports.com/public_content/politics/trump_administration_second_term/trump_approval_index_history_second_term,5/28/2025,23:00:30 21 Jul 2025
605,Donald Trump (2nd term),Voters,YouGov,Yahoo News,5/22/2025,5/27/2025,1013.0, V,0.55228,0.0,,46.0,52.0,-6.0,46.47718,51.26506,-4.78788,https://www.yahoo.com/news/poll-most-americans-think-qatar-is-trying-to-bribe-trump-with-luxury-jet-gift-185933774.html?taid=68376835684c790001349a10&utm_campaign=trueanthem&utm_medium=social&utm_source=twitter&guccounter=1&guce_referrer=aHR0cHM6Ly93d3cuZ29vZ2xlLmNvbS8&guce_referrer_sig=AQAAAFMJH_yGipXna-fJk7xvXRsmgzG3jiMZWBKb7qcmewgHveNMCybWcNFD2Jyqj5CPvAEPbYUwtNaHMQNvW-QujvPzl1rY7qh6HOfAngSTnA20vWWpM8DPIylL5B3mAmwS75ox-zL0PBastSJ6MGxpbDldzOaNzSMKjxsa7-aB_6uC,5/27/2025,23:00:30 21 Jul 2025
612,Donald Trump (2nd term),Voters,Rasmussen Reports,,5/21/2025,5/27/2025,1500.0, LV,0.1057727,0.0,True,53.0,46.0,7.0,50.318,47.46945,2.848549,https://www.rasmussenreports.com/public_content/politics/trump_administration_second_term/trump_approval_index_history_second_term,5/27/2025,23:00:30 21 Jul 2025
613,Donald Trump (2nd term),Voters,YouGov,Economist,5/23/2025,5/26/2025,1486.0, RV,0.6437587,0.0,,46.0,52.0,-6.0,46.47718,51.26506,-4.78788,https://d3nkl3psvxxpe9.cloudfront.net/documents/econTabReport_WokQXF7.pdf,5/26/2025,23:00:30 21 Jul 2025
617,Donald Trump (2nd term),Voters,Rasmussen Reports,,5/20/2025,5/26/2025,1500.0, LV,0.1062083,0.0,True,52.0,46.0,6.0,49.318,47.46945,1.848549,https://www.rasmussenreports.com/public_content/politics/trump_administration_second_term/trump_approval_index_history_second_term,5/26/2025,23:00:30 21 Jul 2025
627,Donald Trump (2nd term),Voters,Morning Consult,,5/23/2025,5/25/2025,2208.0, RV,0.5993406,0.0,,48.0,51.0,-3.0,47.52874,50.81898,-3.290241,https://pro.morningconsult.com/trackers/donald-trump-congress-policy-republicans-polling,5/25/2025,23:00:30 21 Jul 2025
631,Donald Trump (2nd term),Voters,Rasmussen Reports,,5/19/2025,5/23/2025,1500.0, LV,0.1473846,0.0,True,51.0,48.0,3.0,48.318,49.46945,-1.151451,https://www.rasmussenreports.com/public_content/politics/trump_administration_second_term/trump_approval_index_history_second_term,5/23/2025,23:00:30 21 Jul 2025
635,Donald Trump (2nd term),Voters,Rasmussen Reports,,5/16/2025,5/22/2025,1500.0, LV,0.310414,0.0,True,50.0,49.0,1.0,47.318,50.46945,-3.151451,https://www.rasmussenreports.com/public_content/politics/trump_administration_second_term/trump_approval_index_history_second_term,5/22/2025,23:00:30 21 Jul 2025
640,Donald Trump (2nd term),Voters,Rasmussen Reports,,5/15/2025,5/21/2025,1500.0, LV,0.1033887,0.0,True,49.0,49.0,0.0,46.318,50.46945,-4.151451,https://www.rasmussenreports.com/public_content/politics/trump_administration_second_term/trump_approval_index_history_second_term,5/21/2025,23:00:30 21 Jul 2025
641,Donald Trump (2nd term),Voters,RMG Research,Napolitan News Service,5/14/2025,5/21/2025,3000.0, RV,0.734022,0.0,,48.0,50.0,-2.0,44.9307,52.1671,-7.236401,https://napolitannews.org/jobapproval,5/21/2025,23:00:30 21 Jul 2025
644,Donald Trump (2nd term),Voters,American Research Group,,5/17/2025,5/20/2025,1008.0, RV,0.8897319,0.0,,42.0,55.0,-13.0,44.17081,53.12141,-8.9506,https://americanresearchgroup.com/economy/,5/20/2025,23:00:30 21 Jul 2025
646,Donald Trump (2nd term),Voters,Rasmussen Reports,,5/14/2025,5/20/2025,1500.0, LV,0.1034361,0.0,True,49.0,49.0,0.0,46.318,50.46945,-4.151451,https://www.rasmussenreports.com/public_content/politics/trump_administration_second_term/trump_approval_index_history_second_term,5/20/2025,23:00:30 21 Jul 2025
649,Donald Trump (2nd term),Voters,Civiqs,Daily Kos,5/17/2025,5/20/2025,1018.0, RV,1.120966,0.0,,47.0,52.0,-5.0,46.82138,51.04827,-4.226891,https://civiqs.com/documents/Civiqs_DailyKos_banner_book_2025_05_x3b1sp.pdf,5/20/2025,23:00:30 21 Jul 2025
658,Donald Trump (2nd term),Voters,Rasmussen Reports,,4/28/2025,5/2/2025,1500.0, LV,0.1272866,0.0,True,50.0,48.0,2.0,47.318,49.46945,-2.151451,https://www.rasmussenreports.com/public_content/politics/trump_administration_second_term/trump_approval_index_history_second_term,5/2/2025,23:00:30 21 Jul 2025
667,Donald Trump (2nd term),Voters,YouGov,Economist,5/16/2025,5/19/2025,1558.0, RV,0.7034345,0.0,,45.0,52.0,-7.0,45.47718,51.26506,-5.78788,https://d3nkl3psvxxpe9.cloudfront.net/documents/econTabReport_wObz24u.pdf,5/19/2025,23:00:30 21 Jul 2025
670,Donald Trump (2nd term),Voters,InsiderAdvantage,,5/17/2025,5/19/2025,1000.0, LV,1.153754,0.0,,54.6,44.4,10.2,52.00312,46.4581,5.545021,https://insideradvantage.com/trump-job-performance-top-line-tabs/,5/19/2025,23:00:30 21 Jul 2025
683,Donald Trump (2nd term),Voters,Morning Consult,,5/16/2025,5/19/2025,2208.0, RV,0.5986199,0.0,,48.0,50.0,-2.0,47.52874,49.81898,-2.290241,https://pro.morningconsult.com/trackers/donald-trump-congress-policy-republicans-polling,5/19/2025,23:00:30 21 Jul 2025
687,Donald Trump (2nd term),Voters,Fabrizio Ward,Pinpoint Policy Institute,5/15/2025,5/19/2025,800.0, RV,1.129986,0.0,,46.0,49.0,-3.0,46.17383,49.41041,-3.236584,https://pinpointpolicyinstitute.org/wp-content/uploads/2025/06/National-Spring-Quarterly-Tracking-Memo-6-2-25-1.pdf,5/19/2025,23:00:30 21 Jul 2025
688,Donald Trump (2nd term),Voters,Rasmussen Reports,,5/13/2025,5/19/2025,1500.0, LV,0.1036187,0.0,True,49.0,50.0,-1.0,46.318,51.46945,-5.151451,https://www.rasmussenreports.com/public_content/politics/trump_administration_second_term/trump_approval_index_history_second_term,5/19/2025,23:00:30 21 Jul 2025
693,Donald Trump (2nd term),Voters,Global Strategy Group/GBAO (Navigator Research),,5/15/2025,5/18/2025,1000.0, RV,0.8260709,0.0,,44.0,54.0,-10.0,44.62778,52.99221,-8.364429,https://navigatorresearch.org/wp-content/uploads/2025/05/Navigator-Update-Topline-F05.19.25-1.pdf,5/18/2025,23:00:30 21 Jul 2025
705,Donald Trump (2nd term),Voters,Rasmussen Reports,,5/12/2025,5/16/2025,1500.0, LV,0.1438626,0.0,True,49.0,49.0,0.0,46.318,50.46945,-4.151451,https://www.rasmussenreports.com/public_content/politics/trump_administration_second_term/trump_approval_index_history_second_term,5/16/2025,23:00:30 21 Jul 2025
711,Donald Trump (2nd term),Voters,Marquette University Law School,,5/5/2025,5/15/2025,707.0, RV,1.343958,0.0,,46.0,54.0,-8.0,46.12998,52.48983,-6.359852,https://law.marquette.edu/poll/wp-content/uploads/2025/05/MLSPSC26Toplines_NationalIssues.html#GE2020:_2024_vote,5/15/2025,23:00:30 21 Jul 2025
715,Donald Trump (2nd term),Voters,RMG Research,Napolitan News Service,5/7/2025,5/15/2025,3000.0, RV,0.7366585,0.0,,52.0,48.0,4.0,48.9307,50.1671,-1.236401,https://napolitannews.org/jobapproval,5/15/2025,23:00:30 21 Jul 2025
718,Donald Trump (2nd term),Voters,Harris Insights & Analytics,Harvard CAPS,5/14/2025,5/15/2025,1903.0, RV,1.28788,0.0,,47.0,48.0,-1.0,45.99707,49.59512,-3.598049,https://harvardharrispoll.com/key-results-may-5/,5/15/2025,23:00:30 21 Jul 2025
721,Donald Trump (2nd term),Voters,Rasmussen Reports,,5/9/2025,5/15/2025,1500.0, LV,0.2998045,0.0,True,51.0,48.0,3.0,48.318,49.46945,-1.151451,https://www.rasmussenreports.com/public_content/politics/trump_administration_second_term/trump_approval_index_history_second_term,5/15/2025,23:00:30 21 Jul 2025
739,Donald Trump (2nd term),Voters,J.L. Partners,Daily Mail,5/13/2025,5/14/2025,1003.0, RV,1.001402,0.0,,45.0,46.0,-1.0,45.98232,48.66277,-2.68045,https://x.com/J_L_Partners/status/1923778595291365420,5/14/2025,23:00:30 21 Jul 2025
740,Donald Trump (2nd term),Voters,Rasmussen Reports,,5/8/2025,5/14/2025,1500.0, LV,0.0988156,0.0,True,50.0,48.0,2.0,47.318,49.46945,-2.151451,https://www.rasmussenreports.com/public_content/politics/trump_administration_second_term/trump_approval_index_history_second_term,5/14/2025,23:00:30 21 Jul 2025
744,Donald Trump (2nd term),Voters,Rasmussen Reports,,5/7/2025,5/13/2025,1500.0, LV,0.0978357,0.0,True,51.0,47.0,4.0,48.318,48.46945,-0.1514511,https://www.rasmussenreports.com/public_content/politics/trump_administration_second_term/trump_approval_index_history_second_term,5/13/2025,23:00:30 21 Jul 2025
751,Donald Trump (2nd term),Voters,The Bullfinch Group,,5/9/2025,5/13/2025,1000.0, RV,0.8661351,0.0,,45.0,51.0,-6.0,45.35752,50.89645,-5.538929,https://www.thebullfinchgroup.com/post/public-release-of-bullfinch-q2-nationwide-survey-3,5/13/2025,23:00:30 21 Jul 2025
758,Donald Trump (2nd term),Voters,YouGov,Economist,5/9/2025,5/12/2025,1610.0, RV,0.7457417,0.0,,45.0,52.0,-7.0,45.47718,51.26506,-5.78788,https://d3nkl3psvxxpe9.cloudfront.net/documents/econTabReport_tDmEBHo.pdf,5/12/2025,23:00:30 21 Jul 2025
766,Donald Trump (2nd term),Voters,Rasmussen Reports,,5/6/2025,5/12/2025,1500.0, LV,0.0969847,0.0,True,52.0,47.0,5.0,49.318,48.46945,0.8485489,https://www.rasmussenreports.com/public_content/politics/trump_administration_second_term/trump_approval_index_history_second_term,5/12/2025,23:00:30 21 Jul 2025
771,Donald Trump (2nd term),Voters,Echelon Insights,,5/8/2025,5/12/2025,1000.0, LV,1.246473,0.0,,46.0,52.0,-6.0,45.67019,51.74187,-6.071682,https://echelonin.wpenginepowered.com/wp-content/uploads/May-2025-Voter-Omnibus-Topline-External.pdf,5/12/2025,23:00:30 21 Jul 2025
777,Donald Trump (2nd term),Voters,Morning Consult,,5/9/2025,5/11/2025,2221.0, RV,0.6114012,0.0,,46.0,52.0,-6.0,45.52874,51.81898,-6.290241,https://pro.morningconsult.com/trackers/donald-trump-congress-policy-republicans-polling,5/11/2025,23:00:30 21 Jul 2025
783,Donald Trump (2nd term),Voters,RMG Research,Napolitan News Service,4/23/2025,5/1/2025,3000.0, RV,0.7413163,0.0,,49.0,48.0,1.0,45.9307,50.1671,-4.236401,https://napolitannews.org/jobapproval,5/1/2025,23:00:30 21 Jul 2025
785,Donald Trump (2nd term),Voters,Trafalgar Group/Insider Advantage,,4/30/2025,5/1/2025,1200.0, LV,0.951969,0.0,,45.8,43.8,2.0,44.76048,45.50454,-0.7440605,https://insideradvantage.com/top-line-tab-for-insideradvantage-trafalgar-presidential-job-performance-survey/,5/1/2025,23:00:30 21 Jul 2025
788,Donald Trump (2nd term),Voters,Rasmussen Reports,,4/25/2025,5/1/2025,1500.0, LV,0.2771319,0.0,True,50.0,49.0,1.0,47.318,50.46945,-3.151451,https://www.rasmussenreports.com/public_content/politics/trump_administration_second_term/trump_approval_index_history_second_term,5/1/2025,23:00:30 21 Jul 2025
790,Donald Trump (2nd term),Voters,TIPP Insights,League of American Workers,4/7/2025,4/9/2025,1570.0, RV,1.607284,0.0,,43.0,50.0,-7.0,44.29936,50.32185,-6.022491,https://tippinsights.com/league-of-american-workers-poll-april-2025/,4/9/2025,23:00:30 21 Jul 2025
800,Donald Trump (2nd term),Voters,Rasmussen Reports,,4/3/2025,4/9/2025,1500.0, LV,0.1057861,0.0,True,47.0,52.0,-5.0,44.318,53.46945,-9.151451,https://www.rasmussenreports.com/public_content/politics/trump_administration_second_term/trump_approval_index_history_second_term#google_vignette,4/9/2025,23:00:30 21 Jul 2025
804,Donald Trump (2nd term),Voters,Rasmussen Reports,,4/2/2025,4/8/2025,1500.0, LV,0.1063032,0.0,True,47.0,52.0,-5.0,44.318,53.46945,-9.151451,https://www.rasmussenreports.com/public_content/politics/trump_administration_second_term/trump_approval_index_history_second_term#google_vignette,4/8/2025,23:00:30 21 Jul 2025
805,Donald Trump (2nd term),Voters,YouGov,Economist,4/5/2025,4/8/2025,1563.0, RV,0.7418163,0.0,,45.0,52.0,-7.0,45.47718,51.26506,-5.78788,https://d3nkl3psvxxpe9.cloudfront.net/documents/econTabReport_pXJ0PxA.pdf#page31,4/8/2025,23:00:30 21 Jul 2025
816,Donald Trump (2nd term),Voters,Quinnipiac University,,4/3/2025,4/7/2025,1407.0, RV,1.408764,0.0,,41.0,53.0,-12.0,43.57624,51.90287,-8.32663,https://poll.qu.edu/poll-release?releaseid=3922,4/7/2025,23:00:30 21 Jul 2025
819,Donald Trump (2nd term),Voters,Harris Insights & Analytics,,4/4/2025,4/7/2025,1883.0, RV,0.8477589,0.0,True,47.0,49.0,-2.0,45.99707,50.59512,-4.598049,https://www.harrisx.com/content/full-harrisx-overnight-poll-tariff-findings,4/7/2025,23:00:30 21 Jul 2025
823,Donald Trump (2nd term),Voters,Global Strategy Group/GBAO (Navigator Research),,4/3/2025,4/7/2025,1000.0, RV,0.8260709,0.0,,44.0,53.0,-9.0,44.62778,51.99221,-7.364429,https://navigatorresearch.org/wp-content/uploads/2025/04/Navigator-Update-04.08.2025.pdf?emci=7876fdc2-1314-f011-8b3d-0022482a9fb7&emdi=41fa485e-7914-f011-8b3d-0022482a9fb7&ceid=1396968,4/7/2025,23:00:30 21 Jul 2025
832,Donald Trump (2nd term),Voters,Rasmussen Reports,,4/1/2025,4/7/2025,1500.0, LV,0.106937,0.0,True,47.0,51.0,-4.0,44.318,52.46945,-8.151451,https://www.rasmussenreports.com/public_content/politics/trump_administration_second_term/trump_approval_index_history_second_term#google_vignette,4/7/2025,23:00:30 21 Jul 2025
836,Donald Trump (2nd term),Voters,Morning Consult,,4/4/2025,4/6/2025,2207.0, RV,0.5974582,0.0,,46.0,52.0,-6.0,45.52874,51.81898,-6.290241,https://pro.morningconsult.com/trackers/donald-trump-congress-policy-republicans-polling,4/6/2025,23:00:30 21 Jul 2025
842,Donald Trump (2nd term),Voters,Rasmussen Reports,,3/31/2025,4/4/2025,1500.0, LV,0.1497641,0.0,True,48.0,51.0,-3.0,45.318,52.46945,-7.151451,https://www.rasmussenreports.com/public_content/politics/trump_administration_second_term/trump_approval_index_history_second_term#google_vignette,4/4/2025,23:00:30 21 Jul 2025
843,Donald Trump (2nd term),Voters,Lord Ashcroft Polls,,4/9/2025,4/30/2025,8560.0, RV,1.319755,0.0,,46.0,52.0,-6.0,45.55548,52.04041,-6.484928,https://lordashcroftpolls.com/2025/05/trump-america-and-the-western-alliance/,4/30/2025,23:00:30 21 Jul 2025
850,Donald Trump (2nd term),Voters,Rasmussen Reports,,4/24/2025,4/30/2025,1500.0, LV,0.0937483,0.0,True,50.0,49.0,1.0,47.318,50.46945,-3.151451,https://www.rasmussenreports.com/public_content/politics/trump_administration_second_term/trump_approval_index_history_second_term,4/30/2025,23:00:30 21 Jul 2025
856,Donald Trump (2nd term),Voters,Rasmussen Reports,,3/28/2025,4/3/2025,1500.0, LV,0.3180577,0.0,True,49.0,50.0,-1.0,46.318,51.46945,-5.151451,https://www.rasmussenreports.com/public_content/politics/trump_administration_second_term/trump_approval_index_history_second_term,4/3/2025,23:00:30 21 Jul 2025
860,Donald Trump (2nd term),Voters,RMG Research,Napolitan News Service,3/26/2025,4/3/2025,3000.0, RV,0.751601,0.0,,51.0,47.0,4.0,47.9307,49.1671,-1.236401,https://napolitannews.org/jobapproval,4/3/2025,23:00:30 21 Jul 2025
861,Donald Trump (2nd term),Voters,Cygnal,,4/1/2025,4/3/2025,1500.0, LV,1.663411,0.0,,47.0,51.2,-4.200001,46.77512,50.6462,-3.871078,https://www.cygn.al/wp-content/uploads/2025/04/22974-Cygnal-National-NVT-Apr25-Deck-Public.pdf,4/3/2025,23:00:30 21 Jul 2025
862,Donald Trump (2nd term),Voters,J.L. Partners,Daily Mail,4/1/2025,4/3/2025,1019.0, RV,0.7975903,0.0,,47.0,42.0,5.0,47.98232,44.66277,3.31955,https://jlpartners.com/trump-tracker-early-april-2025,4/3/2025,23:00:30 21 Jul 2025
865,Donald Trump (2nd term),Voters,Rasmussen Reports,,4/23/2025,4/29/2025,1500.0, LV,0.0952771,0.0,True,48.0,50.0,-2.0,45.318,51.46945,-6.151451,https://www.rasmussenreports.com/public_content/politics/trump_administration_second_term/trump_approval_index_history_second_term,4/29/2025,23:00:30 21 Jul 2025
870,Donald Trump (2nd term),Voters,Global Strategy Group/GBAO (Navigator Research),,4/24/2025,4/28/2025,1000.0, RV,0.8260709,0.0,,44.0,54.0,-10.0,44.62778,52.99221,-8.364429,https://navigatorresearch.org/wp-content/uploads/2025/04/Navigator-Update-04.30.2025.pdf,4/28/2025,23:00:30 21 Jul 2025
880,Donald Trump (2nd term),Voters,Rasmussen Reports,,4/22/2025,4/28/2025,1500.0, LV,0.0969847,0.0,True,47.0,51.0,-4.0,44.318,52.46945,-8.151451,https://www.rasmussenreports.com/public_content/politics/trump_administration_second_term/trump_approval_index_history_second_term,4/28/2025,23:00:30 21 Jul 2025
884,Donald Trump (2nd term),Voters,YouGov,Yahoo News,4/25/2025,4/28/2025,1024.0, V,0.5884598,0.0,,45.0,54.0,-9.0,45.47718,53.26506,-7.78788,https://www.scribd.com/document/855435184/20250428-combined-trump100,4/28/2025,23:00:30 21 Jul 2025
896,Donald Trump (2nd term),Voters,Emerson College,,4/25/2025,4/28/2025,1000.0, RV,1.39255,0.0,,44.7,45.3,-0.5999985,44.91066,47.78306,-2.872398,https://emersoncollegepolling.com/trump-100-days/,4/28/2025,23:00:30 21 Jul 2025
898,Donald Trump (2nd term),Voters,J.L. Partners,Daily Mail,4/23/2025,4/28/2025,1006.0, RV,0.9377528,0.0,,41.0,50.0,-9.0,41.98232,52.66277,-10.68045,https://x.com/j_l_partners/status/1917225929962643909?s=46,4/28/2025,23:00:30 21 Jul 2025
907,Donald Trump (2nd term),Voters,NewsNation,,4/23/2025,4/27/2025,1448.0, RV,1.036332,0.0,,44.0,56.0,-12.0,44.16948,54.81582,-10.64634,https://www.newsnationnow.com/politics/recession-inflation-immigration-ddhq-poll/amp/,4/27/2025,23:00:30 21 Jul 2025
916,Donald Trump (2nd term),Voters,Morning Consult,,4/25/2025,4/27/2025,2224.0, RV,0.5986479,0.0,,45.0,53.0,-8.0,44.52874,52.81898,-8.290241,https://pro.morningconsult.com/trackers/donald-trump-congress-policy-republicans-polling,4/27/2025,23:00:30 21 Jul 2025
922,Donald Trump (2nd term),Voters,Rasmussen Reports,,4/21/2025,4/25/2025,1500.0, LV,0.1393359,0.0,True,47.0,52.0,-5.0,44.318,53.46945,-9.151451,https://www.rasmussenreports.com/public_content/politics/trump_administration_second_term/trump_approval_index_history_second_term,4/25/2025,23:00:30 21 Jul 2025
941,Donald Trump (2nd term),Voters,Rasmussen Reports,,4/18/2025,4/24/2025,1500.0, LV,0.3040942,0.0,True,47.0,51.0,-4.0,44.318,52.46945,-8.151451,https://www.rasmussenreports.com/public_content/politics/trump_administration_second_term/trump_approval_index_history_second_term,4/24/2025,23:00:30 21 Jul 2025
945,Donald Trump (2nd term),Voters,The Bullfinch Group,,4/18/2025,4/24/2025,1000.0, RV,0.8661351,0.0,,46.0,51.0,-5.0,46.35752,50.89645,-4.538929,https://www.thebullfinchgroup.com/post/public-release-of-bullfinch-nationwide-100-day-review-survey,4/24/2025,23:00:30 21 Jul 2025
948,Donald Trump (2nd term),Voters,SSRS,CNN,4/17/2025,4/24/2025,1476.0, RV,0.9130529,0.0,,43.0,57.0,-14.0,43.6489,54.79696,-11.14806,https://edition.cnn.com/.element/interactive/2025/04/REL5a-Trump-at-100days.pdf,4/24/2025,23:00:30 21 Jul 2025
950,Donald Trump (2nd term),Voters,The New York Times/Siena College,,4/21/2025,4/24/2025,913.0, RV,1.420177,0.0,,42.0,54.0,-12.0,42.72944,53.46981,-10.74037,https://www.nytimes.com/interactive/2025/04/25/us/elections/times-siena-poll-toplines.html,4/24/2025,23:00:30 21 Jul 2025
957,Donald Trump (2nd term),Voters,RMG Research,Napolitan News Service,4/16/2025,4/24/2025,3000.0, RV,0.7417626,0.0,,49.0,48.0,1.0,45.9307,50.1671,-4.236401,https://napolitannews.org/jobapproval,4/24/2025,23:00:30 21 Jul 2025
964,Donald Trump (2nd term),Voters,Rasmussen Reports,,4/17/2025,4/23/2025,1500.0, LV,0.1019839,0.0,True,49.0,49.0,0.0,46.318,50.46945,-4.151451,https://www.rasmussenreports.com/public_content/politics/trump_administration_second_term/trump_approval_index_history_second_term,4/23/2025,23:00:30 21 Jul 2025
966,Donald Trump (2nd term),Voters,Marist College,NPR | PBS News,4/21/2025,4/23/2025,1324.0, RV,1.46256,0.0,,43.0,53.0,-10.0,43.86886,52.23331,-8.364452,https://maristpoll.marist.edu/wp-content/uploads/2025/04/NPR_PBS-News_Marist-Poll_USA-NOS-and-Tables_202504251028-2.pdf,4/23/2025,23:00:30 21 Jul 2025
974,Donald Trump (2nd term),Voters,John Zogby Strategies,,4/22/2025,4/23/2025,1000.0, V,0.9514055,0.0,,48.0,50.0,-2.0,47.47763,50.41814,-2.94051,https://johnzogbystrategies.com/real-time-analysis-of-trumps-dropping-numbers-among-bellwether-groups/,4/23/2025,23:00:30 21 Jul 2025
975,Donald Trump (2nd term),Voters,YouGov,The Times of London,4/21/2025,4/23/2025,950.0, RV,0.5452117,0.0,,44.0,52.0,-8.0,44.47718,51.26506,-6.78788,https://d3nkl3psvxxpe9.cloudfront.net/documents/times_20250425.pdf,4/23/2025,23:00:30 21 Jul 2025
983,Donald Trump (2nd term),Voters,YouGov,Economist,4/19/2025,4/22/2025,1446.0, RV,0.6441891,0.0,,44.0,53.0,-9.0,44.47718,52.26506,-7.78788,https://d3nkl3psvxxpe9.cloudfront.net/documents/econTabReport_iR37dyy.pdf,4/22/2025,23:00:30 21 Jul 2025
995,Donald Trump (2nd term),Voters,Ipsos,The Washington Post | ABC News,4/18/2025,4/22/2025,1992.0, RV,1.181996,0.0,,42.0,55.0,-13.0,42.64411,53.73948,-11.09537,https://www.washingtonpost.com/tablet/2025/04/25/april-18-22-2025-washington-post-abc-news-ipsos-national-poll/,4/22/2025,23:00:30 21 Jul 2025
998,Donald Trump (2nd term),Voters,Rasmussen Reports,,4/16/2025,4/22/2025,1500.0, LV,0.1027333,0.0,True,50.0,48.0,2.0,47.318,49.46945,-2.151451,https://www.rasmussenreports.com/public_content/politics/trump_administration_second_term/trump_approval_index_history_second_term,4/22/2025,23:00:30 21 Jul 2025
1000,Donald Trump (2nd term),Voters,Rasmussen Reports,,4/15/2025,4/21/2025,1500.0, LV,0.1036187,0.0,True,50.0,47.0,3.0,47.318,48.46945,-1.151451,https://www.rasmussenreports.com/public_content/politics/trump_administration_second_term/trump_approval_index_history_second_term,4/21/2025,23:00:30 21 Jul 2025
1007,Donald Trump (2nd term),Voters,Beacon Research/Shaw & Co. Research,FOX News,4/18/2025,4/21/2025,1104.0, RV,1.464124,0.0,,44.0,55.0,-11.0,43.94761,53.97917,-10.03156,https://static.foxnews.com/foxnews.com/content/uploads/2025/04/fox_april-18-21-2025_national_topline_april-23-release.pdf?_gl=1*qk6xuf*_ga*YW1wLWN4NDF2YTdsN1hSRkN4T0t6bFo2d2c.*_ga_RH94J2NTVM*MTc0NTQ1MDEwOC4xLjEuMTc0NTQ1MDEwOS4wLjAuMA..,4/21/2025,23:00:30 21 Jul 2025
1028,Donald Trump (2nd term),Voters,American Research Group,,4/17/2025,4/20/2025,1010.0, RV,0.8901011,0.0,,43.0,53.0,-10.0,45.17081,51.12141,-5.9506,https://americanresearchgroup.com/economy/,4/20/2025,23:00:30 21 Jul 2025
1030,Donald Trump (2nd term),Voters,Morning Consult,,4/18/2025,4/20/2025,2207.0, RV,0.5977743,0.0,,46.0,52.0,-6.0,45.52874,51.81898,-6.290241,https://pro.morningconsult.com/trackers/donald-trump-congress-policy-republicans-polling,4/20/2025,23:00:30 21 Jul 2025
1054,Donald Trump (2nd term),Voters,Rasmussen Reports,,3/27/2025,4/2/2025,1500.0, LV,0.1063044,0.0,True,49.0,49.0,0.0,46.318,50.46945,-4.151451,https://www.rasmussenreports.com/public_content/politics/trump_administration_second_term/trump_approval_index_history_second_term,4/2/2025,23:00:30 21 Jul 2025
1059,Donald Trump (2nd term),Voters,McLaughlin & Associates,America's New Majority Project,4/16/2025,4/19/2025,1638.0, LV,0.7881902,0.0,,49.1,50.8,-1.700001,47.7767,51.01254,-3.23584,https://americasnewmajorityproject.com/wp-content/uploads/2025/04/20250419-NationalANMP-Tabs.pdf,4/19/2025,23:00:30 21 Jul 2025
1060,Donald Trump (2nd term),Voters,Rasmussen Reports,,4/14/2025,4/18/2025,1500.0, LV,0.1458321,0.0,True,52.0,46.0,6.0,49.318,47.46945,1.848549,https://www.rasmussenreports.com/public_content/politics/trump_administration_second_term/trump_approval_index_history_second_term,4/18/2025,23:00:30 21 Jul 2025
1065,Donald Trump (2nd term),Voters,OH Predictive Insights,Center Square,4/15/2025,4/18/2025,2527.0, RV,1.628991,0.0,,44.0,53.0,-9.0,44.3241,52.58826,-8.26416,https://bloximages.newyork1.vip.townnews.com/thecentersquare.com/content/tncms/assets/v3/editorial/4/1f/41f50a5a-e1f1-42f9-a450-525eec838a6d/680a44685a7c8.pdf.pdf,4/18/2025,23:00:30 21 Jul 2025
1070,Donald Trump (2nd term),Voters,Rasmussen Reports,,4/11/2025,4/17/2025,1500.0, LV,0.3115207,0.0,True,51.0,47.0,4.0,48.318,48.46945,-0.1514511,https://www.rasmussenreports.com/public_content/politics/trump_administration_second_term/trump_approval_index_history_second_term,4/17/2025,23:00:30 21 Jul 2025
1074,Donald Trump (2nd term),Voters,RMG Research,Napolitan News Service,4/9/2025,4/16/2025,3000.0, RV,0.7428132,0.0,,48.0,51.0,-3.0,44.9307,53.1671,-8.236401,https://napolitannews.org/jobapproval,4/16/2025,23:00:30 21 Jul 2025
1080,Donald Trump (2nd term),Voters,Rasmussen Reports,,4/10/2025,4/16/2025,1500.0, LV,0.104496,0.0,True,50.0,48.0,2.0,47.318,49.46945,-2.151451,https://www.rasmussenreports.com/public_content/politics/trump_administration_second_term/trump_approval_index_history_second_term,4/16/2025,23:00:30 21 Jul 2025
1084,Donald Trump (2nd term),Voters,Civiqs,Daily Kos,4/12/2025,4/15/2025,1124.0, RV,1.149724,0.0,,46.0,53.0,-7.0,45.82138,52.04827,-6.226891,https://civiqs.com/reports/2025/04/17/report-americans-say-trumps-tariffs-will-raise-prices,4/15/2025,23:00:30 21 Jul 2025
1085,Donald Trump (2nd term),Voters,YouGov,Economist,4/13/2025,4/15/2025,1329.0, RV,0.6766285,0.0,,45.0,53.0,-8.0,45.47718,52.26506,-6.78788,https://d3nkl3psvxxpe9.cloudfront.net/documents/econTabReport_wmD8f2B.pdf,4/15/2025,23:00:30 21 Jul 2025
1094,Donald Trump (2nd term),Voters,Rasmussen Reports,,4/9/2025,4/15/2025,1500.0, LV,0.1052834,0.0,True,50.0,48.0,2.0,47.318,49.46945,-2.151451,https://www.rasmussenreports.com/public_content/politics/trump_administration_second_term/trump_approval_index_history_second_term,4/15/2025,23:00:30 21 Jul 2025
1101,Donald Trump (2nd term),Voters,Rasmussen Reports,,4/8/2025,4/14/2025,1500.0, LV,0.1062083,0.0,True,50.0,49.0,1.0,47.318,50.46945,-3.151451,https://www.rasmussenreports.com/public_content/politics/trump_administration_second_term/trump_approval_index_history_second_term,4/14/2025,23:00:30 21 Jul 2025
1106,Donald Trump (2nd term),Voters,Clarity Campaign Labs,,4/9/2025,4/14/2025,1008.0, RV,1.092487,0.0,,46.0,49.0,-3.0,45.57701,49.99861,-4.4216,https://45840940.fs1.hubspotusercontent-na1.net/hubfs/45840940/Clarity%20Omnibus%20Overview_April%202025.pdf,4/14/2025,23:00:30 21 Jul 2025
1113,Donald Trump (2nd term),Voters,Echelon Insights,,4/10/2025,4/14/2025,1014.0, LV,1.251596,0.0,,47.0,51.0,-4.0,46.67019,50.74187,-4.071682,https://echeloninsights.com/in-the-news/april-2025-verified-voter-omnibus-2-2-2-2/,4/14/2025,23:00:30 21 Jul 2025
1116,Donald Trump (2nd term),Voters,J.L. Partners,Daily Mail,4/10/2025,4/14/2025,1002.0, RV,0.8494394,0.0,,48.0,42.0,6.0,48.98232,44.66277,4.31955,https://jlpartners.com/trump-tracker-mid-april-2025,4/14/2025,23:00:30 21 Jul 2025
1142,Donald Trump (2nd term),Voters,Morning Consult,,4/11/2025,4/13/2025,2203.0, RV,0.5969962,0.0,,45.0,52.0,-7.0,44.52874,51.81898,-7.290241,https://pro.morningconsult.com/trackers/donald-trump-congress-policy-republicans-polling,4/13/2025,23:00:30 21 Jul 2025
1145,Donald Trump (2nd term),Voters,RealClear Opinion Research,,4/10/2025,4/12/2025,1000.0, RV,0.91647,0.0,,44.2,43.5,0.7000008,44.50272,45.54175,-1.039032,https://www.yahoo.com/news/rcp-poll-voters-see-campus-145227408.html,4/12/2025,23:00:30 21 Jul 2025
1150,Donald Trump (2nd term),Voters,Rasmussen Reports,,4/7/2025,4/11/2025,1500.0, LV,0.1487494,0.0,True,48.0,50.0,-2.0,45.318,51.46945,-6.151451,https://www.rasmussenreports.com/public_content/politics/trump_administration_second_term/trump_approval_index_history_second_term,4/11/2025,23:00:30 21 Jul 2025
1163,Donald Trump (2nd term),Voters,The Winston Group,Winning the Issues,4/8/2025,4/10/2025,1000.0, RV,1.226484,0.0,,39.0,54.0,-15.0,41.00122,53.20138,-12.20016,https://www.winningtheissues.org/wp-content/uploads/2025/07/Winning-the-Issues-April-2025-National-Survey.pdf,4/10/2025,23:00:30 21 Jul 2025
1168,Donald Trump (2nd term),Voters,Harris Insights & Analytics,Harvard CAPS,4/9/2025,4/10/2025,2286.0, RV,0.9505314,0.0,,48.0,46.0,2.0,46.99707,47.59512,-0.5980492,https://harvardharrispoll.com/wp-content/uploads/2025/04/HHP_April25_KeyResults.pdf,4/10/2025,23:00:30 21 Jul 2025
1169,Donald Trump (2nd term),Voters,RMG Research,Napolitan News Service,4/2/2025,4/10/2025,3000.0, RV,0.7457585,0.0,,49.0,48.0,1.0,45.9307,50.1671,-4.236401,https://napolitannews.org/jobapproval,4/10/2025,23:00:30 21 Jul 2025
1182,Donald Trump (2nd term),Voters,Rasmussen Reports,,4/4/2025,4/10/2025,1500.0, LV,0.3161899,0.0,True,48.0,50.0,-2.0,45.318,51.46945,-6.151451,https://www.rasmussenreports.com/public_content/politics/trump_administration_second_term/trump_approval_index_history_second_term#google_vignette,4/10/2025,23:00:30 21 Jul 2025
1183,Donald Trump (2nd term),Voters,Rasmussen Reports,,3/26/2025,4/1/2025,1500.0, LV,0.1067163,0.0,True,50.0,49.0,1.0,47.318,50.46945,-3.151451,https://www.rasmussenreports.com/public_content/politics/trump_administration_second_term/trump_approval_index_history_second_term,4/1/2025,23:00:30 21 Jul 2025
1184,Donald Trump (2nd term),Voters,Fabrizio Lee & Associates/Impact Research,Wall Street Journal,3/27/2025,4/1/2025,1500.0, RV,1.05411,0.0,,46.0,51.0,-5.0,46.37426,50.5534,-4.179138,https://prod-i.a.dj.com/public/resources/documents/March_2025_WSJPoll.pdf,4/1/2025,23:00:30 21 Jul 2025
1192,Donald Trump (2nd term),Voters,YouGov,Economist,3/30/2025,4/1/2025,1465.0, RV,0.7077868,0.0,,46.0,51.0,-5.0,46.47718,50.26506,-3.78788,https://d3nkl3psvxxpe9.cloudfront.net/documents/econTabReport_Uo7FRzc.pdf#page35,4/1/2025,23:00:30 21 Jul 2025
1209,Donald Trump (2nd term),Voters,Clarity Campaign Labs,,3/3/2025,3/9/2025,1036.0, RV,1.100041,0.0,,50.0,46.0,4.0,49.57701,46.99861,2.5784,https://static1.squarespace.com/static/61ae8d5e55be5c7314b4c83a/t/67d0921f11ba8d57a17670a9/1741722147070/Clarity+Omnibus+Overview+-+March+2025+PUBLIC.pdf,3/9/2025,23:00:30 21 Jul 2025
1212,Donald Trump (2nd term),Voters,Morning Consult,,3/7/2025,3/9/2025,2219.0, RV,0.5948449,0.0,,49.0,49.0,0.0,48.52874,48.81898,-0.2902412,https://pro.morningconsult.com/trackers/donald-trump-congress-policy-republicans-polling,3/9/2025,23:00:30 21 Jul 2025
1219,Donald Trump (2nd term),Voters,SSRS,CNN,3/6/2025,3/9/2025,, RV,0.681035,0.0,,46.0,53.0,-7.0,46.6489,50.79696,-4.14806,https://s3.documentcloud.org/documents/25558091/cnn-poll-trumps-performance-and-economy.pdf,3/9/2025,23:00:30 21 Jul 2025
1222,Donald Trump (2nd term),Voters,McLaughlin & Associates,America's New Majority Project,3/4/2025,3/7/2025,1655.0, LV,0.733621,0.0,,51.1,48.9,2.199997,49.7767,49.11255,0.6641502,https://americasnewmajorityproject.com/wp-content/uploads/2025/03/20250307-NationalANMP-Topline.pdf,3/7/2025,23:00:30 21 Jul 2025
1223,Donald Trump (2nd term),Voters,J.L. Partners,Daily Mail,3/5/2025,3/7/2025,1019.0, RV,0.8949394,0.0,,45.0,46.0,-1.0,45.98232,48.66277,-2.68045,https://www.dailymail.co.uk/news/article-14482029/Trumps-latest-approval-rating-50-days-revealed-issue-destroy-presidency.html,3/7/2025,23:00:30 21 Jul 2025
1229,Donald Trump (2nd term),Voters,Rasmussen Reports,,3/2/2025,3/7/2025,1500.0, LV,0.249183,0.0,True,51.0,48.0,3.0,48.318,49.46945,-1.151451,https://www.rasmussenreports.com/public_content/politics/trump_administration_second_term/trump_approval_index_history_second_term,3/7/2025,23:00:30 21 Jul 2025
1234,Donald Trump (2nd term),Voters,RMG Research,Napolitan News Service,3/3/2025,3/6/2025,2000.0, RV,0.6108179,0.0,,51.0,47.0,4.0,47.9307,49.1671,-1.236401,https://napolitannews.org/posts/president-trump-job-approval-51-percent-approve-47-disapprove,3/6/2025,23:00:30 21 Jul 2025
1235,Donald Trump (2nd term),Voters,Rasmussen Reports,,2/28/2025,3/6/2025,1500.0, LV,0.2123621,0.0,True,50.0,48.0,2.0,47.318,49.46945,-2.151451,https://www.rasmussenreports.com/public_content/politics/trump_administration_second_term/trump_approval_index_history_second_term,3/6/2025,23:00:30 21 Jul 2025
1239,Donald Trump (2nd term),Voters,TIPP Insights,League of American Workers,3/4/2025,3/6/2025,1720.0, RV,1.653287,0.0,,43.0,48.0,-5.0,44.29936,48.32185,-4.022491,https://tippinsights.com/league-of-american-workers-poll-march-2025/#google_vignette,3/6/2025,23:00:30 21 Jul 2025
1240,Donald Trump (2nd term),Voters,Trafalgar Group/Insider Advantage,,3/5/2025,3/6/2025,800.0, RV,0.8496418,0.0,,49.5,45.3,4.200001,48.46048,47.00454,1.45594,https://insideradvantage.com/insideradvantage-trafalgar-group-national-survey-trump-approval-post-zelensky-meeting-and-address-to-congress-remains-up-by-five-points/,3/6/2025,23:00:30 21 Jul 2025
1245,Donald Trump (2nd term),Voters,Cygnal,,3/3/2025,3/5/2025,1500.0, LV,1.651151,0.0,,47.4,50.7,-3.299999,47.17512,50.1462,-2.971077,https://www.cygn.al/wp-content/uploads/2025/03/22915-Cygnal-National-NVT-Mar25-Deck-Public.pdf,3/5/2025,23:00:30 21 Jul 2025
1250,Donald Trump (2nd term),Voters,Rasmussen Reports,,2/27/2025,3/5/2025,1500.0, LV,0.106201,0.0,True,50.0,48.0,2.0,47.318,49.46945,-2.151451,https://www.rasmussenreports.com/public_content/politics/trump_administration_second_term/trump_approval_index_history_second_term ,3/5/2025,23:00:30 21 Jul 2025
1266,Donald Trump (2nd term),Voters,Rasmussen Reports,,2/26/2025,3/4/2025,1500.0, LV,0.1063461,0.0,True,51.0,47.0,4.0,48.318,48.46945,-0.1514511,https://www.rasmussenreports.com/public_content/politics/trump_administration_second_term/trump_approval_index_history_second_term ,3/4/2025,23:00:30 21 Jul 2025
1270,Donald Trump (2nd term),Voters,YouGov,Economist,3/1/2025,3/4/2025,1491.0, RV,0.7038567,0.0,,49.0,49.0,0.0,49.47718,48.26506,1.21212,https://d3nkl3psvxxpe9.cloudfront.net/documents/econTabReport_uHE5Cxl.pdf,3/4/2025,23:00:30 21 Jul 2025
1271,Donald Trump (2nd term),Voters,John Zogby Strategies,,3/30/2025,3/31/2025,1000.0, V,0.9477584,0.0,,48.0,48.0,0.0,47.47763,48.41814,-0.9405098,https://johnzogbystrategies.com/real-time-analysis-of-trumps-dropping-numbers-among-bellwether-groups/,3/31/2025,23:00:30 21 Jul 2025
1272,Donald Trump (2nd term),Voters,Rasmussen Reports,,3/25/2025,3/31/2025,1500.0, LV,0.1072604,0.0,True,51.0,48.0,3.0,48.318,49.46945,-1.151451,https://www.rasmussenreports.com/public_content/politics/trump_administration_second_term/trump_approval_index_history_second_term,3/31/2025,23:00:30 21 Jul 2025
1275,Donald Trump (2nd term),Voters,Morning Consult,,3/28/2025,3/30/2025,2210.0, RV,0.5977111,0.0,,47.0,50.0,-3.0,46.52874,49.81898,-3.290241,https://pro.morningconsult.com/trackers/donald-trump-congress-policy-republicans-polling,3/30/2025,23:00:30 21 Jul 2025
1282,Donald Trump (2nd term),Voters,Emerson College,,3/2/2025,3/3/2025,1000.0, RV,1.18439,0.0,,48.0,43.1,4.900002,48.21066,45.58306,2.627598,https://emersoncollegepolling.com/march-2025-national-poll/,3/3/2025,23:00:30 21 Jul 2025
1286,Donald Trump (2nd term),Voters,Civiqs,Daily Kos,2/28/2025,3/3/2025,1031.0, RV,1.124632,0.0,,48.0,52.0,-4.0,47.82138,51.04827,-3.226891,https://civiqs.com/reports/2025/03/04/report-americans-agree-russia-is-responsible-for-the-war,3/3/2025,23:00:30 21 Jul 2025
1288,Donald Trump (2nd term),Voters,Rasmussen Reports,,2/25/2025,3/3/2025,1500.0, LV,0.106619,0.0,True,50.0,48.0,2.0,47.318,49.46945,-2.151451,https://www.rasmussenreports.com/public_content/politics/trump_administration_second_term/trump_approval_index_history_second_term ,3/3/2025,23:00:30 21 Jul 2025
1291,Donald Trump (2nd term),Voters,Rasmussen Reports,,3/24/2025,3/28/2025,1500.0, LV,0.15001,0.0,True,50.0,48.0,2.0,47.318,49.46945,-2.151451,https://www.rasmussenreports.com/public_content/politics/trump_administration_second_term/trump_approval_index_history_second_term,3/28/2025,23:00:30 21 Jul 2025
1298,Donald Trump (2nd term),Voters,Targoz Market Research,Overton Insights,3/24/2025,3/28/2025,1200.0, RV,0.951969,0.0,,46.0,51.0,-5.0,46.70224,50.26017,-3.55793,https://overtoninsights.com/wp-content/uploads/2025/04/Overton-Insights-Poll-April-2025-Crosstabs-Party-Ideology-2024-Vote-1.pdf,3/28/2025,23:00:30 21 Jul 2025
1306,Donald Trump (2nd term),Voters,Marquette University Law School,,3/17/2025,3/27/2025,712.0, RV,1.347345,0.0,,48.0,52.0,-4.0,48.12998,50.48983,-2.359852,https://www.marquette.edu/news-center/2025/marquette-law-school-national-survey-finds-public-skeptical-of-tariffs-inflation-trends-positive-on-nation-s-direction.php,3/27/2025,23:00:30 21 Jul 2025
1317,Donald Trump (2nd term),Voters,RMG Research,Napolitan News Service,3/18/2025,3/27/2025,2000.0, RV,0.6454327,0.0,,52.0,45.0,7.0,48.9307,47.1671,1.763599,https://napolitannews.org/posts/president-trump-job-approval-rating-52-percent-approve-45-disapprove,3/27/2025,23:00:30 21 Jul 2025
1321,Donald Trump (2nd term),Voters,Rasmussen Reports,,3/21/2025,3/27/2025,1500.0, LV,0.3179316,0.0,True,50.0,49.0,1.0,47.318,50.46945,-3.151451,https://www.rasmussenreports.com/public_content/politics/trump_administration_second_term/trump_approval_index_history_second_term,3/27/2025,23:00:30 21 Jul 2025
1327,Donald Trump (2nd term),Voters,Harris Insights & Analytics,Harvard CAPS,3/26/2025,3/27/2025,2746.0, RV,1.124949,0.0,,49.0,46.0,3.0,47.99707,47.59512,0.4019508,https://harvardharrispoll.com/key-results-march-5/,3/27/2025,23:00:30 21 Jul 2025
1330,Donald Trump (2nd term),Voters,J.L. Partners,Daily Mail,3/25/2025,3/27/2025,1001.0, RV,0.8297762,0.0,,45.0,46.0,-1.0,45.98232,48.66277,-2.68045,https://jlpartners.com/trump-tracker-march-2025,3/27/2025,23:00:30 21 Jul 2025
1332,Donald Trump (2nd term),Voters,Rasmussen Reports,,3/20/2025,3/26/2025,1500.0, LV,0.1062472,0.0,True,51.0,48.0,3.0,48.318,49.46945,-1.151451,https://www.rasmussenreports.com/public_content/politics/trump_administration_second_term/trump_approval_index_history_second_term,3/26/2025,23:00:30 21 Jul 2025
1339,Donald Trump (2nd term),Voters,YouGov,Economist,3/22/2025,3/25/2025,1440.0, RV,0.6485744,0.0,,48.0,50.0,-2.0,48.47718,49.26506,-0.7878799,https://d3nkl3psvxxpe9.cloudfront.net/documents/econTabReport_o8LZals.pdf,3/25/2025,23:00:30 21 Jul 2025
1343,Donald Trump (2nd term),Voters,Rasmussen Reports,,3/19/2025,3/25/2025,1500.0, LV,0.1066439,0.0,True,52.0,47.0,5.0,49.318,48.46945,0.8485489,https://www.rasmussenreports.com/public_content/politics/trump_administration_second_term/trump_approval_index_history_second_term,3/25/2025,23:00:30 21 Jul 2025
1347,Donald Trump (2nd term),Voters,YouGov,Yahoo News,3/20/2025,3/24/2025,1066.0, V,0.5735167,0.0,,47.0,50.0,-3.0,47.47718,49.26506,-1.78788,https://www.scribd.com/document/844115747/Yahoo-News-YouGov-March-2025-Poll,3/24/2025,23:00:30 21 Jul 2025
1353,Donald Trump (2nd term),Voters,Rasmussen Reports,,3/18/2025,3/24/2025,1500.0, LV,0.1071728,0.0,True,51.0,47.0,4.0,48.318,48.46945,-0.1514511,https://www.rasmussenreports.com/public_content/politics/trump_administration_second_term/trump_approval_index_history_second_term,3/24/2025,23:00:30 21 Jul 2025
1366,Donald Trump (2nd term),Voters,Morning Consult,,3/21/2025,3/23/2025,2206.0, RV,0.5964211,0.0,,47.0,51.0,-4.0,46.52874,50.81898,-4.290241,https://pro.morningconsult.com/trackers/donald-trump-congress-policy-republicans-polling?utm_source=newsletter&utm_medium=email&utm_campaign=our_best_intel&utm_content=032425,3/23/2025,23:00:30 21 Jul 2025
1367,Donald Trump (2nd term),Voters,GBAO,Third Way,3/17/2025,3/23/2025,2000.0, RV,1.210367,0.0,,48.0,50.0,-2.0,47.93367,49.8344,-1.90073,https://www.thirdway.org/memo/breaking-through-the-noise-on-trumps-chaotic-first-two-months,3/23/2025,23:00:30 21 Jul 2025
1380,Donald Trump (2nd term),Voters,Rasmussen Reports,,3/17/2025,3/21/2025,1500.0, LV,0.1497672,0.0,True,52.0,46.0,6.0,49.318,47.46945,1.848549,https://www.rasmussenreports.com/public_content/politics/trump_administration_second_term/trump_approval_index_history_second_term,3/21/2025,23:00:30 21 Jul 2025
1388,Donald Trump (2nd term),Voters,Rasmussen Reports,,3/14/2025,3/20/2025,1500.0, LV,0.3176396,0.0,True,51.0,47.0,4.0,48.318,48.46945,-0.1514511,https://www.rasmussenreports.com/public_content/politics/trump_administration_second_term/trump_approval_index_history_second_term,3/20/2025,23:00:30 21 Jul 2025
1395,Donald Trump (2nd term),Voters,American Research Group,,3/17/2025,3/20/2025,1011.0, RV,0.8815433,0.0,,46.0,51.0,-5.0,48.17081,49.12141,-0.9505997,https://americanresearchgroup.com/economy/,3/20/2025,23:00:30 21 Jul 2025
1399,Donald Trump (2nd term),Voters,The Justice Research Fund,Working Families Power,2/24/2025,3/2/2025,2049.0, RV,1.05615,0.0,,47.0,50.0,-3.0,47.25728,49.44243,-2.18515,https://drive.google.com/file/d/1psgeNBsAPSV3-diBTaAIE4_wiFjYwk5y/view,3/2/2025,23:00:30 21 Jul 2025
1407,Donald Trump (2nd term),Voters,Public Opinion Strategies,Paragon Health Institute,2/25/2025,3/2/2025,1000.0, RV,1.268962,0.0,,51.0,49.0,2.0,50.07518,48.80708,1.268101,https://paragoninstitute.org/medicaid/paragon-health-policy-survey-2025/,3/2/2025,23:00:30 21 Jul 2025
1410,Donald Trump (2nd term),Voters,Morning Consult,,2/28/2025,3/2/2025,2229.0, RV,0.5855247,0.0,,49.0,48.0,1.0,48.52874,47.81898,0.7097588,https://pro.morningconsult.com/trackers/donald-trump-congress-policy-republicans-polling,3/2/2025,23:00:30 21 Jul 2025
1414,Donald Trump (2nd term),Voters,RMG Research,Napolitan News Service,3/12/2025,3/19/2025,3000.0, RV,0.7237247,0.0,,53.0,45.0,8.0,49.9307,47.1671,2.763599,https://napolitannews.org/posts/president-trump-job-approval-rating-53-percent-approve-45-disapprove,3/19/2025,23:00:30 21 Jul 2025
1416,Donald Trump (2nd term),Voters,Rasmussen Reports,,3/13/2025,3/19/2025,1500.0, LV,0.1062903,0.0,True,50.0,48.0,2.0,47.318,49.46945,-2.151451,https://www.rasmussenreports.com/public_content/politics/trump_administration_second_term/trump_approval_index_history_second_term,3/19/2025,23:00:30 21 Jul 2025
1426,Donald Trump (2nd term),Voters,Rasmussen Reports,,3/12/2025,3/18/2025,1500.0, LV,0.1065116,0.0,True,50.0,48.0,2.0,47.318,49.46945,-2.151451,https://www.rasmussenreports.com/public_content/politics/trump_administration_second_term/trump_approval_index_history_second_term,3/18/2025,23:00:30 21 Jul 2025
1434,Donald Trump (2nd term),Voters,YouGov,Economist,3/16/2025,3/18/2025,1458.0, RV,0.6711555,0.0,,47.0,50.0,-3.0,47.47718,49.26506,-1.78788,https://d3nkl3psvxxpe9.cloudfront.net/documents/econTabReport_ngfganU.pdf#page40,3/18/2025,23:00:30 21 Jul 2025
1436,Donald Trump (2nd term),Voters,Remington Research Group,Humanity for Freedom Foundation,3/15/2025,3/18/2025,800.0, LV,0.999693,0.0,,50.0,48.0,2.0,49.39624,48.36897,1.027271,https://www.humanityforfreedomfoundation.org/freedomlight,3/18/2025,23:00:30 21 Jul 2025
1444,Donald Trump (2nd term),Voters,North Star Opinion Research,Defending Democracy Together,3/13/2025,3/17/2025,1000.0, RV,1.158492,0.0,,46.0,51.0,-5.0,46.5055,50.50546,-3.999958,https://www.defendingdemocracytogether.org/app/uploads/2025/03/Elon-Musk-Poll-Toplines-Defending-Democracy-Together.pdf,3/17/2025,23:00:30 21 Jul 2025
1450,Donald Trump (2nd term),Voters,Rasmussen Reports,,3/11/2025,3/17/2025,1500.0, LV,0.106812,0.0,True,50.0,47.0,3.0,47.318,48.46945,-1.151451,https://www.rasmussenreports.com/public_content/politics/trump_administration_second_term/trump_approval_index_history_second_term,3/17/2025,23:00:30 21 Jul 2025
1455,Donald Trump (2nd term),Voters,Global Strategy Group/GBAO (Navigator Research),,3/13/2025,3/17/2025,1000.0, RV,0.8260709,0.0,,47.0,49.0,-2.0,47.62778,47.99221,-0.3644295,https://navigatorresearch.org/wp-content/uploads/2025/03/Navigator-Update-Topline-F03.17.25.pdf,3/17/2025,23:00:30 21 Jul 2025
1456,Donald Trump (2nd term),Voters,Beacon Research/Shaw & Co. Research,FOX News,3/14/2025,3/17/2025,994.0, RV,1.414738,0.0,,49.0,51.0,-2.0,48.94761,49.97917,-1.031563,https://www.foxnews.com/politics/fox-news-poll-trump-republicans-record-high-ratings-democrats-falter,3/17/2025,23:00:30 21 Jul 2025
1464,Donald Trump (2nd term),Voters,Morning Consult,,3/14/2025,3/16/2025,2210.0, RV,0.5943432,0.0,,48.0,50.0,-2.0,47.52874,49.81898,-2.290241,https://pro.morningconsult.com/trackers/donald-trump-congress-policy-republicans-polling,3/16/2025,23:00:30 21 Jul 2025
1474,Donald Trump (2nd term),Voters,Rasmussen Reports,,3/10/2025,3/14/2025,1500.0, LV,0.1491701,0.0,True,50.0,48.0,2.0,47.318,49.46945,-2.151451,https://www.rasmussenreports.com/public_content/politics/trump_administration_second_term/trump_approval_index_history_second_term,3/14/2025,23:00:30 21 Jul 2025
1476,Donald Trump (2nd term),Voters,Blueprint Polling,,3/13/2025,3/14/2025,1400.0, LV,1.113644,0.0,,45.0,51.0,-6.0,45.80842,50.55869,-4.750271,https://blueprint-research.com/polling/trump-musk-vulnerabilities-topline/,3/14/2025,23:00:30 21 Jul 2025
1480,Donald Trump (2nd term),Voters,Rasmussen Reports,,3/7/2025,3/13/2025,1500.0, LV,0.316196,0.0,True,52.0,47.0,5.0,49.318,48.46945,0.8485489,https://www.rasmussenreports.com/public_content/politics/trump_administration_second_term/trump_approval_index_history_second_term,3/13/2025,23:00:30 21 Jul 2025
1482,Donald Trump (2nd term),Voters,Echelon Insights,,3/10/2025,3/13/2025,1007.0, LV,1.216695,0.0,,49.0,48.0,1.0,48.67019,47.74187,0.928318,https://echelonin.wpenginepowered.com/wp-content/uploads/March-2025-Voter-Omnibus-Topline-External.pdf,3/13/2025,23:00:30 21 Jul 2025
1486,Donald Trump (2nd term),Voters,RMG Research,Napolitan News Service,3/6/2025,3/13/2025,3000.0, RV,0.6971431,0.0,,54.0,44.0,10.0,50.9307,46.1671,4.763599,https://napolitannews.org/posts/president-trump-job-approval-54-percent-approve-44-disapprove,3/13/2025,23:00:30 21 Jul 2025
1495,Donald Trump (2nd term),Voters,Rasmussen Reports,,3/6/2025,3/12/2025,1500.0, LV,0.1056312,0.0,True,52.0,47.0,5.0,49.318,48.46945,0.8485489,https://www.rasmussenreports.com/public_content/politics/trump_administration_second_term/trump_approval_index_history_second_term,3/12/2025,23:00:30 21 Jul 2025
1511,Donald Trump (2nd term),Voters,YouGov,Economist,3/9/2025,3/11/2025,1532.0, RV,0.7268782,0.0,,48.0,49.0,-1.0,48.47718,48.26506,0.2121201,https://d3nkl3psvxxpe9.cloudfront.net/documents/econTabReport_ddjSlqx.pdf#page=35,3/11/2025,23:00:30 21 Jul 2025
1518,Donald Trump (2nd term),Voters,Hart Research Associates/Public Opinion Strategies,NBC News,3/7/2025,3/11/2025,1000.0, RV,1.270486,0.0,,47.0,51.0,-4.0,47.14463,50.43387,-3.289238,https://www.documentcloud.org/documents/25569109-nbc-march-2025-poll-3-16-2025-release/,3/11/2025,23:00:30 21 Jul 2025
1522,Donald Trump (2nd term),Voters,Rasmussen Reports,,3/5/2025,3/11/2025,1500.0, LV,0.1059893,0.0,True,51.0,47.0,4.0,48.318,48.46945,-0.1514511,https://www.rasmussenreports.com/public_content/politics/trump_administration_second_term/trump_approval_index_history_second_term,3/11/2025,23:00:30 21 Jul 2025
1525,Donald Trump (2nd term),Voters,Quinnipiac University,,3/6/2025,3/10/2025,1198.0, RV,1.31116,0.0,,42.0,53.0,-11.0,44.57624,51.90287,-7.32663,https://poll.qu.edu/poll-release?releaseid=3921,3/10/2025,23:00:30 21 Jul 2025
1526,Donald Trump (2nd term),Voters,Rasmussen Reports,,3/4/2025,3/10/2025,1500.0, LV,0.1064784,0.0,True,50.0,48.0,2.0,47.318,49.46945,-2.151451,https://www.rasmussenreports.com/public_content/politics/trump_administration_second_term/trump_approval_index_history_second_term,3/10/2025,23:00:30 21 Jul 2025
1530,Donald Trump (2nd term),Voters,Emerson College,,3/8/2025,3/10/2025,1000.0, RV,1.214735,0.0,,47.2,45.0,2.200001,47.41066,47.48306,-0.0723991,https://thehill.com/homenews/administration/5187064-trump-approval-rating-drops/,3/10/2025,23:00:30 21 Jul 2025
1540,Donald Trump (2nd term),Voters,John Zogby Strategies,,2/28/2025,3/1/2025,1001.0, V,0.9799457,0.0,,47.7,47.5,0.2000008,47.17763,47.91814,-0.740509,https://johnzogbystrategies.com/03-03-25-new-zogby-strategies-poll-on-trump-the-democrats-first-40-days/,3/1/2025,23:00:30 21 Jul 2025
1550,Donald Trump (2nd term),Voters,J.L. Partners,Daily Mail,2/7/2025,2/9/2025,1017.0, RV,1.015341,0.0,,46.0,40.0,6.0,46.98232,42.66277,4.31955,https://jlpartners.com/trump-tracker-february-2025,2/9/2025,23:00:30 21 Jul 2025
1554,Donald Trump (2nd term),Voters,Morning Consult,,2/7/2025,2/9/2025,2230.0, RV,0.5989048,0.0,,50.0,48.0,2.0,49.52874,47.81898,1.709759,https://pro.morningconsult.com/trackers/donald-trump-congress-policy-republicans-polling,2/9/2025,23:00:30 21 Jul 2025
1555,Donald Trump (2nd term),Voters,Trafalgar Group/Insider Advantage,,2/7/2025,2/9/2025,1321.0, RV,0.9507654,0.0,,53.9,45.3,8.600002,52.86048,47.00454,5.855942,https://www.thetrafalgargroup.org/wp-content/uploads/2025/02/National-25-Trump-Approval-Full-Report-0210.pdf,2/9/2025,23:00:30 21 Jul 2025
1562,Donald Trump (2nd term),Voters,Rasmussen Reports,,2/3/2025,2/7/2025,1500.0, LV,0.1548886,0.0,True,52.0,45.0,7.0,49.318,46.46945,2.848549,https://www.rasmussenreports.com/public_content/politics/trump_administration_second_term/trump_approval_index_history_second_term ,2/7/2025,23:00:30 21 Jul 2025
1566,Donald Trump (2nd term),Voters,RMG Research,Napolitan News Service,2/3/2025,2/6/2025,3000.0, RV,0.7463244,0.0,,51.0,45.0,6.0,47.9307,47.1671,0.7635994,https://napolitannews.org/posts/president-trump-job-approval-51-percent-approve-45-disapprove,2/6/2025,23:00:30 21 Jul 2025
1568,Donald Trump (2nd term),Voters,Rasmussen Reports,,1/31/2025,2/6/2025,1500.0, LV,0.333977,0.0,True,51.0,45.0,6.0,48.318,46.46945,1.848549,https://www.rasmussenreports.com/public_content/politics/trump_administration_second_term/trump_approval_index_history_second_term ,2/6/2025,23:00:30 21 Jul 2025
1571,Donald Trump (2nd term),Voters,Clarity Campaign Labs,,1/31/2025,2/6/2025,1102.0, RV,1.117145,0.0,,48.0,43.0,5.0,47.57701,43.99861,3.5784,https://static1.squarespace.com/static/61ae8d5e55be5c7314b4c83a/t/67aa57a7976e415c4d212706/1739216809584/Clarity+Omnibus+Overview+-+Jan_Feb+2025.pdf,2/6/2025,23:00:30 21 Jul 2025
1578,Donald Trump (2nd term),Voters,Rasmussen Reports,,1/30/2025,2/5/2025,1500.0, LV,0.1129072,0.0,True,51.0,45.0,6.0,48.318,46.46945,1.848549,https://www.rasmussenreports.com/public_content/politics/trump_administration_second_term/trump_approval_index_history_second_term ,2/5/2025,23:00:30 21 Jul 2025
1580,Donald Trump (2nd term),Voters,Cygnal,,2/4/2025,2/5/2025,1500.0, LV,1.657212,0.0,,49.8,47.5,2.299999,49.57512,46.9462,2.628918,https://www.cygn.al/poll-trump-winning-over-black-men-dei-skeptics-and-border-hawks-as-democrats-lose-ground/,2/5/2025,23:00:30 21 Jul 2025
1581,Donald Trump (2nd term),Voters,Marquette University Law School,,1/27/2025,2/5/2025,775.0, RV,1.388692,0.0,,48.0,52.0,-4.0,48.12998,50.48983,-2.359852,https://law.marquette.edu/poll/2025/02/11/detailed-results-of-the-marquette-law-school-supreme-court-poll-jan-27-feb-5-2025-national-issues/,2/5/2025,23:00:30 21 Jul 2025
1589,Donald Trump (2nd term),Voters,YouGov,Economist,2/2/2025,2/4/2025,1423.0, RV,0.800636,0.0,,48.0,47.0,1.0,48.47718,46.26506,2.21212,https://d3nkl3psvxxpe9.cloudfront.net/documents/econTabReport_FOXP71G.pdf,2/4/2025,23:00:30 21 Jul 2025
1591,Donald Trump (2nd term),Voters,Rasmussen Reports,,1/29/2025,2/4/2025,1500.0, LV,0.1145397,0.0,True,51.0,45.0,6.0,48.318,46.46945,1.848549,https://www.rasmussenreports.com/public_content/politics/trump_administration_second_term/trump_approval_index_history_second_term ,2/4/2025,23:00:30 21 Jul 2025
1598,Donald Trump (2nd term),Voters,Rasmussen Reports,,1/28/2025,2/3/2025,1500.0, LV,0.1163969,0.0,True,52.0,45.0,7.0,49.318,46.46945,2.848549,https://www.rasmussenreports.com/public_content/politics/trump_administration_second_term/trump_approval_index_history_second_term ,2/3/2025,23:00:30 21 Jul 2025
1604,Donald Trump (2nd term),Voters,Morning Consult,,1/31/2025,2/3/2025,2303.0, RV,0.6446912,0.0,,49.0,47.0,2.0,48.52874,46.81898,1.709759,https://pro.morningconsult.com/trackers/donald-trump-congress-policy-republicans-polling,2/3/2025,23:00:30 21 Jul 2025
1607,Donald Trump (2nd term),Voters,Global Strategy Group/GBAO (Navigator Research),,1/30/2025,2/3/2025,1000.0, RV,0.8567227,0.0,,49.0,47.0,2.0,49.62778,45.99221,3.635571,https://navigatorresearch.org/while-three-in-four-americans-see-trump-as-bringing-change-to-government-only-two-in-five-view-this-change-as-positive/,2/3/2025,23:00:30 21 Jul 2025
1612,Donald Trump (2nd term),Voters,RMG Research,Napolitan News Service,2/24/2025,2/28/2025,3000.0, RV,0.7220427,0.0,,53.0,45.0,8.0,49.9307,47.1671,2.763599,https://napolitannews.org/posts/president-trump-job-approval-53-percent-approve-45-disapprove,2/28/2025,23:00:30 21 Jul 2025
1616,Donald Trump (2nd term),Voters,SSRS,CNN,2/24/2025,2/28/2025,, RV,0.6269624,0.0,,48.0,52.0,-4.0,48.6489,49.79696,-1.14806,https://www.cnn.com/2025/03/02/politics/poll-trump-negative-congress-address,2/28/2025,23:00:30 21 Jul 2025
1621,Donald Trump (2nd term),Voters,Rasmussen Reports,,2/24/2025,2/28/2025,1500.0, LV,0.1482736,0.0,True,50.0,48.0,2.0,47.318,49.46945,-2.151451,https://www.rasmussenreports.com/public_content/politics/trump_administration_second_term/trump_approval_index_history_second_term ,2/28/2025,23:00:30 21 Jul 2025
1633,Donald Trump (2nd term),Voters,Rasmussen Reports,,2/20/2025,2/26/2025,1500.0, LV,0.4117362,0.0,True,50.0,49.0,1.0,47.318,50.46945,-3.151451,https://www.rasmussenreports.com/public_content/politics/trump_administration_second_term/trump_approval_index_history_second_term ,2/26/2025,23:00:30 21 Jul 2025
1634,Donald Trump (2nd term),Voters,Marist College,NPR | PBS News,2/24/2025,2/26/2025,1533.0, RV,1.528378,0.0,,45.0,51.0,-6.0,45.86886,50.23331,-4.364452,https://maristpoll.marist.edu/polls/the-state-of-the-union-march-2025/,2/26/2025,23:00:30 21 Jul 2025
1638,Donald Trump (2nd term),Voters,The Bullfinch Group,Independent Center,2/22/2025,2/26/2025,1000.0, RV,0.91647,0.0,,48.0,47.0,1.0,48.35752,46.89645,1.461071,https://projects.fivethirtyeight.com/polls/20250303_US_Bullfinch.pdf,2/26/2025,23:00:30 21 Jul 2025
1645,Donald Trump (2nd term),Voters,Rasmussen Reports,,2/19/2025,2/25/2025,1500.0, LV,0.2061266,0.0,True,50.0,48.0,2.0,47.318,49.46945,-2.151451,https://www.rasmussenreports.com/public_content/politics/trump_administration_second_term/trump_approval_index_history_second_term ,2/25/2025,23:00:30 21 Jul 2025
1647,Donald Trump (2nd term),Voters,YouGov,Economist,2/23/2025,2/25/2025,1444.0, RV,0.6437318,0.0,,48.0,47.0,1.0,48.47718,46.26506,2.21212,https://d3nkl3psvxxpe9.cloudfront.net/documents/econTabReport_1q7T4HA.pdf,2/25/2025,23:00:30 21 Jul 2025
1652,Donald Trump (2nd term),Voters,J.L. Partners,DailyMail.com,2/24/2025,2/25/2025,1001.0, RV,0.8853058,0.0,,45.0,39.0,6.0,45.98232,41.66277,4.31955,https://jlpartners.com/doge-poll,2/25/2025,23:00:30 21 Jul 2025
1654,Donald Trump (2nd term),Voters,Rasmussen Reports,,2/21/2025,2/25/2025,1500.0, LV,0.0,0.0,True,50.0,48.0,2.0,47.318,49.46945,-2.151451,https://www.rasmussenreports.com/public_content/politics/trump_administration_second_term/trump_approval_index_history_second_term ,2/25/2025,23:00:30 21 Jul 2025
1659,Donald Trump (2nd term),Voters,YouGov,Hoover Institution,2/19/2025,2/24/2025,1198.0, RV,0.596817,0.0,,49.0,44.0,5.0,49.47718,43.26506,6.21212,https://hoover.org/sites/default/files/2025-03/Crosstabs%20-%20Tariff%20Policy%20-%20Hoover%20Institution%20Survey.pdf?_gl=1*1qsu47j*_gcl_au*NzgxODA1ODkuMTc0MTM4OTE0NQ..*_ga*MTY2Nzg3Njc3OC4xNzQxMzg5MTQ1*_ga_0PJBLNCVZ1*MTc0MTM4OTE0NS4xLjEuMTc0MTM4OTE0NS42MC4wLjA.,2/24/2025,23:00:30 21 Jul 2025
1660,Donald Trump (2nd term),Voters,Global Strategy Group/GBAO (Navigator Research),,2/20/2025,2/24/2025,1000.0, RV,0.8260709,0.0,,48.0,49.0,-1.0,48.62778,47.99221,0.6355705,https://navigatorresearch.org/wp-content/uploads/2025/02/Navigator-Topline-F02.24.25.pdf,2/24/2025,23:00:30 21 Jul 2025
1663,Donald Trump (2nd term),Voters,Rasmussen Reports,,2/18/2025,2/24/2025,1500.0, LV,0.1036183,0.0,True,51.0,48.0,3.0,48.318,49.46945,-1.151451,https://www.rasmussenreports.com/public_content/politics/trump_administration_second_term/trump_approval_index_history_second_term ,2/24/2025,23:00:30 21 Jul 2025
1670,Donald Trump (2nd term),Voters,Morning Consult,,2/21/2025,2/24/2025,2225.0, RV,0.594941,0.0,,50.0,47.0,3.0,49.52874,46.81898,2.709759,https://pro.morningconsult.com/trackers/donald-trump-congress-policy-republicans-polling,2/24/2025,23:00:30 21 Jul 2025
1689,Donald Trump (2nd term),Voters,RMG Research,Napolitan News Service,2/18/2025,2/21/2025,3000.0, RV,0.733191,0.0,,53.0,44.0,9.0,49.9307,46.1671,3.763599,https://napolitannews.org/posts/president-trump-job-approval-53-percent-approve-44-disapprove,2/21/2025,23:00:30 21 Jul 2025
1691,Donald Trump (2nd term),Voters,Rasmussen Reports,,2/17/2025,2/21/2025,1500.0, LV,0.1453316,0.0,True,50.0,48.0,2.0,47.318,49.46945,-2.151451,https://www.rasmussenreports.com/public_content/politics/trump_administration_second_term/trump_approval_index_history_second_term ,2/21/2025,23:00:30 21 Jul 2025
1694,Donald Trump (2nd term),Voters,Rasmussen Reports,,2/14/2025,2/20/2025,1500.0, LV,0.310312,0.0,True,51.0,47.0,4.0,48.318,48.46945,-0.1514511,https://www.rasmussenreports.com/public_content/politics/trump_administration_second_term/trump_approval_index_history_second_term ,2/20/2025,23:00:30 21 Jul 2025
1700,Donald Trump (2nd term),Voters,American Research Group,,2/17/2025,2/20/2025,1004.0, RV,0.880228,0.0,,43.0,51.0,-8.0,45.17081,49.12141,-3.9506,https://americanresearchgroup.com/economy/,2/20/2025,23:00:30 21 Jul 2025
1705,Donald Trump (2nd term),Voters,Harris Insights & Analytics,Harvard CAPS,2/19/2025,2/20/2025,2443.0, RV,1.132785,0.0,,52.0,43.0,9.0,50.99707,44.59512,6.401951,https://harvardharrispoll.com/wp-content/uploads/2025/02/HHP_Feb2025_vFinal.pdf,2/20/2025,23:00:30 21 Jul 2025
1713,Donald Trump (2nd term),Voters,Echelon Insights,NetChoice,2/18/2025,2/20/2025,1006.0, LV,1.051318,0.0,,48.0,49.0,-1.0,47.67019,48.74187,-1.071682,https://netchoice.org/new-poll-79-of-voters-think-us-tech-companies-are-key-to-american-global-leadership/,2/20/2025,23:00:30 21 Jul 2025
1728,Donald Trump (2nd term),Voters,Rasmussen Reports,,2/13/2025,2/19/2025,1500.0, LV,0.1040446,0.0,True,52.0,47.0,5.0,49.318,48.46945,0.8485489,https://www.rasmussenreports.com/public_content/politics/trump_administration_second_term/trump_approval_index_history_second_term ,2/19/2025,23:00:30 21 Jul 2025
1730,Donald Trump (2nd term),Voters,OnMessage Inc.,Rescuing the American Dream,2/17/2025,2/19/2025,1000.0, LV,1.404286,0.0,,50.0,49.0,1.0,49.5683,48.55986,1.008438,https://onmessageinc.com/wp-content/uploads/2025/03/National-Survey-RAD-Conference-3-25-RAD-conference-3-5-25.pdf,2/19/2025,23:00:30 21 Jul 2025
1739,Donald Trump (2nd term),Voters,Ipsos,The Washington Post,2/13/2025,2/18/2025,2177.0, RV,1.203803,0.0,,48.0,51.0,-3.0,48.64411,49.73948,-1.095367,https://www.washingtonpost.com/politics/2025/02/20/trump-poll-unpopular-post-ipsos/,2/18/2025,23:00:30 21 Jul 2025
1741,Donald Trump (2nd term),Voters,YouGov,Economist,2/16/2025,2/18/2025,1451.0, RV,0.676486,0.0,,50.0,47.0,3.0,50.47718,46.26506,4.21212,https://d3nkl3psvxxpe9.cloudfront.net/documents/econTabReport_OFVhPxp.pdf,2/18/2025,23:00:30 21 Jul 2025
1743,Donald Trump (2nd term),Voters,Rasmussen Reports,,2/12/2025,2/18/2025,1500.0, LV,0.1047793,0.0,True,53.0,45.0,8.0,50.318,46.46945,3.848549,https://www.rasmussenreports.com/public_content/politics/trump_administration_second_term/trump_approval_index_history_second_term ,2/18/2025,23:00:30 21 Jul 2025
1761,Donald Trump (2nd term),Voters,McLaughlin & Associates,,2/11/2025,2/18/2025,1000.0, LV,0.6367525,0.0,,51.0,46.0,5.0,49.6767,46.21254,3.464161,https://mclaughlinonline.com/pols/wp-content/uploads/2025/02/National-February-Presentation-RELEASE-02-18-25.pdf,2/18/2025,23:00:30 21 Jul 2025
1766,Donald Trump (2nd term),Voters,Quinnipiac University,,2/13/2025,2/17/2025,1039.0, RV,1.236978,0.0,,45.0,49.0,-4.0,47.57624,47.90287,-0.3266296,https://poll.qu.edu/poll-release?releaseid=3919,2/17/2025,23:00:30 21 Jul 2025
1771,Donald Trump (2nd term),Voters,Blueprint Polling,,2/16/2025,2/17/2025,1383.0, RV,1.110317,0.0,,47.0,48.0,-1.0,47.80842,47.55869,0.2497292,https://blueprint-research.com/polling/trump-dems-moment-3-6/,2/17/2025,23:00:30 21 Jul 2025
1774,Donald Trump (2nd term),Voters,co/efficient,,2/15/2025,2/17/2025,2063.0, LV,1.477816,0.0,,48.0,48.0,0.0,47.39795,47.62793,-0.2299805,https://coefficient.org/doge-part-1/,2/17/2025,23:00:30 21 Jul 2025
1777,Donald Trump (2nd term),Voters,Emerson College,,2/15/2025,2/17/2025,1000.0, RV,1.271225,0.0,,47.8,42.2,5.599998,48.01066,44.68306,3.327599,https://emersoncollegepolling.com/february-2025-national-poll-trump-presidential-approval-at-48-musk-doge-job-approval-at-41/,2/17/2025,23:00:30 21 Jul 2025
1783,Donald Trump (2nd term),Voters,Rasmussen Reports,,2/11/2025,2/17/2025,1500.0, LV,0.1056756,0.0,True,52.0,46.0,6.0,49.318,47.46945,1.848549,https://www.rasmussenreports.com/public_content/politics/trump_administration_second_term/trump_approval_index_history_second_term ,2/17/2025,23:00:30 21 Jul 2025
1787,Donald Trump (2nd term),Voters,SSRS,CNN,2/13/2025,2/17/2025,989.0, RV,0.698123,0.0,,46.0,54.0,-8.0,46.6489,51.79696,-5.14806,https://s3.documentcloud.org/documents/25539589/cnn-poll-on-trumps-performance-so-far.pdf,2/17/2025,23:00:30 21 Jul 2025
1801,Donald Trump (2nd term),Voters,Morning Consult,,2/14/2025,2/16/2025,2217.0, RV,0.6090301,0.0,,50.0,47.0,3.0,49.52874,46.81898,2.709759,https://pro.morningconsult.com/trackers/donald-trump-congress-policy-republicans-polling,2/16/2025,23:00:30 21 Jul 2025
1805,Donald Trump (2nd term),Voters,Harris Insights & Analytics,Deseret News,2/14/2025,2/15/2025,1009.0, RV,0.8213806,0.0,,52.0,43.0,9.0,50.99707,44.59512,6.401951,https://www.harrisx.com/content/deseret-news-harrisx-overnight-poll-executive-orders-and-immigration-february-2025,2/15/2025,23:00:30 21 Jul 2025
1810,Donald Trump (2nd term),Voters,RMG Research,Napolitan News Service,2/10/2025,2/14/2025,3000.0, RV,0.7545885,0.0,,55.0,43.0,12.0,51.9307,45.1671,6.763599,https://napolitannews.org/posts/president-trump-job-approval-55-percent-approve-43-disapprove,2/14/2025,23:00:30 21 Jul 2025
1812,Donald Trump (2nd term),Voters,Rasmussen Reports,,2/10/2025,2/14/2025,1500.0, LV,0.1496611,0.0,True,53.0,45.0,8.0,50.318,46.46945,3.848549,https://www.rasmussenreports.com/public_content/politics/trump_administration_second_term/trump_approval_index_history_second_term ,2/14/2025,23:00:30 21 Jul 2025
1817,Donald Trump (2nd term),Voters,Echelon Insights,,2/10/2025,2/13/2025,1010.0, LV,1.048833,0.0,,52.0,46.0,6.0,51.67019,45.74187,5.928318,https://echeloninsights.com/in-the-news/feb-2025-verified-voter-omnibus-2-2/,2/13/2025,23:00:30 21 Jul 2025
1823,Donald Trump (2nd term),Voters,Rasmussen Reports,,2/7/2025,2/13/2025,1500.0, LV,0.3195485,0.0,True,54.0,44.0,10.0,51.318,45.46945,5.848549,https://www.rasmussenreports.com/public_content/politics/trump_administration_second_term/trump_approval_index_history_second_term ,2/13/2025,23:00:30 21 Jul 2025
1826,Donald Trump (2nd term),Voters,Rasmussen Reports,,2/6/2025,2/12/2025,1500.0, LV,0.1072718,0.0,True,54.0,44.0,10.0,51.318,45.46945,5.848549,https://www.rasmussenreports.com/public_content/politics/trump_administration_second_term/trump_approval_index_history_second_term ,2/12/2025,23:00:30 21 Jul 2025
1834,Donald Trump (2nd term),Voters,YouGov,Economist,2/9/2025,2/11/2025,1430.0, RV,0.7434908,0.0,,47.0,49.0,-2.0,47.47718,48.26506,-0.7878799,https://d3nkl3psvxxpe9.cloudfront.net/documents/econTabReport_nyOrDiw.pdf,2/11/2025,23:00:30 21 Jul 2025
1837,Donald Trump (2nd term),Voters,Rasmussen Reports,,2/5/2025,2/11/2025,1500.0, LV,0.1082117,0.0,True,53.0,45.0,8.0,50.318,46.46945,3.848549,https://www.rasmussenreports.com/public_content/politics/trump_administration_second_term/trump_approval_index_history_second_term ,2/11/2025,23:00:30 21 Jul 2025
1838,Donald Trump (2nd term),Voters,Rasmussen Reports,,2/4/2025,2/10/2025,1500.0, LV,0.1093742,0.0,True,53.0,45.0,8.0,50.318,46.46945,3.848549,https://www.rasmussenreports.com/public_content/politics/trump_administration_second_term/trump_approval_index_history_second_term ,2/10/2025,23:00:30 21 Jul 2025
1841,Donald Trump (2nd term),Voters,Fabrizio Lee & Associates/Impact Research,AARP,1/27/2025,2/1/2025,3000.0, RV,1.205463,0.0,,48.0,47.0,1.0,48.37426,46.5534,1.820862,https://www.aarp.org/content/dam/aarp/research/topics/voter-opinion-research/politics/federal-tax-package-legislative-priorities.doi.10.26419-2fres.00921.001.pdf,2/1/2025,23:00:30 21 Jul 2025
1845,Donald Trump (2nd term),Voters,RMG Research,Napolitan News Service,1/27/2025,1/31/2025,4000.0, RV,0.8660704,0.0,,53.0,43.0,10.0,49.9307,45.1671,4.763599,https://napolitannews.org/posts/president-trump-job-approval-53-percent-approve-43-disapprove,1/31/2025,23:00:30 21 Jul 2025
1850,Donald Trump (2nd term),Voters,Rasmussen Reports,,1/27/2025,1/31/2025,1500.0, LV,0.1688626,0.0,True,52.0,45.0,7.0,49.318,46.46945,2.848549,https://www.rasmussenreports.com/public_content/politics/trump_administration_second_term/trump_approval_index_history_second_term ,1/31/2025,23:00:30 21 Jul 2025
1852,Donald Trump (2nd term),Voters,Rasmussen Reports,,1/24/2025,1/30/2025,1500.0, LV,0.3760139,0.0,True,52.0,45.0,7.0,49.318,46.46945,2.848549,https://www.rasmussenreports.com/public_content/politics/trump_administration_second_term/trump_approval_index_history_second_term ,1/30/2025,23:00:30 21 Jul 2025
1856,Donald Trump (2nd term),Voters,Rasmussen Reports,,1/23/2025,1/29/2025,1500.0, LV,0.1292621,0.0,True,50.0,47.0,3.0,47.318,48.46945,-1.151451,https://www.rasmussenreports.com/public_content/politics/trump_administration_second_term/trump_approval_index_history_second_term ,1/29/2025,23:00:30 21 Jul 2025
1861,Donald Trump (2nd term),Voters,Emerson College,,1/27/2025,1/28/2025,1000.0, RV,1.351629,0.0,,48.5,41.2,7.299999,48.71066,43.68306,5.027599,https://emersoncollegepolling.com/january-2025-national-poll-trump-starts-term-with-49-approval-41-disapproval-rating/,1/28/2025,23:00:30 21 Jul 2025
1865,Donald Trump (2nd term),Voters,Rasmussen Reports,,1/22/2025,1/28/2025,1500.0, LV,0.1340271,0.0,True,52.0,45.0,7.0,49.318,46.46945,2.848549,https://www.rasmussenreports.com/public_content/politics/trump_administration_second_term/trump_approval_index_history_second_term ,1/28/2025,23:00:30 21 Jul 2025
1869,Donald Trump (2nd term),Voters,co/efficient,,1/25/2025,1/28/2025,1570.0, LV,1.365183,0.0,,52.0,47.0,5.0,51.39795,46.62793,4.77002,https://coefficient.org/post-inauguration-study/,1/28/2025,23:00:30 21 Jul 2025
1870,Donald Trump (2nd term),Voters,YouGov,Economist,1/26/2025,1/28/2025,1376.0, RV,0.9253371,0.0,,50.0,46.0,4.0,50.47718,45.26506,5.21212,https://d3nkl3psvxxpe9.cloudfront.net/documents/econTabReport_m8tctwx.pdf,1/28/2025,23:00:30 21 Jul 2025
1876,Donald Trump (2nd term),Voters,Quinnipiac University,,1/23/2025,1/27/2025,1019.0, RV,1.259627,0.0,,46.0,43.0,3.0,48.57624,41.90287,6.67337,https://poll.qu.edu/poll-release?releaseid=3918,1/27/2025,23:00:30 21 Jul 2025
1880,Donald Trump (2nd term),Voters,Rasmussen Reports,,1/21/2025,1/27/2025,1500.0, LV,0.1394866,0.0,True,52.0,44.0,8.0,49.318,45.46945,3.848549,https://www.rasmussenreports.com/public_content/politics/trump_administration_second_term/trump_approval_index_history_second_term ,1/27/2025,23:00:30 21 Jul 2025
1883,Donald Trump (2nd term),Voters,McLaughlin & Associates,,1/22/2025,1/27/2025,1000.0, LV,0.6904767,0.0,,52.0,43.0,9.0,50.6767,43.21254,7.464161,https://mclaughlinonline.com/pols/wp-content/uploads/2025/01/National-January-Presentation-RELEASE-01-28-25.pdf,1/27/2025,23:00:30 21 Jul 2025
1895,Donald Trump (2nd term),Voters,Morning Consult,,1/24/2025,1/26/2025,2302.0, RV,0.7959085,0.0,,52.0,44.0,8.0,51.52874,43.81898,7.709759,https://pro.morningconsult.com/trackers/donald-trump-congress-policy-republicans-polling,1/26/2025,23:00:30 21 Jul 2025
1906,Donald Trump (2nd term),Voters,Rasmussen Reports,,1/20/2025,1/24/2025,1500.0, LV,0.2133794,0.0,True,52.0,43.0,9.0,49.318,44.46945,4.848549,https://www.rasmussenreports.com/public_content/politics/trump_administration_second_term/trump_approval_index_history_second_term ,1/24/2025,23:00:30 21 Jul 2025
1910,Donald Trump (2nd term),Voters,Echelon Insights,,1/22/2025,1/24/2025,1024.0, LV,1.211361,0.0,,51.0,43.0,8.0,50.67019,42.74187,7.928318,https://echeloninsights.com/in-the-news/dec-2024-verified-voter-omnibus-2/,1/24/2025,23:00:30 21 Jul 2025
1915,Donald Trump (2nd term),Voters,RMG Research,Napolitan News Service,1/20/2025,1/23/2025,3000.0, RV,0.9274465,0.0,,57.0,39.0,18.0,53.9307,41.1671,12.7636,https://x.com/ScottWRasmussen/status/1882804554187538650,1/23/2025,23:00:30 21 Jul 2025
1930,Donald Trump (2nd term),Voters,InsiderAdvantage,,1/20/2025,1/20/2025,800.0, RV,1.09318,0.0,,56.0,39.0,17.0,53.40312,41.0581,12.34502,https://insideradvantage.com/first-insideradvantage-trump-job-performance-survey-approval-hits-fifty-six-percent-post-inaugural-address/,1/20/2025,23:00:30 21 Jul 2025
