pollster,sponsors,start_date,end_date,sample_size,population,approve,disapprove,url,net,adj_net
InsiderAdvantage,NA,2025-01-20,2025-01-20,800,RV,56,39,https://insideradvantage.com/first-insideradvantage-trump-job-performance-survey-approval-hits-fifty-six-percent-post-inaugural-address/,17,0.9022200414912305
Ipsos,Reuters,2025-01-20,2025-01-21,1077,A,47,41,https://www.ipsos.com/en-us/reuters-ipsos-trump-inauguration-survey,6,10.054713264547132
SoCal Strategies,On Point Politics,2025-01-21,2025-01-21,742,A,49,36,https://substack.com/inbox/post/155392047,13,8.201816080105464
AtlasIntel,NA,2025-01-21,2025-01-23,1882,A,50.1,49.7,https://cdn.atlasintel.org/ed3f5238-e823-495e-a877-628217de9e68.pdf,0.3999999999999986,-0.1714791998695493
Quantus Insights,TrendingPolitics,2025-01-22,2025-01-23,1000,RV,54,40,https://quantusinsights.org/f/trump%E2%80%99s-second-term-begins-what-voters-think,14,7.249165111385535
RMG Research,Napolitan Institute,2025-01-20,2025-01-23,3000,RV,57,39,https://x.com/ScottWRasmussen/status/1882804554187538650,18,7.49861070071701
Research Co.,NA,2025-01-22,2025-01-24,1001,A,50,46,https://researchco.ca/2025/01/27/immigration-usa/,4,5.052542676180804
Echelon Insights,NA,2025-01-22,2025-01-24,1024,LV,51,43,https://echeloninsights.com/in-the-news/dec-2024-verified-voter-omnibus-2/,8,5.449967162771729
Ipsos,Reuters,2025-01-24,2025-01-26,1034,A,45,46,https://www.reuters.com/world/us/americans-sour-some-trumps-early-moves-reutersipsos-poll-finds-2025-01-28/,-1,3.0547132645471327
Morning Consult,NA,2025-01-24,2025-01-26,2302,RV,52,44,https://pro.morningconsult.com/trackers/donald-trump-congress-policy-republicans-polling,8,3.703138351217116
Gallup,NA,2025-01-21,2025-01-27,1001,A,47,48,https://news.gallup.com/poll/655955/trump-inaugural-approval-rating-historically-low-again.aspx,-1,4.756150421335898
Morning Consult,NA,2025-01-21,2025-01-27,45000,A,52.35,37.67,https://pro.morningconsult.com/trackers/global-leader-approval,14.68,10.43278154707273
McLaughlin & Associates,NA,2025-01-22,2025-01-27,1000,LV,52,43,https://mclaughlinonline.com/pols/wp-content/uploads/2025/01/National-January-Presentation-RELEASE-01-28-25.pdf,9,4.172529957635266
Quinnipiac University,NA,2025-01-23,2025-01-27,1019,RV,46,43,https://poll.qu.edu/poll-release?releaseid=3918,3,7.162470317003454
YouGov,The Economist,2025-01-26,2025-01-28,1577,A,49,43,https://d3nkl3psvxxpe9.cloudfront.net/documents/econtoplines_HmzVWgj.pdf,6,7.507549769305252
co/efficient,NA,2025-01-25,2025-01-28,1570,LV,52,47,https://coefficient.org/post-inauguration-study/,5,4.245811987917831
Emerson College,NA,2025-01-27,2025-01-28,1000,RV,48.5,41.2,https://emersoncollegepolling.com/january-2025-national-poll-trump-starts-term-with-49-approval-41-disapproval-rating/,7.299999999999997,2.3838069940142184
RMG Research,Napolitan Institute,2025-01-27,2025-01-31,4000,RV,53,43,https://napolitannews.org/posts/president-trump-job-approval-53-percent-approve-43-disapprove,10,-0.13161653931619652
"Fabrizio, Lee & Associates/Impact Research",AARP,2025-01-27,2025-02-01,3000,RV,48,47,https://www.aarp.org/content/dam/aarp/research/topics/voter-opinion-research/politics/federal-tax-package-legislative-priorities.doi.10.26419-2fres.00921.001.pdf,1,0.09895479910180408
Pew Research Center,NA,2025-01-27,2025-02-02,5086,A,47,51,https://www.pewresearch.org/politics/2025/02/07/public-anticipates-changes-with-trump-but-is-split-over-whether-they-will-be-good-or-bad/,-4,3.244439081424363
Global Strategy Group/GBAO (Navigator Research),NA,2025-01-30,2025-02-03,1000,RV,49,47,https://navigatorresearch.org/while-three-in-four-americans-see-trump-as-bringing-change-to-government-only-two-in-five-view-this-change-as-positive/,2,2.9079115068947647
Morning Consult,NA,2025-01-31,2025-02-03,2303,RV,49,47,https://pro.morningconsult.com/trackers/donald-trump-congress-policy-republicans-polling,2,-2.296861648782884
Quantus Insights,TrendingPolitics,2025-02-01,2025-02-03,1000,RV,51.9,45.3,https://quantusinsights.org/f/february-2025-national-political-survey-â€“-summary-analysis,6.600000000000001,-0.15083488861446398
YouGov,The Economist,2025-02-02,2025-02-04,1604,A,46,44,https://d3nkl3psvxxpe9.cloudfront.net/documents/econtoplines_c1AfT3R.pdf,2,3.5075497693052515
Marquette University Law School,NA,2025-01-27,2025-02-05,1063,A,48,52,https://law.marquette.edu/poll/2025/02/11/detailed-results-of-the-marquette-law-school-supreme-court-poll-jan-27-feb-5-2025-national-issues/,-4,-2.5018163127479793
Cygnal,NA,2025-02-04,2025-02-05,1500,LV,49.8,47.5,https://www.cygn.al/poll-trump-winning-over-black-men-dei-skeptics-and-border-hawks-as-democrats-lose-ground/,2.299999999999997,2.4067674299718127
Clarity Campaign Labs,NA,2025-01-31,2025-02-06,1102,RV,48,43,https://static1.squarespace.com/static/61ae8d5e55be5c7314b4c83a/t/67aa57a7976e415c4d212706/1739216809584/Clarity+Omnibus+Overview+-+Jan_Feb+2025.pdf,5,0.6873700453342202
RMG Research,Napolitan Institute,2025-02-03,2025-02-06,3000,RV,51,45,https://napolitannews.org/posts/president-trump-job-approval-51-percent-approve-45-disapprove,6,-4.50138929928299
YouGov,CBS News,2025-02-05,2025-02-07,2175,A,53,47,https://www.cbsnews.com/news/trump-approval-opinion-poll-2025-2-9/,6,7.507549769305252
Morning Consult,NA,2025-02-07,2025-02-09,2230,RV,50,48,https://pro.morningconsult.com/trackers/donald-trump-congress-policy-republicans-polling,2,-2.296861648782884
YouGov,Elon University,2025-02-06,2025-02-11,1000,A,45,41,https://eloncdn.blob.core.windows.net/eu3/sites/819/2025/02/Elon-University-Poll-topline-2-25-25.pdf,4,5.507549769305252
YouGov,The Economist,2025-02-09,2025-02-11,1595,A,46,48,https://d3nkl3psvxxpe9.cloudfront.net/documents/econtoplines_Z51qCJt.pdf,-2,-0.49245023069474825
Quantus Insights,TrendingPolitics,2025-02-10,2025-02-12,1000,RV,52.9,44.2,https://quantusinsights.org/f/quantus-insights-latest-national-survey---february-13-2025,8.699999999999996,1.9491651113855304
Echelon Insights,NA,2025-02-10,2025-02-13,1010,LV,52,46,https://echeloninsights.com/in-the-news/feb-2025-verified-voter-omnibus-2-2/,6,3.449967162771729
RMG Research,Napolitan Institute,2025-02-10,2025-02-14,3000,RV,55,43,https://napolitannews.org/posts/president-trump-job-approval-55-percent-approve-43-disapprove,12,1.4986107007170097
Harris Insights & Analytics,Deseret News,2025-02-14,2025-02-15,1009,RV,52,43,https://www.harrisx.com/content/deseret-news-harrisx-overnight-poll-executive-orders-and-immigration-february-2025,9,2.1272117749509976
Gallup,NA,2025-02-03,2025-02-16,1004,A,45,51,https://news.gallup.com/poll/656891/trump-job-approval-rating-congress-jumps.aspx,-6,-0.2438495786641024
SurveyUSA,NA,2025-02-13,2025-02-16,2000,A,51,45,https://www.surveyusa.com/client/PollReport.aspx?g=326a263b-3dbc-4280-9c0c-95187bdbf20c,6,2.5059415873155735
Morning Consult,NA,2025-02-14,2025-02-16,2217,RV,50,47,https://pro.morningconsult.com/trackers/donald-trump-congress-policy-republicans-polling,3,-1.2968616487828843
CNN/SSRS,NA,2025-02-13,2025-02-17,1206,A,47,52,https://s3.documentcloud.org/documents/25539589/cnn-poll-on-trumps-performance-so-far.pdf,-5,0.36192940613789204
co/efficient,NA,2025-02-15,2025-02-17,2063,LV,48,48,https://coefficient.org/doge-part-1/,0,-2.426364545530701
Blueprint Polling,NA,2025-02-16,2025-02-17,1383,RV,47,48,https://www.politico.com/news/2025/03/06/poll-democrats-trump-disarray-00215291,-1,0.8613137209582049
Emerson College,NA,2025-02-15,2025-02-17,1000,RV,47.8,42.2,https://emersoncollegepolling.com/february-2025-national-poll-trump-presidential-approval-at-48-musk-doge-job-approval-at-41/,5.599999999999994,-0.5215109728675402
Quinnipiac University,NA,2025-02-13,2025-02-17,1039,RV,45,49,https://poll.qu.edu/poll-release?releaseid=3919,-4,-0.42254583878242635
Ipsos,Reuters,2025-02-13,2025-02-18,4145,A,44,51,https://www.reuters.com/world/us/trumps-approval-rating-slips-americans-worry-about-economy-2025-02-19/,-7,-2.945286735452867
Ipsos,The Washington Post,2025-02-13,2025-02-18,2601,A,45,53,https://www.washingtonpost.com/politics/2025/02/20/trump-poll-unpopular-post-ipsos/,-8,-3.945286735452867
YouGov,NA,2025-02-14,2025-02-18,1135,A,46,46,https://d3nkl3psvxxpe9.cloudfront.net/documents/News_Consumption_poll_results_An53LUg.pdf,0,1.5075497693052518
YouGov,The Economist,2025-02-16,2025-02-18,1603,A,50,45,https://d3nkl3psvxxpe9.cloudfront.net/documents/econtoplines_KfNmvTk.pdf,5,6.507549769305252
McLaughlin & Associates,NA,2025-02-11,2025-02-18,1000,LV,51,46,https://mclaughlinonline.com/pols/wp-content/uploads/2025/02/National-February-Presentation-RELEASE-02-18-25.pdf,5,0.1725299576352657
OnMessage,Rescuing the American Dream,2025-02-17,2025-02-19,1000,LV,50,49,https://onmessageinc.com/wp-content/uploads/2025/03/National-Survey-RAD-Conference-3-25-RAD-conference-3-5-25.pdf,1,-0.7539939711266087
American Research Group,NA,2025-02-17,2025-02-20,1100,A,43,51,https://americanresearchgroup.com/economy/,-8,0.16871272930792003
YouGov,NA,2025-02-18,2025-02-20,1137,A,48,44,https://d3nkl3psvxxpe9.cloudfront.net/documents/News_Consumption_First_Followup_poll_results.pdf,4,5.507549769305252
Echelon Insights,NetChoice,2025-02-18,2025-02-20,1006,LV,48,49,https://netchoice.org/new-poll-79-of-voters-think-us-tech-companies-are-key-to-american-global-leadership/,-1,-3.550032837228271
Harris Insights & Analytics,Harvard CAPS,2025-02-19,2025-02-20,2443,RV,52,43,https://harvardharrispoll.com/wp-content/uploads/2025/02/HHP_Feb2025_vFinal.pdf,9,2.1272117749509976
RMG Research,Napolitan Institute,2025-02-18,2025-02-21,3000,RV,53,44,https://napolitannews.org/posts/president-trump-job-approval-53-percent-approve-44-disapprove,9,-1.1316165393161965
Ipsos,Reuters,2025-02-21,2025-02-23,1029,A,44,50,https://www.reuters.com/world/us/trump-approval-rating-holds-steady-44-reutersipsos-poll-finds-2025-02-25/,-6,-1.945286735452867
YouGov,Stanford University Hoover Institution,2025-02-19,2025-02-24,1645,A,47,42,https://www.hoover.org/news/new-poll-support-tariffs-higher-if-respondents-believe-foreigners-pay-tariffs,5,6.507549769305252
Morning Consult,NA,2025-02-21,2025-02-24,2225,RV,50,47,https://pro.morningconsult.com/trackers/donald-trump-congress-policy-republicans-polling,3,-1.2968616487828843
YouGov,The Economist,2025-02-23,2025-02-25,1604,A,48,45,https://d3nkl3psvxxpe9.cloudfront.net/documents/econtoplines_7jv80Av.pdf,3,4.507549769305252
J.L. Partners,Daily Mail,2025-02-24,2025-02-25,1001,RV,45,39,https://jlpartners.com/doge-poll,6,-1.0565891864576422
Marist College,"PBS News, NPR",2025-02-24,2025-02-26,1694,A,45,49,https://maristpoll.marist.edu/polls/the-state-of-the-union-march-2025/,-4,-1.9304462626288101
The Bullfinch Group,The Independent Center,2025-02-22,2025-02-26,1200,A,47,47,https://projects.fivethirtyeight.com/polls/20250303_US_Bullfinch.pdf,0,-0.303511524984704
Quantus Insights,TrendingPolitics,2025-02-24,2025-02-26,1000,RV,51,45.2,https://quantusinsights.org/f/national-survey-analyzing-trump%E2%80%99s-approval-and-voter-sentiment,5.799999999999997,-0.9508348886144683
AtlasIntel,NA,2025-02-24,2025-02-27,2849,A,50.3,49.7,https://www.atlasintel.org/poll/usa-national-2025-02-28,0.5999999999999943,0.02852080013044643
CNN/SSRS,NA,2025-02-24,2025-02-28,2212,A,48,52,https://www.cnn.com/2025/03/02/politics/poll-trump-negative-congress-address,-4,3.782871959364644
YouGov,CBS News,2025-02-26,2025-02-28,2311,A,51,49,https://www.cbsnews.com/news/trump-elon-musk-government-workforce-cuts-opinion-poll-2025-03-02/,2,3.5075497693052515
RMG Research,Napolitan Institute,2025-02-24,2025-02-28,3000,RV,53,45,https://napolitannews.org/posts/president-trump-job-approval-53-percent-approve-45-disapprove,8,-2.50138929928299
John Zogby Strategies,NA,2025-02-28,2025-03-01,1001,V,47.7,47.5,https://johnzogbystrategies.com/03-03-25-new-zogby-strategies-poll-on-trump-the-democrats-first-40-days/,0.20000000000000284,-1.719940853200071
Justice Research Fund,Working Families Power,2025-02-24,2025-03-02,2049,RV,47,50,https://drive.google.com/file/d/1psgeNBsAPSV3-diBTaAIE4_wiFjYwk5y/view,-3,-1.945975515671009
Morning Consult,NA,2025-02-28,2025-03-02,2229,RV,49,48,https://pro.morningconsult.com/trackers/donald-trump-congress-policy-republicans-polling,1,-3.296861648782884
Public Opinion Strategies,Paragon Health Institute,2025-02-25,2025-03-02,1000,RV,51,49,https://paragoninstitute.org/medicaid/paragon-health-policy-survey-2025/,2,-0.08734670304105438
Civiqs,Daily Kos,2025-02-28,2025-03-03,1031,RV,48,52,https://civiqs.com/reports/2025/03/04/report-americans-agree-russia-is-responsible-for-the-war,-4,-4.313755888082283
Emerson College,NA,2025-03-02,2025-03-03,1000,RV,48,43.1,https://emersoncollegepolling.com/march-2025-national-poll/,4.899999999999999,-0.35970476105439064
Ipsos,Reuters,2025-03-03,2025-03-04,1174,A,44,51,https://www.ipsos.com/en-us/three-five-americans-say-cost-living-going-wrong-direction,-7,-2.945286735452867
YouGov,The Economist,2025-03-01,2025-03-04,1638,A,48,46,https://d3nkl3psvxxpe9.cloudfront.net/documents/econtoplines_PqH4oeS.pdf,2,3.5075497693052515
Morning Consult,NA,2025-02-27,2025-03-05,45000,A,48.74,44.66,https://pro.morningconsult.com/trackers/global-leader-approval,4.080000000000005,-0.1672184529272629
Cygnal,NA,2025-03-03,2025-03-05,1500,LV,47.4,50.7,https://www.cygn.al/poll-48-percent-support-trump-negotiating-settlement-to-war-in-ukraine-as-optimism-at-home-rises/,-3.3000000000000043,-3.1932325700281887
McLaughlin & Associates,America's New Majority Project,2025-03-04,2025-03-07,1655,LV,51.1,48.9,https://americasnewmajorityproject.com/most-americans-support-trumps-maha-agenda/,2.200000000000003,-2.5974543928219953
CNN/SSRS,NA,2025-03-06,2025-03-09,1206,A,45,54,https://www.cnn.com/2025/03/12/politics/cnn-poll-trump-economy/index.html,-9,-1.2171280406353562
Clarity Campaign Labs,NA,2025-03-03,2025-03-09,1036,RV,50,46,https://static1.squarespace.com/static/61ae8d5e55be5c7314b4c83a/t/67d0921f11ba8d57a17670a9/1741722147070/Clarity+Omnibus+Overview+-+March+2025+PUBLIC.pdf,4,-0.3126299546657798
Morning Consult,NA,2025-03-07,2025-03-09,2219,RV,49,49,https://pro.morningconsult.com/trackers/donald-trump-congress-policy-republicans-polling,0,-4.296861648782884
Emerson College,NA,2025-03-08,2025-03-10,1000,RV,47.2,45,https://emersoncollegepolling.com/national-poll-at-50-days-trumps-honeymoon-fades-as-economy-becomes-key-vulnerability/,2.200000000000003,-3.672180486133084
Quinnipiac University,NA,2025-03-06,2025-03-10,1198,RV,42,53,https://poll.qu.edu/poll-release?releaseid=3921,-11,-6.837529682996547
YouGov,The Economist,2025-03-09,2025-03-11,1699,A,47,47,https://d3nkl3psvxxpe9.cloudfront.net/documents/econtoplines_QyOZh1i.pdf,0,1.5075497693052518
Hart Research Associates/Public Opinion Strategies,NBC News,2025-03-07,2025-03-11,1000,RV,47,51,https://www.nbcnews.com/politics/politics-news/democratic-party-hits-new-polling-low-voters-want-fight-trump-harder-rcna196161,-4,-5.499075412309085
AtlasIntel,NA,2025-03-07,2025-03-12,2550,A,52.4,47.3,https://atlasintel.org/poll/usa-national-2025-03-17,5.100000000000001,4.528520800130454
Ipsos,Reuters,2025-03-11,2025-03-12,1422,A,44,52,https://www.reuters.com/data/trumps-approval-rating-2025-01-21/,-8,-3.945286735452867
Quantus Insights,TrendingPolitics,2025-03-10,2025-03-12,1000,RV,49.5,47.4,https://quantusinsights.org/f/holding-the-line-trump%E2%80%99s-approval-amidst-a-divided-nation,2.1000000000000014,-4.6508348886144635
Echelon Insights,NA,2025-03-10,2025-03-13,1007,LV,49,48,https://echeloninsights.com/in-the-news/march-2025-verified-voter-omnibus-2-2-2/,1,-1.550032837228271
RMG Research,Napolitan Institute,2025-03-06,2025-03-13,3000,RV,54,44,https://napolitannews.org/posts/president-trump-job-approval-54-percent-approve-44-disapprove,10,-0.13161653931619652
Blueprint Polling,NA,2025-03-13,2025-03-14,1400,RV,45,51,https://mailchi.mp/31fbe22b08e3/blueprint-elon-poll?e=ce84910848,-6,-4.138686279041795
Gallup,NA,2025-03-03,2025-03-16,1002,A,43,53,https://news.gallup.com/poll/658661/republicans-men-push-trump-approval-higher-second-term.aspx,-10,-4.243849578664102
Morning Consult,NA,2025-03-14,2025-03-16,2210,RV,48,50,https://pro.morningconsult.com/trackers/donald-trump-congress-policy-republicans-polling,-2,-6.296861648782884
Beacon Research/Shaw & Co. Research,FOX News,2025-03-14,2025-03-17,994,RV,49,51,https://www.foxnews.com/politics/fox-news-poll-trump-republicans-record-high-ratings-democrats-falter,-2,-3.0912196410020596
Global Strategy Group/GBAO (Navigator Research),NA,2025-03-13,2025-03-17,1000,RV,47,49,https://navigatorresearch.org/most-americans-disapprove-of-trumps-handling-of-the-economy/,-2,-1.092088493105236
North Star Opinion Research,Defending Democracy Together,2025-03-13,2025-03-17,1000,RV,46,51,https://www.defendingdemocracytogether.org/app/uploads/2025/03/Elon-Musk-Poll-Press-Release-Defending-Democracy-Together.pdf,-5,-4.097471209435177
YouGov,The Economist,2025-03-16,2025-03-18,1618,A,45,50,https://d3nkl3psvxxpe9.cloudfront.net/documents/econtoplines_dpkhCR8.pdf,-5,-3.4924502306947485
Remington Research Group,Humanity for Freedom Foundation,2025-03-15,2025-03-18,800,LV,50,48,https://www.humanityforfreedomfoundation.org/freedomlight,2,-1.991678761182412
"Normington, Petts & Associates",Third Way,2025-03-12,2025-03-19,800,LV,46,53,https://www.thirdway.org/polling/democrats-immigration-opportunity,-7,-6.682040138777454
RMG Research,Napolitan Institute,2025-03-12,2025-03-19,3000,RV,53,45,https://napolitannews.org/posts/president-trump-job-approval-rating-53-percent-approve-45-disapprove,8,-2.1316165393161963
American Research Group,NA,2025-03-17,2025-03-20,1100,A,45,51,https://americanresearchgroup.com/economy/,-6,2.16871272930792
Public Religion Research Institute,NA,2025-02-28,2025-03-20,5025,A,43,54,https://www.prri.org/research/democracy-at-a-crossroads-how-americans-view-trumps-first-100-days-in-office/,-11,-5.491146992063826
Ipsos,Reuters,2025-03-21,2025-03-23,1030,A,45,51,https://www.reuters.com/world/us/majority-americans-believe-presidents-should-obey-courts-reutersipsos-poll-finds-2025-03-25/,-6,-1.945286735452867
GBAO,Third Way,2025-03-17,2025-03-23,2000,RV,48,50,https://www.thirdway.org/memo/breaking-through-the-noise-on-trumps-chaotic-first-two-months,-2,-4.665976465909274
Morning Consult,NA,2025-03-21,2025-03-23,2210,RV,47,51,https://pro.morningconsult.com/trackers/donald-trump-congress-policy-republicans-polling,-4,-8.296861648782883
AP-NORC,NA,2025-03-20,2025-03-24,1229,A,42,56,https://apnorc.org/projects/trump-scores-better-marks-with-the-public-on-immigration-than-the-economy/,-14,-5.154448264548935
YouGov,Yahoo News,2025-03-20,2025-03-24,1677,A,44,50,https://www.yahoo.com/news/more-americans-say-trumps-second-term-has-been-worse-than-expected-according-to-a-new-poll-120010590.html,-6,-4.492450230694748
YouGov,The Economist,2025-03-22,2025-03-25,1600,A,48,46,https://d3nkl3psvxxpe9.cloudfront.net/documents/econtoplines_qRAtXyE.pdf,2,3.5075497693052515
Marquette University Law School,NA,2025-03-17,2025-03-27,1021,A,46,54,https://law.marquette.edu/poll/2025/04/02/detailed-results-of-the-marquette-law-school-supreme-court-poll-march-17-27-2025-national-issues/,-8,-6.501816312747979
Harris Insights & Analytics,Harvard CAPS,2025-03-26,2025-03-27,2746,RV,49,46,https://harvardharrispoll.com/wp-content/uploads/2025/03/HHP_Mar2025_KeyResults.pdf,3,-3.8727882250490024
J.L. Partners,Daily Mail,2025-03-25,2025-03-27,1001,RV,45,46,https://jlpartners.com/trump-tracker-march-2025,-1,-8.056589186457643
Quantus Insights,TrendingPolitics,2025-03-25,2025-03-27,1000,RV,49.4,46.4,https://quantusinsights.org/f/trump%E2%80%99s-standing-steadies-but-crosscurrents-remain-ahead-of-2026,3,-3.7508348886144653
YouGov,CBS News,2025-03-27,2025-03-28,2609,A,50,50,https://www.cbsnews.com/news/opinion-poll-trump-economy-tariffs-deportation-immigration/,0,1.5075497693052518
Targoz Market Research,Overton Insights,2025-03-24,2025-03-28,1200,RV,46,51,https://overtoninsights.com/poll/april2025/,-5,-3.3251967623260317
Morning Consult,NA,2025-03-28,2025-03-30,2210,RV,47,50,https://pro.morningconsult.com/trackers/donald-trump-congress-policy-republicans-polling,-3,-7.296861648782884
YouGov,The Economist,2025-03-30,2025-04-01,1626,A,46,49,https://d3nkl3psvxxpe9.cloudfront.net/documents/econtoplines_S1a74K0.pdf,-3,-1.4924502306947482
"Fabrizio, Lee & Associates/Impact Research",The Wall Street Journal,2025-03-27,2025-04-01,1500,RV,46,51,https://www.wsj.com/politics/policy/americans-were-souring-on-trumps-economic-plans-even-before-tariff-bloodbath-0571527e,-5,-5.652222104974221
Ipsos,Reuters,2025-03-31,2025-04-02,1486,A,43,53,https://www.ipsos.com/en-us/americans-unhappy-direction-cost-living,-10,-5.945286735452867
Cygnal,NA,2025-04-01,2025-04-03,1500,LV,47,51.2,https://www.cygn.al/poll-democrats-continue-to-struggle-as-trump-maintains-strong-approval-even-in-light-of-tariffs/,-4.200000000000003,-4.093232570028187
J.L. Partners,Daily Mail,2025-04-01,2025-04-03,1019,RV,47,42,https://jlpartners.com/trump-tracker-early-april-2025,5,-2.056589186457642
RMG Research,Napolitan Institute,2025-03-26,2025-04-03,3000,RV,51,47,https://napolitannews.org/jobapptables,4,-6.131616539316196
Morning Consult,NA,2025-04-04,2025-04-06,2207,RV,46,52,https://pro.morningconsult.com/trackers/donald-trump-congress-policy-republicans-polling,-6,-10.296861648782885
Morning Consult,NA,2025-04-01,2025-04-07,45000,A,47.8,45.96,https://pro.morningconsult.com/trackers/global-leader-approval,1.8399999999999963,-2.407218452927272
Global Strategy Group/GBAO (Navigator Research),NA,2025-04-03,2025-04-07,1000,RV,44,53,https://navigatorresearch.org/wp-content/uploads/2025/04/Navigator-Update-04.08.2025.pdf,-9,-8.092088493105235
Harris Insights & Analytics,NA,2025-04-04,2025-04-07,1883,RV,47,49,https://www.harrisx.com/posts/americans-now-split-on-trumps-tariffs-as-most-expect-higher-prices-and-a-short-term-recession-new-harrisx-poll-shows,-2,-8.872788225049003
Quinnipiac University,NA,2025-04-03,2025-04-07,1407,RV,41,53,https://poll.qu.edu/poll-release?releaseid=3922,-12,-7.837529682996547
YouGov,The Economist,2025-04-05,2025-04-08,1741,A,43,51,https://d3nkl3psvxxpe9.cloudfront.net/documents/econtoplines_Emo4hnf.pdf,-8,-6.492450230694748
University of Massachusetts (Amherst),WCVB-TV (Boston),2025-04-04,2025-04-09,1000,A,44,51,https://www.umass.edu/political-science/about/reports/2025-4,-7,-3.496507329679771
Quantus Insights,TrendingPolitics,2025-04-07,2025-04-09,1000,RV,46.8,49.7,https://quantusinsights.org/f/new-poll-shows-president-trump-below-water-in-approval,-2.9000000000000057,-9.65083488861447
YouGov,NA,2025-04-07,2025-04-10,1151,A,41,54,https://d3nkl3psvxxpe9.cloudfront.net/documents/Trump_s_Presidency_poll_results.pdf,-13,-11.492450230694748
Harris Insights & Analytics,Harvard CAPS,2025-04-09,2025-04-10,2286,RV,48,46,https://harvardharrispoll.com/wp-content/uploads/2025/04/HHP_April25_KeyResults.pdf,2,-4.872788225049002
RMG Research,Napolitan Institute,2025-04-02,2025-04-10,3000,RV,49,48,https://napolitannews.org/jobapproval,1,-9.131616539316196
The Winston Group,Winning the Issues,2025-04-08,2025-04-10,1000,RV,39,54,https://www.winningtheissues.org/2025/04/30/winning-the-issues-april-2025-national-survey/,-15,-11.194815123815587
YouGov,CBS News,2025-04-08,2025-04-11,2410,A,47,53,https://www.cbsnews.com/news/poll-trump-tariffs-13-04-2025/,-6,-4.492450230694748
RealClear Opinion Research,NA,2025-04-10,2025-04-12,1000,RV,44.2,43.5,https://www.realclearpolitics.com/articles/2025/04/18/rcp_poll_voters_see_campus_bias_reject_trumps_tariff_pitch_152678.html,0.7000000000000028,-4.687981186831602
Hart Research Associates/Public Opinion Strategies,CNBC,2025-04-09,2025-04-13,1000,A,44,51,https://www.cnbc.com/video/2025/04/17/tariffs-weight-on-trump-approval-cnbc-survey-finds.html,-7,-9.324053412198365
Pew Research Center,NA,2025-04-07,2025-04-13,3589,A,40,59,https://www.pewresearch.org/politics/2025/04/23/trumps-job-rating-drops-key-policies-draw-majority-disapproval-as-he-nears-100-days/,-19,-11.755560918575636
Morning Consult,NA,2025-04-11,2025-04-13,2203,RV,45,52,https://pro.morningconsult.com/trackers/donald-trump-congress-policy-republicans-polling,-7,-11.296861648782885
AtlasIntel,NA,2025-04-10,2025-04-14,2347,A,46.1,52.4,https://cdn.atlasintel.org/e3edc86b-aac7-4ebe-9ef7-6a8346f658f6.pdf,-6.299999999999997,-6.871479199869545
Gallup,NA,2025-04-01,2025-04-14,1006,A,44,53,https://news.gallup.com/poll/659534/trump-first-quarter-approval-rating-below-average.aspx,-9,-3.2438495786641024
Echelon Insights,NA,2025-04-10,2025-04-14,1014,LV,47,51,https://echeloninsights.com/in-the-news/april-2025-verified-voter-omnibus-2-2-2-2/,-4,-6.550032837228271
Clarity Campaign Labs,NA,2025-04-09,2025-04-14,1008,RV,46,49,https://45840940.fs1.hubspotusercontent-na1.net/hubfs/45840940/Clarity%20Omnibus%20Overview_April%202025.pdf,-3,-7.31262995466578
J.L. Partners,Daily Mail,2025-04-10,2025-04-14,1002,RV,48,42,https://jlpartners.com/trump-tracker-mid-april-2025,6,-1.0565891864576422
YouGov,The Economist,2025-04-13,2025-04-15,1512,A,42,52,https://d3nkl3psvxxpe9.cloudfront.net/documents/econtoplines_vK1VgIr.pdf,-10,-8.492450230694748
Civiqs,Daily Kos,2025-04-12,2025-04-15,1124,RV,46,53,https://civiqs.com/reports/2025/04/17/report-americans-say-trumps-tariffs-will-raise-prices,-7,-7.313755888082283
YouGov,Elon University,2025-04-10,2025-04-17,1000,A,41,47,https://ncnewsline.com/briefs/elon-university-poll-americans-fear-a-constitutional-crisis/,-6,-4.492450230694748
OH Predictive Insights,The Center Square,2025-04-15,2025-04-18,2527,RV,44,53,https://www.thecentersquare.com/polls/,-9,-13.19666809541369
McLaughlin & Associates,America's New Majority Project,2025-04-16,2025-04-19,1638,LV,49.1,50.8,https://americasnewmajorityproject.com/most-support-blocking-states-from-giving-medicaid-to-illegal-immigrants/,-1.6999999999999957,-6.497454392821993
American Research Group,NA,2025-04-17,2025-04-20,1100,A,43,53,https://americanresearchgroup.com/economy/,-10,-1.83128727069208
SurveyMonkey,NBC News Decision Desk,2025-04-11,2025-04-20,19682,A,45,55,https://www.nbcnews.com/politics/trump-administration/poll-americans-vent-disappointment-trump-ahead-100-day-mark-especially-rcna202656,-10,-8.280893887296159
Morning Consult,NA,2025-04-18,2025-04-20,2207,RV,46,52,https://pro.morningconsult.com/trackers/donald-trump-congress-policy-republicans-polling,-6,-10.296861648782885
AP-NORC,NA,2025-04-17,2025-04-21,1260,A,39,59,https://apnorc.org/projects/100-days-in-and-the-public-feels-trumps-presidency-is-proceeding-mostly-as-expected/,-20,-11.154448264548936
Ipsos,Reuters,2025-04-16,2025-04-21,4306,A,42,53,https://www.reuters.com/world/us/trump-approval-rating-dips-many-wary-his-wielding-power-reutersipsos-poll-finds-2025-04-21/,-11,-6.945286735452867
Beacon Research/Shaw & Co. Research,FOX News,2025-04-18,2025-04-21,1104,RV,44,55,https://www.foxnews.com/official-polls/fox-news-poll-first-100-days-president-trumps-second-term,-11,-12.09121964100206
YouGov,The Economist,2025-04-19,2025-04-22,1625,A,41,54,https://d3nkl3psvxxpe9.cloudfront.net/documents/econtoplines_iwzo5ZP.pdf,-13,-11.492450230694748
Marist College,"PBS News, NPR",2025-04-21,2025-04-23,1439,A,42,53,https://maristpoll.marist.edu/polls/president-trumps-first-100-days-april-2025/,-11,-10.588488977074299
YouGov,The Times of London,2025-04-21,2025-04-23,1296,A,42,53,https://www.thetimes.com/us/american-politics/article/trump-polls-100-days-approval-3bxfj8k0z,-11,-9.492450230694748
John Zogby Strategies,NA,2025-04-22,2025-04-23,1000,RV,48,50,https://johnzogbystrategies.com/real-time-analysis-of-trumps-dropping-numbers-among-bellwether-groups/,-2,-5.51999242330778
Quantus Insights,TrendingPolitics,2025-04-21,2025-04-23,1000,RV,47.7,49.8,https://quantus.substack.com/p/split-nation-unready-party-the-strategic,-2.0999999999999943,-8.594809548760331
CNN/SSRS,NA,2025-04-17,2025-04-24,1678,A,41,59,https://amp.cnn.com/cnn/2025/04/27/politics/approval-rating-trump-100-days,-18,-12.638070593862109
The Bullfinch Group,NA,2025-04-18,2025-04-24,1200,A,46,51,https://www.thebullfinchgroup.com/post/public-release-of-bullfinch-nationwide-100-day-review-survey,-5,-4.718495369198825
RMG Research,Napolitan Institute,2025-04-16,2025-04-24,3000,RV,49,48,https://napolitannews.org/jobapproval,1,-9.131616539316196
The New York Times/Siena College,NA,2025-04-21,2025-04-24,913,RV,42,54,https://www.nytimes.com/2025/04/25/us/politics/trump-poll-approval.html,-12,-10.991003282777998
Ipsos,"ABC News, The Washington Post",2025-04-18,2025-04-25,2464,A,39,55,https://www.washingtonpost.com/politics/2025/04/27/trump-poll-approval-rating-100-days/,-16,-11.945286735452868
YouGov,CBS News,2025-04-23,2025-04-25,2365,A,45,55,https://www.cbsnews.com/news/cbs-news-poll-trump-100-days-tariffs/,-10,-8.492450230694748
Ipsos,Reuters,2025-04-25,2025-04-27,1029,A,42,53,https://www.ipsos.com/en-us/ipsos-core-political-survey-presidential-approval-tracker-april-2025,-11,-6.945286735452867
Morning Consult,NA,2025-04-25,2025-04-27,2224,RV,45,53,https://pro.morningconsult.com/trackers/donald-trump-congress-policy-republicans-polling,-8,-12.296861648782885
NewsNation,NA,2025-04-23,2025-04-27,1448,RV,44,56,https://www.newsnationnow.com/politics/recession-inflation-immigration-ddhq-poll/,-12,-11.18194306458937
YouGov,Yahoo News,2025-04-25,2025-04-28,1597,A,42,53,https://www.yahoo.com/news/poll-after-first-100-days-trumps-approval-rating-continues-to-crater-as-57-say-hes-gone-too-far-on-tariffs-165501627.html,-11,-9.492450230694748
YouGov,The Economist,2025-04-25,2025-04-28,1785,A,42,52,https://d3nkl3psvxxpe9.cloudfront.net/documents/econtoplines_TYDfabe.pdf,-10,-8.492450230694748
Emerson College,NA,2025-04-25,2025-04-28,1000,RV,44.7,45.3,https://emersoncollegepolling.com/trump-100-days/,-0.5999999999999943,-6.472180486133081
Global Strategy Group/GBAO (Navigator Research),NA,2025-04-24,2025-04-28,1000,RV,44,54,https://navigatorresearch.org/anxious-discouraged-exhausted-the-first-100-days/,-10,-9.092088493105235
J.L. Partners,Daily Mail,2025-04-23,2025-04-28,1006,RV,41,50,https://www.dailymail.co.uk/news/article-14657347/Donald-Trump-approval-rating-100-days-tariffs-poll.html,-9,-16.056589186457643
Lord Ashcroft Polls,NA,2025-04-09,2025-04-30,10000,A,45,53,https://lordashcroftpolls.com/2025/05/trump-america-and-the-western-alliance/,-8,-9.235526732697249
RMG Research,Napolitan Institute,2025-04-23,2025-05-01,3000,RV,49,48,https://napolitannews.org/jobapproval,1,-9.131616539316196
YouGov,NA,2025-04-25,2025-05-02,2220,A,42,52,https://d3nkl3psvxxpe9.cloudfront.net/documents/Issue_Importance___Trump_Approval_poll_results.pdf,-10,-8.492450230694748
High Point University Survey Research Center,NA,2025-04-28,2025-05-03,1000,A,38,48,https://www.highpoint.edu/src/files/2023/08/111memoISS.pdf,-10,-10.610257623298763
Morning Consult,NA,2025-05-02,2025-05-04,2263,RV,46,52,https://pro.morningconsult.com/trackers/donald-trump-congress-policy-republicans-polling,-6,-10.296861648782885
AP-NORC,NA,2025-05-01,2025-05-05,1175,A,41,57,https://apnorc.org/projects/few-support-punitive-funding-cuts-to-colleges-and-universities/,-16,-7.154448264548935
YouGov,The Economist,2025-05-02,2025-05-05,1850,A,42,52,https://d3nkl3psvxxpe9.cloudfront.net/documents/econtoplines_Cv0m59u.pdf,-10,-8.492450230694748
Verasight,Strength In Numbers,2025-05-01,2025-05-06,1000,A,40,56,https://www.gelliottmorris.com/p/new-poll-americans-oppose-trumps,-16,-12.797616506402003
Quantus Insights,TrendingPolitics,2025-05-05,2025-05-07,1000,RV,48.2,48.3,https://quantusinsights.org/f/the-nation-divided-the-president-holding-ground,-0.09999999999999432,-6.594809548760331
Morning Consult,NA,2025-05-02,2025-05-08,45000,A,46.24,48.04,https://pro.morningconsult.com/trackers/global-leader-approval,-1.7999999999999972,-6.0472184529272655
YouGov,NA,2025-05-06,2025-05-08,1143,A,41.529,50.059,https://yougovamerica.substack.com/p/your-polls-on-protestants-pets-and,-8.529999999999994,-7.022450230694742
RMG Research,Napolitan Institute,2025-04-30,2025-05-08,3000,RV,49,49,https://napolitannews.org/jobapproval,0,-10.131616539316196
co/efficient,NA,2025-05-07,2025-05-09,1462,LV,49,51,https://coefficient.org/national-approval-study/,-2,-4.4263645455307
Wick,2Way,2025-05-08,2025-05-09,1000,RV,47,49,https://www.wick.io/post/episode-2-the-peoples-poll,-2,-7.260288471029665
Morning Consult,NA,2025-05-09,2025-05-11,2221,RV,46,52,https://pro.morningconsult.com/trackers/donald-trump-congress-policy-republicans-polling,-6,-10.296861648782885
YouGov,The Economist,2025-05-09,2025-05-12,1786,A,43,52,https://d3nkl3psvxxpe9.cloudfront.net/documents/econtoplines_tUEOMi7.pdf,-9,-7.492450230694748
Echelon Insights,NA,2025-05-08,2025-05-12,1000,LV,46,52,https://echeloninsights.com/in-the-news/may-2025-verified-voter-omnibus-2-2-2-2-2/,-6,-8.55003283722827
Ipsos,Reuters,2025-05-12,2025-05-13,1163,A,44,52,https://www.reuters.com/world/us/trumps-approval-rating-rises-44-americans-worry-less-about-recession-2025-05-13/,-8,-3.945286735452867
The Bullfinch Group,NA,2025-05-09,2025-05-13,1200,A,45,50,https://www.thebullfinchgroup.com/post/public-release-of-bullfinch-q2-nationwide-survey-3,-5,-4.93373876501791
Marquette University Law School,NA,2025-05-05,2025-05-15,1004,A,46,54,https://law.marquette.edu/poll/2025/05/21/detailed-results-of-the-marquette-law-school-supreme-court-poll-may-5-15-2025-national-issues/,-8,-6.501816312747979
Harris Insights & Analytics,Harvard CAPS,2025-05-14,2025-05-15,1903,RV,47,48,https://harvardharrispoll.com/wp-content/uploads/2025/05/HHP_May2025_KeyResults.pdf,-1,-7.872788225049002
YouGov,NA,2025-05-14,2025-05-16,1118,A,44,48,https://substack.com/home/post/p-164270689,-4,-2.4924502306947485
Gallup,NA,2025-05-01,2025-05-18,1003,A,43,53,https://news.gallup.com/poll/690986/political-economic-indicators-steady-may.aspx,-10,-4.243849578664102
Ipsos,Reuters,2025-05-16,2025-05-18,1024,A,42,52,https://www.reuters.com/world/us/trumps-approval-rating-ticks-lower-economic-concerns-weigh-reutersipsos-poll-2025-05-20/,-10,-5.945286735452867
Global Strategy Group/GBAO (Navigator Research),NA,2025-05-15,2025-05-18,1000,RV,44,54,https://navigatorresearch.org/most-oppose-tax-cuts-for-the-rich/,-10,-9.092088493105235
YouGov,The Economist,2025-05-16,2025-05-19,1710,A,43,51,https://d3nkl3psvxxpe9.cloudfront.net/documents/econtoplines_wpVo7G8.pdf,-8,-6.492450230694748
InsiderAdvantage,NA,2025-05-17,2025-05-19,1000,LV,54.6,44.4,https://insideradvantage.com/insideradvantage-national-survey-trump-approval-surges-to-fifty-five-percent-following-middle-east-trip/?utm_source=rss&utm_medium=rss&utm_campaign=insideradvantage-national-survey-trump-approval-surges-to-fifty-five-percent-following-middle-east-trip,10.200000000000003,-5.970108965160815
Fabrizio Ward,Pinpoint Policy Institute,2025-05-15,2025-05-19,800,RV,46,49,https://pinpointpolicyinstitute.org/pinpoint-policy-institute-quarterly-economic-tracking-poll/,-3,-5.677815864002533
Morning Consult,NA,2025-05-16,2025-05-19,2208,RV,48,50,https://pro.morningconsult.com/trackers/donald-trump-congress-policy-republicans-polling,-2,-6.296861648782884
American Research Group,NA,2025-05-17,2025-05-20,1100,A,41,55,https://americanresearchgroup.com/economy/,-14,-5.83128727069208
Civiqs,Daily Kos,2025-05-17,2025-05-20,1018,RV,47,52,https://www.dailykos.com/stories/2025/5/21/2323578/-Trump-took-the-Qatari-jet-bribe-Most-voters-have-a-problem-with-that,-5,-5.313755888082283
Quantus Insights,TrendingPolitics,2025-05-18,2025-05-20,1000,RV,48.3,47.8,https://quantusinsights.org/f/latest-quantus-insights-pollno-mandate-but-momentum,0.5,-5.994809548760337
RMG Research,Napolitan Institute,2025-05-14,2025-05-21,3000,RV,48,50,https://napolitannews.org/jobapproval,-2,-12.131616539316196
Morning Consult,NA,2025-05-23,2025-05-25,2208,RV,48,50,https://pro.morningconsult.com/trackers/donald-trump-congress-policy-republicans-polling,-2,-6.296861648782884
YouGov,The Economist,2025-05-23,2025-05-26,1660,A,44,52,https://d3nkl3psvxxpe9.cloudfront.net/documents/econtoplines_4dTnSm8.pdf,-8,-6.492450230694748
AtlasIntel,NA,2025-05-21,2025-05-27,3469,A,44.5,54.4,https://cdn.atlasintel.org/20c89f8f-d65e-4991-a491-388ae96986c9.pdf,-9.899999999999999,-10.471479199869547
YouGov,Yahoo News,2025-05-22,2025-05-27,1560,A,41,54,https://www.yahoo.com/news/poll-most-americans-think-qatar-is-trying-to-bribe-trump-with-luxury-jet-gift-185933774.html,-13,-11.492450230694748
Wick,2Way,2025-05-26,2025-05-28,1000,RV,47,48.9,https://www.wick.io/post/episode-3-the-peoples-poll,-1.8999999999999986,-7.160288471029664
John Zogby Strategies,NA,2025-05-28,2025-05-29,1000,LV,48.2,49,https://johnzogbystrategies.com/president-trumps-approval-rating-at-48-49-disapprove-according-to-new-poll-by-john-zogby-strategies-boosted-by-strong-support-on-immigration-and-government-cost-cutting/,-0.7999999999999972,-4.392321429959826
YouGov,The Economist,2025-05-30,2025-06-02,1610,A,45,49,https://d3nkl3psvxxpe9.cloudfront.net/documents/econtoplines_uOptfZ9.pdf,-4,-2.4924502306947485
Morning Consult,NA,2025-05-30,2025-06-02,2205,RV,46,51,https://pro.morningconsult.com/trackers/donald-trump-congress-policy-republicans-polling,-5,-9.296861648782883
RMG Research,Napolitan Institute,2025-05-27,2025-06-03,3000,RV,51,46,https://napolitannews.org/jobapproval,5,-5.131616539316196
Quantus Insights,TrendingPolitics,2025-06-01,2025-06-04,1000,RV,48.8,48.2,https://quantusinsights.org/f/quantus-insights-approval-poll-the-divide-holds,0.5999999999999943,-5.8948095487603425
PureSpectrum,The Civic Health and Institutions Project,2025-04-10,2025-06-05,30967,A,37.1,47.7,https://www.chip50.org/blog/whose-approval-disapproval-of-trump-shifted-the-most,-10.600000000000001,-8.319978498890709
YouGov,CBS News,2025-06-04,2025-06-06,2428,A,45,55,https://www.cbsnews.com/news/deportation-immigration-opinion-poll/,-10,-8.492450230694748
J.L. Partners,Daily Mail,2025-06-06,2025-06-06,1006,RV,43,49,https://jlpartners.com/trump-tracker-early-june-2025,-6,-13.056589186457641
Pew Research Center,NA,2025-06-02,2025-06-08,5044,A,41,58,https://www.pewresearch.org/politics/2025/06/17/americans-have-mixed-to-negative-views-of-trump-administration-immigration-actions/,-17,-9.755560918575636
Morning Consult,NA,2025-06-06,2025-06-08,1867,RV,47,51,https://pro.morningconsult.com/trackers/donald-trump-congress-policy-republicans-polling,-4,-8.296861648782883
AP-NORC,NA,2025-06-05,2025-06-09,1158,A,39,60,https://apnorc.org/projects/most-say-the-upcoming-military-parade-is-not-a-good-use-of-government-funds/,-21,-12.154448264548936
YouGov,The Economist,2025-06-06,2025-06-09,1533,A,43,52,https://d3nkl3psvxxpe9.cloudfront.net/documents/econtoplines_jXkGqJ1.pdf,-9,-7.492450230694748
Global Strategy Group/GBAO (Navigator Research),NA,2025-06-05,2025-06-09,1000,RV,42,55,https://navigatorresearch.org/republicans-crater-on-medicaid-trust/,-13,-12.092088493105235
Morning Consult,NA,2025-06-03,2025-06-09,45000,RV,49.81,44.14,https://pro.morningconsult.com/trackers/global-leader-approval,5.670000000000002,1.3731383512171174
Quinnipiac University,NA,2025-06-05,2025-06-09,1265,RV,38,54,https://poll.qu.edu/poll-release?releaseid=3924,-16,-11.837529682996546
SurveyMonkey,NBC News Decision Desk,2025-05-30,2025-06-10,19410,A,45,55,https://www.nbcnews.com/politics/elections/poll-neither-political-party-gets-good-marks-honesty-rcna212686,-10,-8.280893887296159
Quantus Insights,TrendingPolitics,2025-06-09,2025-06-11,1000,RV,47.5,49.1,https://quantus.substack.com/p/quantus-insights-june-12-national,-1.6000000000000014,-8.094809548760338
Verasight,Strength In Numbers,2025-06-06,2025-06-12,1500,A,42,56,https://www.gelliottmorris.com/p/trump-approval-at-42-democrats-up,-14,-10.797616506402003
Harris Insights & Analytics,Harvard CAPS,2025-06-11,2025-06-12,2097,RV,46,50,https://harvardharrispoll.com/wp-content/uploads/2025/06/HHP_June2025_KeyResults.pdf,-4,-10.872788225049002
Clarity Campaign Labs,NA,2025-06-05,2025-06-14,1000,RV,47,50,https://static1.squarespace.com/static/61ae8d5e55be5c7314b4c83a/t/6852fc5a3ac4c05449fc450e/1750269023826/Clarity+Omnibus+Overview+-+June+2025+%5BPUBLIC%5D.pdf,-3,-7.31262995466578
The Winston Group,Winning the Issues,2025-06-12,2025-06-14,1000,RV,41,52,https://www.winningtheissues.org/2025/06/30/winning-the-issues-june-2025-national-survey/,-11,-7.194815123815588
McLaughlin & Associates,America's New Majority Project,2025-06-12,2025-06-15,1637,LV,48.1,51.9,https://americasnewmajorityproject.com/how-to-talk-about-taxes-and-the-budget-bill-what-voters-respond-to-best/,-3.799999999999997,-8.597454392821996
Morning Consult,NA,2025-06-13,2025-06-15,2207,RV,46,52,https://pro.morningconsult.com/trackers/donald-trump-congress-policy-republicans-polling,-6,-10.296861648782885
Ipsos,Reuters,2025-06-11,2025-06-16,4258,A,42,54,https://www.reuters.com/world/us/trump-approval-steady-42-support-weakens-his-immigration-policy-reutersipsos-2025-06-16/,-12,-7.945286735452867
YouGov,The Economist,2025-06-13,2025-06-16,1512,A,41,54,https://d3nkl3psvxxpe9.cloudfront.net/documents/econtoplines_TRp1rqi.pdf,-13,-11.492450230694748
InsiderAdvantage,NA,2025-06-15,2025-06-16,1000,LV,54.4,44.1,https://insideradvantage.com/insideradvantage-national-survey-of-trump-job-performance-approve-54-disapprove-44-undecided-2/,10.299999999999997,-5.870108965160821
Beacon Research/Shaw & Co. Research,FOX News,2025-06-13,2025-06-16,1003,RV,46,54,https://www.foxnews.com/politics/fox-news-poll-economic-pessimism-abates-slightly,-8,-9.09121964100206
Echelon Insights,NA,2025-06-12,2025-06-17,982,LV,45,53,https://echeloninsights.com/in-the-news/june-2025-verified-voter-omnibus-2-2-2-2-2-2/,-8,-10.550032837228272
J.L. Partners,NA,2025-06-16,2025-06-17,1039,RV,46,51,https://jlpartners.com/israeliran,-5,-10.768319231978946
Echelon Insights,NA,2025-06-17,2025-06-18,1002,LV,48,52,https://echeloninsights.com/in-the-news/middle-east-update/,-4,-6.550032837228271
Gallup,NA,2025-06-02,2025-06-19,1000,A,40,57,https://news.gallup.com/poll/692045/economic-confidence-slightly-improved-negative.aspx,-17,-11.243849578664102
RMG Research,Napolitan Institute,2025-06-11,2025-06-19,3000,RV,53,46,https://napolitannews.org/jobapproval,7,-3.1316165393161963
American Research Group,NA,2025-06-17,2025-06-20,1100,A,38,59,https://americanresearchgroup.com/economy/,-21,-12.83128727069208
The Bullfinch Group,Exiled Policy,2025-06-17,2025-06-20,1223,A,41,54,https://www.exiledpolicy.com/p/poll-voters-disapprove-of-congress,-13,-12.93373876501791
Ipsos,Reuters,2025-06-20,2025-06-22,1144,A,41,54,https://www.ipsos.com/en-us/ipsos-core-political-survey-presidential-approval-tracker-june-2025,-13,-8.945286735452868
Morning Consult,NA,2025-06-20,2025-06-22,2205,RV,45,53,https://pro.morningconsult.com/trackers/donald-trump-congress-policy-republicans-polling,-8,-12.296861648782885
Ipsos,Reuters,2025-06-21,2025-06-23,1139,A,41,57,https://www.reuters.com/world/us/americans-worry-conflict-with-iran-could-escalate-reutersipsos-poll-finds-2025-06-23/,-16,-11.945286735452868
YouGov,The Economist,2025-06-20,2025-06-23,1590,A,40,54,https://d3nkl3psvxxpe9.cloudfront.net/documents/econtoplines_fY58GXm.pdf,-14,-12.492450230694748
Quinnipiac University,NA,2025-06-22,2025-06-24,979,RV,41,54,https://poll.qu.edu/poll-release?releaseid=3926,-13,-8.837529682996546
Marist College,"PBS News, NPR",2025-06-23,2025-06-25,1381,A,43,52,https://maristpoll.marist.edu/polls/u-s-attacks-on-iran-july-2025/,-9,-7.962690877253376
John Zogby Strategies,NA,2025-06-24,2025-06-25,1006,LV,45.4,52.7,https://johnzogbystrategies.com/president-trumps-approval-rating-drops-to-45-with-53-disapproval-voters-support-us-bombing-of-irans-nuclear-facilities-today-but-not-tomorrow/,-7.300000000000004,-10.892321429959834
American Pulse Research & Polling,NA,2025-06-23,2025-06-25,633,RV,49.7,48.9,https://www.americanpulse.us/thankyou-pollresults-publicopinion-post-landscape-shaping-events-2,0.8000000000000043,-5.951989371663975
Emerson College,NA,2025-06-24,2025-06-25,1000,RV,44.9,46.3,https://emersoncollegepolling.com/june-national-poll/,-1.3999999999999986,-7.521510972867533
Quantus Insights,NA,2025-06-23,2025-06-25,1000,RV,47,50,https://quantusinsights.org/f/quantus-insights-june-26-2025-national-political-survey,-3,-9.524825198303073
The Tyson Group,NA,2025-06-25,2025-06-26,1027,A,45,51,https://www.axios.com/2025/06/27/poll-trump-strikes-iran-israel,-6,-6.72540497565753
RMG Research,Napolitan Institute,2025-06-18,2025-06-26,3000,RV,51,47,https://napolitannews.org/jobapproval,4,-6.131616539316196
Targoz Market Research,Overton Insights,2025-06-23,2025-06-26,1200,RV,43,54,https://mailchi.mp/overtoninsights.com/nationalpolitics-9431343,-11,-10.786540069061916
Morning Consult,NA,2025-06-27,2025-06-29,2202,RV,47,50,https://pro.morningconsult.com/trackers/donald-trump-congress-policy-republicans-polling,-3,-7.296861648782884
YouGov,Yahoo News,2025-06-26,2025-06-30,1597,A,40,56,https://www.yahoo.com/news/poll-just-22-of-americans-believe-trumps-claim-that-us-strikes-have-completely-and-totally-obliterated-irans-nuclear-program-201243728.html,-16,-14.492450230694748
YouGov,The Economist,2025-06-27,2025-06-30,1648,A,42,53,https://d3nkl3psvxxpe9.cloudfront.net/documents/econtoplines_bFO4I7K.pdf,-11,-9.492450230694748
Global Strategy Group/GBAO (Navigator Research),NA,2025-06-26,2025-06-30,1000,RV,45,53,https://navigatorresearch.org/americans-continue-to-oppose-republicans-budget-plan/?emci=ce8cac3e-8956-f011-8f7c-6045bdfe8e9c&emdi=88836e6f-9456-f011-8f7c-6045bdfe8e9c&ceid=1589070,-8,-7.092088493105235
Quantus Insights,TrendingPolitics,2025-06-30,2025-07-02,1000,RV,47,49,https://quantusinsights.org/f/quantus-insights-national-survey-still-polarized-now-drifting,-2,-8.494809548760337
Morning Consult,NA,2025-07-03,2025-07-06,2203,RV,45,52,https://pro.morningconsult.com/trackers/donald-trump-congress-policy-republicans-polling,-7,-11.296861648782885
YouGov,The Economist,2025-07-04,2025-07-07,1528,A,42,53,https://d3nkl3psvxxpe9.cloudfront.net/documents/econtoplines_qDJUvSl.pdf,-11,-9.492450230694748
Harris Insights & Analytics,Harvard CAPS,2025-07-06,2025-07-08,2044,RV,47,49,https://harvardharrispoll.com/wp-content/uploads/2025/07/HHP_July_2025_KeyResults.pdf,-2,-8.872788225049003
Morning Consult,NA,2025-07-04,2025-07-10,45000,A,43.99,50.14,https://pro.morningconsult.com/trackers/global-leader-approval,-6.149999999999999,-10.397218452927268
J.L. Partners,Daily Mail,2025-07-09,2025-07-10,1013,RV,44,48,https://www.dailymail.co.uk/news/article-14916739/Epstein-Trump-poll-impact-shock-birthday-letter.html,-4,-11.426361946424436
RMG Research,Napolitan Institute,2025-06-30,2025-07-10,3000,RV,50,47,https://napolitannews.org/jobapproval,3,-7.131616539316196
CNN/SSRS,NA,2025-07-10,2025-07-13,1057,A,42,58,https://www.cnn.com/2025/07/16/politics/trump-megabill-one-big-beautiful-bill,-16,-8.217128040635355
YouGov,NA,2025-07-09,2025-07-13,2104,A,39,56,https://d3nkl3psvxxpe9.cloudfront.net/documents/Trump_Issue_Handling_poll_results.pdf,-17,-15.492450230694748
Morning Consult,NA,2025-07-11,2025-07-13,2201,RV,47,50,https://pro.morningconsult.com/trackers/donald-trump-congress-policy-republicans-polling,-3,-7.296861648782884
AP-NORC,NA,2025-07-10,2025-07-14,1437,A,40,58,https://apnorc.org/projects/people-are-more-likely-to-say-trumps-policies-have-hurt-them-than-helped-them/,-18,-9.154448264548936
YouGov,The Economist,2025-07-11,2025-07-14,1680,A,41,55,https://d3nkl3psvxxpe9.cloudfront.net/documents/econtoplines_GH2gpvi.pdf,-14,-12.492450230694748
Echelon Insights,NA,2025-07-10,2025-07-14,1084,LV,45,53,https://echeloninsights.com/in-the-news/july-2025-verified-voter-omnibus-2-2-2-2-2-2-2/,-8,-10.550032837228272
Quinnipiac University,NA,2025-07-10,2025-07-14,1290,RV,40,54,https://poll.qu.edu/poll-release?releaseid=3928,-14,-9.837529682996546
Ipsos,Reuters,2025-07-15,2025-07-16,1027,A,41,54,https://www.reuters.com/world/us/trumps-approval-immigration-falls-lowest-level-his-term-reutersipsos-poll-finds-2025-07-16/,-13,-8.945286735452868
Marquette University Law School,NA,2025-07-07,2025-07-16,1005,A,45,55,https://law.marquette.edu/poll/2025/07/23/detailed-results-of-the-marquette-law-school-supreme-court-poll-july-7-16-2025-national-issues/,-10,-8.50181631274798
Verasight,Strength In Numbers,2025-07-14,2025-07-16,1500,A,42,57,https://www.gelliottmorris.com/p/new-poll-dems-lead-house-generic,-15,-11.797616506402003
Quantus Insights,NA,2025-07-14,2025-07-16,1000,RV,48,50,https://quantusinsights.org/f/quantus-insights-survey-what-julys-numbers-tell-us,-2,-8.524825198303073
AtlasIntel,NA,2025-07-13,2025-07-18,1935,A,44.3,54.9,https://atlasintel.org/poll/usa-national-2025-07-18,-10.600000000000001,-11.17147919986955
YouGov,CBS News,2025-07-16,2025-07-18,2343,A,42,58,https://www.cbsnews.com/news/cbs-news-poll-trump-deportation-program-prices/,-16,-14.492450230694748
Global Strategy Group/GBAO (Navigator Research),NA,2025-07-16,2025-07-19,1000,RV,43,54,https://navigatorresearch.org/the-government-and-the-epstein-files/,-11,-10.092088493105235
American Research Group,NA,2025-07-17,2025-07-20,1100,A,38,59,https://americanresearchgroup.com/economy/,-21,-12.83128727069208
"Fabrizio, Lee & Associates/Impact Research",The Wall Street Journal,2025-07-16,2025-07-20,1500,RV,46,52,https://www.wsj.com/politics/elections/trump-approval-rating-poll-july-2025-745b0f5f,-6,-6.652222104974221
Morning Consult,NA,2025-07-18,2025-07-20,2202,RV,45,52,https://pro.morningconsult.com/trackers/donald-trump-congress-policy-republicans-polling,-7,-11.296861648782885
Gallup,NA,2025-07-07,2025-07-21,1002,A,37,58,https://news.gallup.com/poll/692879/independents-drive-trump-approval-second-term-low.aspx,-21,-15.243849578664102
High Point University Survey Research Center,NA,2025-07-18,2025-07-21,1000,A,39,51,https://www.highpoint.edu/src/files/2023/08/hpupoll112A.pdf,-12,-12.610257623298763
YouGov,The Times of London,2025-07-18,2025-07-21,1470,A,39,56,https://www.thetimes.com/us/american-politics/article/trump-polls-approval-rating-200-days-nxdl2szkr,-17,-15.492450230694748
YouGov,The Economist,2025-07-18,2025-07-21,1729,A,41,55,https://d3nkl3psvxxpe9.cloudfront.net/documents/econtoplines_x8wFIYj.pdf,-14,-12.492450230694748
Beacon Research/Shaw & Co. Research,FOX News,2025-07-18,2025-07-21,1000,RV,46,54,https://www.foxnews.com/official-polls/fox-news-poll-trump-facing-headwinds-six-month-mark,-8,-9.09121964100206
GBAO,Third Way,2025-07-14,2025-07-21,2000,RV,45,55,https://www.thirdway.org/memo/big-beautiful-bellyaches-americans-pain-and-frustration-worsens-after-six-months-of-misplaced-priorities,-10,-12.665976465909274
The Bullfinch Group,NA,2025-07-18,2025-07-22,1200,A,41,55,https://www.thebullfinchgroup.com/post/public-release-of-bullfinch-q3-nationwide-survey-3,-14,-13.93373876501791
Emerson College,Nexstar,2025-07-21,2025-07-22,1400,RV,45.7,46.8,https://www.conchovalleyhomepage.com/news/majority-disapprove-of-trumps-handling-of-epstein-files-emerson-college-polling-survey/,-1.0999999999999943,-7.847309072688451
J.L. Partners,Daily Mail,2025-07-21,2025-07-22,1007,RV,45,46,https://www.dailymail.co.uk/news/article-14932725/Americans-Trump-highest-approval-rating-months-despite-fallout-Epstein-witch-hunt.html,-1,-8.426361946424436
Quantus Insights,NA,2025-07-21,2025-07-23,1123,RV,47.4,49.9,https://quantus.substack.com/p/quantus-insights-national-poll-a,-2.5,-9.024825198303073
McLaughlin & Associates,America's New Majority Project,2025-07-21,2025-07-24,1633,LV,47.3,52.7,https://americasnewmajorityproject.com/winning-with-one-big-beautiful-bill/,-5.400000000000006,-10.197454392822003
RMG Research,Napolitan Institute,2025-07-16,2025-07-24,3000,RV,50,48,https://napolitannews.org/jobapproval,2,-8.131616539316196
Ipsos,Reuters,2025-07-25,2025-07-27,1023,A,40,56,https://www.reuters.com/world/us/trump-approval-rating-sinks-40-lowest-his-term-reutersipsos-poll-finds-2025-07-29/,-16,-11.945286735452868
Leger,"Maintenant Media, 338Canada",2025-07-25,2025-07-27,1007,A,37,51,https://leger360.com/trump-epstein-and-the-american-party/,-14,-13.371668815367803
Morning Consult,NA,2025-07-25,2025-07-27,2202,RV,47,50,https://pro.morningconsult.com/trackers/donald-trump-congress-policy-republicans-polling,-3,-7.296861648782884
YouGov,Yahoo News,2025-07-24,2025-07-28,1729,A,39,56,https://d3nkl3psvxxpe9.cloudfront.net/documents/20250728_yahoo.pdf,-17,-15.492450230694748
YouGov,The Economist,2025-07-25,2025-07-28,1777,A,40,55,https://d3nkl3psvxxpe9.cloudfront.net/documents/econtoplines_lXGTRIo.pdf,-15,-13.492450230694748
John Zogby Strategies,NA,2025-07-28,2025-07-29,1010,LV,43,54,https://johnzogbystrategies.com/new-zogby-strategies-poll-reveals-intense-collapse-among-trump-supporters/,-11,-14.962094189926622
University of Massachusetts (Amherst),NA,2025-07-25,2025-07-30,1000,A,38,58,https://www.umass.edu/political-science/about/reports/2025-9,-20,-16.49650732967977
Clarity Campaign Labs,NA,2025-07-24,2025-07-31,1018,RV,46,51,https://static1.squarespace.com/static/61ae8d5e55be5c7314b4c83a/t/68936b40c111f97bb04773dd/1754491714447/Clarity+Omnibus+Overview+-+July+2025+%5BPUBLIC%5D.pdf,-5,-9.31262995466578
RMG Research,Napolitan Institute,2025-07-23,2025-07-31,3000,RV,50,48,https://napolitannews.org/jobapproval,2,-8.131616539316196
Hart Research Associates/Public Opinion Strategies,CNBC,2025-07-29,2025-08-03,1000,A,46,51,https://www.cnbc.com/video/2025/08/07/cnbc-all-america-economic-survey-45-percent-approve-of-pres-trumps-handling-of-the-economy.html,-5,-7.324053412198365
Morning Consult,NA,2025-08-01,2025-08-03,2201,RV,45,52,https://pro.morningconsult.com/trackers/donald-trump-congress-policy-republicans-polling,-7,-11.296861648782885
YouGov,The Economist,2025-08-01,2025-08-04,1702,A,41,55,https://d3nkl3psvxxpe9.cloudfront.net/documents/econtoplines_dJ7roKt.pdf,-14,-12.492450230694748
RMG Research,Napolitan Institute,2025-07-30,2025-08-07,3000,RV,50,49,https://napolitannews.org/jobapproval,1,-9.131616539316196
Morning Consult,NA,2025-08-03,2025-08-09,45000,A,44.88,48.73,https://pro.morningconsult.com/trackers/global-leader-approval,-3.8499999999999943,-8.097218452927262
Pew Research Center,NA,2025-08-04,2025-08-10,3554,A,38,60,https://www.pewresearch.org/politics/2025/08/14/trumps-tariffs-and-one-big-beautiful-bill-face-more-opposition-than-support-as-his-job-rating-slips/,-22,-14.75556091857564
Morning Consult,NA,2025-08-08,2025-08-10,2200,RV,45,51,https://pro.morningconsult.com/trackers/donald-trump-congress-policy-republicans-polling,-6,-10.296861648782885
YouGov,The Economist,2025-08-09,2025-08-11,1635,A,42,54,https://d3nkl3psvxxpe9.cloudfront.net/documents/econtoplines_V8D6b4L.pdf,-12,-10.492450230694748
Global Strategy Group/GBAO (Navigator Research),NA,2025-08-07,2025-08-11,1000,RV,43,55,https://navigatorresearch.org/americans-oppose-texas-redistricting-by-double-digit-margins/,-12,-11.092088493105235
Merlin Strategy,Azoria Capital,2025-08-11,2025-08-12,2000,A,42,50,https://www.newsmax.com/newsfront/poll-donald-trump-tariffs/2025/08/15/id/1222610/,-8,-11.426963041745399
Quantus Insights,NA,2025-08-11,2025-08-13,1000,RV,47.4,51,https://quantusinsights.org/f/middle-america-shrugs-inflation-fatigue-and-electoral-flux,-3.6000000000000014,-10.124825198303075
RMG Research,Napolitan Institute,2025-08-06,2025-08-14,3000,RV,48,51,https://napolitannews.org/jobapproval,-3,-13.131616539316196
Echelon Insights,NA,2025-08-14,2025-08-17,1057,LV,47,51,https://echeloninsights.com/in-the-news/august-2025-verified-voter-omnibus/,-4,-6.550032837228271
InsiderAdvantage,NA,2025-08-15,2025-08-17,1000,LV,54,43.6,https://insideradvantage.com/trump-approval-surges-post-summit-54-44-all-voters-under-65-years-of-age-approve-older-voters-not-so-much/?utm_source=rss&utm_medium=rss&utm_campaign=trump-approval-surges-post-summit-54-44-all-voters-under-65-years-of-age-approve-older-voters-not-so-much,10.399999999999999,-5.770108965160819
The Argument/Verasight,NA,2025-08-08,2025-08-17,1562,RV,43,55,https://www.theargumentmag.com/p/when-americans-bite-their-tongues,-12,-10.703389588377645
Ipsos,Reuters,2025-08-13,2025-08-18,4446,A,40,54,https://www.reuters.com/world/us/trump-approval-holds-40-lowest-level-his-term-reutersipsos-poll-finds-2025-08-18/,-14,-9.945286735452868
SoCal Strategies,"Red Eagle Politics, On Point Politics",2025-08-18,2025-08-18,700,A,45,48,https://substack.com/inbox/post/171344467?r=4aupgp,-3,-7.7681682703518
YouGov,The Economist,2025-08-15,2025-08-18,1568,A,40,56,https://d3nkl3psvxxpe9.cloudfront.net/documents/econtoplines_ep7WXyn.pdf,-16,-14.492450230694748
Morning Consult,NA,2025-08-15,2025-08-18,2201,RV,47,51,https://pro.morningconsult.com/trackers/donald-trump-congress-policy-republicans-polling,-4,-8.296861648782883
American Research Group,NA,2025-08-17,2025-08-20,1100,A,38,59,https://americanresearchgroup.com/economy/,-21,-12.83128727069208
Gallup,NA,2025-08-01,2025-08-20,1094,A,40,56,https://news.gallup.com/poll/694370/trump-ratings-mood-stay-tepid-august.aspx,-16,-10.243849578664102
Verasight,Strength In Numbers,2025-08-18,2025-08-21,1500,A,41,56,https://www.gelliottmorris.com/p/democrats-lead-the-us-house-generic,-15,-11.797616506402003
Harris Insights & Analytics,Harvard CAPS,2025-08-20,2025-08-21,2025,RV,47,49,https://harvardharrispoll.com/wp-content/uploads/2025/08/HHP_Aug2025_KeyResults.pdf,-2,-8.872788225049003
Ipsos,Reuters,2025-08-22,2025-08-24,1022,A,40,54,https://www.reuters.com/world/us/just-38-americans-support-trumps-use-troops-police-dc-reutersipsos-poll-finds-2025-08-26/,-14,-9.945286735452868
Morning Consult,NA,2025-08-22,2025-08-24,2200,RV,47,51,https://pro.morningconsult.com/trackers/donald-trump-congress-policy-republicans-polling,-4,-8.296861648782883
AP-NORC,NA,2025-08-21,2025-08-25,1182,A,45,53,https://apnorc.org/projects/most-say-crime-is-a-major-problem-in-americas-cities-but-few-support-a-federal-takeover-of-police-departments/,-8,-3.5543616714103834
YouGov,The Economist,2025-08-22,2025-08-25,1523,A,41,56,https://d3nkl3psvxxpe9.cloudfront.net/documents/econtoplines_ziFpJLd.pdf,-15,-13.492450230694748
Quinnipiac University,NA,2025-08-21,2025-08-25,1220,RV,37,55,https://poll.qu.edu/poll-release?releaseid=3929,-18,-13.837529682996546
Talker Research,Scripps News,2025-08-21,2025-08-26,1000,A,43,46,https://www.scrippsnews.com/politics/poll-vast-majority-of-americans-say-life-is-getting-pricier-under-trump,-3,-10.998317843440914
Emerson College,NA,2025-08-25,2025-08-26,1000,RV,44.7,47.3,https://emersoncollegepolling.com/august-2025-national/,-2.5999999999999943,-8.472180486133082
Quantus Insights,NA,2025-08-25,2025-08-26,1000,RV,47.6,50.6,https://quantusinsights.org/f/trump%E2%80%99s-standing-in-late-summer-2025-the-lines-harden,-3,-9.524825198303073
RMG Research,Napolitan Institute,2025-08-21,2025-08-28,3000,RV,50,49,https://napolitannews.org/jobapproval,1,-9.131616539316196
Leger,NA,2025-08-29,2025-08-31,1014,A,39,50,https://leger360.com/en/us-politics-gavin-newsom-jd-vance-international-relations-views-on-world-leaders/,-11,-10.371668815367803
John Zogby Strategies,NA,2025-08-29,2025-08-31,1005,LV,46,52,https://johnzogbystrategies.com/09-03-25-has-the-president-bounced-back-new-zogby-strategies-poll/,-6,-9.962094189926622
Morning Consult,NA,2025-08-29,2025-08-31,2202,RV,46,51,https://pro.morningconsult.com/trackers/donald-trump-congress-policy-republicans-polling,-5,-9.296861648782883
SurveyMonkey,NBC News Decision Desk,2025-08-13,2025-09-01,30196,A,43,57,https://www.nbcnews.com/news/amp/rcna228110,-14,-12.28089388729616
J.L. Partners,Daily Mail,2025-08-29,2025-09-01,867,RV,49,41,https://www.dailymail.co.uk/news/article-15062999/donald-trump-poll-approval-rating.html?ns_mchannel=rss&ns_campaign=1490&ito=1490,8,0.5736380535755641
Survey 160,NA,2025-08-26,2025-09-01,1437,RV,43,54,https://www.survey160.com/methodological-research-blog/introducing-the-survey-160-tracking-poll,-11,-7.006870866486708
YouGov,The Economist,2025-08-29,2025-09-02,1691,A,41,55,https://d3nkl3psvxxpe9.cloudfront.net/documents/econtoplines_yFjgYJq.pdf,-14,-12.492450230694748
YouGov,Yahoo News,2025-08-29,2025-09-02,1690,A,40,55,https://ca.news.yahoo.com/poll-shows-a-majority-of-americans-dont-want-trump-to-send-national-guard-to-major-cities--as-he-says-chicago-and-baltimore-are-next-175845210.html,-15,-13.492450230694748
YouGov,CBS News,2025-09-03,2025-09-05,2385,A,44,56,https://www.cbsnews.com/news/trump-national-guard-cities-opinion-poll/,-12,-10.492450230694748
Morning Consult,NA,2025-09-02,2025-09-08,45000,A,44.2,49.22,https://pro.morningconsult.com/trackers/global-leader-approval,-5.019999999999996,-9.267218452927263
PRRI,Brookings Institute | Carnegie Corporation of New York | Ford Foundation | Unitarian Universalist Veatch Program at Shelter Rock,2025-08-15,2025-09-08,5543,A,42,56,https://prri.org/research/trumps-unprecedented-actions-deepen-asymmetric-divides/,-14,-12.254893501046762
YouGov,The Economist,2025-09-05,2025-09-08,1644,A,41,54,https://d3nkl3psvxxpe9.cloudfront.net/documents/econtoplines_7flqP0S.pdf,-13,-11.492450230694748
Global Strategy Group/GBAO (Navigator Research),NA,2025-09-04,2025-09-08,1000,RV,43,53,https://navigatorresearch.org/republicans-on-hook-in-the-event-of-a-government-shutdown/,-10,-9.092088493105235
Morning Consult,NA,2025-09-06,2025-09-08,2201,RV,45,52,https://pro.morningconsult.com/trackers/donald-trump-congress-policy-republicans-polling,-7,-11.296861648782885
Ipsos,Reuters,2025-09-05,2025-09-09,1084,A,42,56,https://www.reuters.com/world/us/trump-approval-rating-42-weak-economy-reutersipsos-poll-shows-2025-09-09/,-14,-9.945286735452868
YouGov,Taxpayers Protection Alliance,2025-09-05,2025-09-09,2030,A,42,55,https://www.protectingtaxpayers.org/federal-agencies/tpa-releases-a-new-survey-exposing-americans-wide-distrust-disapproval-of-rfk-jr-s-leadership/,-13,-13.515197573036282
Beacon Research/Shaw & Co. Research,FOX News,2025-09-06,2025-09-09,1004,RV,46,54,https://www.foxnews.com/politics/fox-news-poll-trumps-ratings-strong-border-security-weak-economy,-8,-9.09121964100206
The Bullfinch Group,The Independent Center,2025-09-06,2025-09-11,2000,A,45,51,https://www.independentcenter.org/poll-toplines/independent-center-poll-a-growing-generation-divide,-6,-5.93373876501791
Clarity Campaign Labs,NA,2025-09-04,2025-09-11,1001,RV,46,52,https://www.claritycampaigns.com/clarity-omnibus-september-2025,-6,-10.312629954665779
RMG Research,Napolitan Institute,2025-09-03,2025-09-11,3000,RV,50,48,https://napolitannews.org/jobapproval,2,-8.131616539316196
Morning Consult,NA,2025-09-12,2025-09-14,2204,RV,46,52,https://pro.morningconsult.com/trackers/donald-trump-congress-policy-republicans-polling,-6,-10.296861648782885
AP-NORC,NA,2025-09-11,2025-09-15,1183,A,39,60,https://apnorc.org/projects/pessimism-about-the-direction-of-the-country-is-growing-among-republicans/,-21,-12.154448264548936
Ipsos,The Washington Post,2025-09-11,2025-09-15,2513,A,43,56,https://www.washingtonpost.com/politics/2025/09/19/trump-poll-crime-immigration-economy-tariffs/,-13,-8.945286735452868
SurveyMonkey,The 19th,2025-09-08,2025-09-15,20807,A,43,55,https://www.surveymonkey.com/curiosity/the-19th-surveymonkey-poll-september-2025,-12,-10.28089388729616
YouGov,The Economist,2025-09-12,2025-09-15,1567,A,39,57,https://d3nkl3psvxxpe9.cloudfront.net/documents/econtoplines_XBYs983.pdf,-18,-16.492450230694747
YouGov,NA,2025-09-12,2025-09-15,1103,A,41,55,https://d3nkl3psvxxpe9.cloudfront.net/documents/Approval_of_Trump_s_Appointments_poll_results.pdf,-14,-12.492450230694748
AtlasIntel,NA,2025-09-12,2025-09-16,1066,A,46.9,52,https://atlasintel.org/poll/usa-national-2025-09-19,-5.100000000000001,-5.671479199869549
Gallup,NA,2025-09-02,2025-09-16,1000,A,40,56,https://news.gallup.com/poll/695519/mood-subdued-crime-unity-concerns-rise.aspx,-16,-10.243849578664102
"Normington, Petts & Associates",Third Way,2025-09-11,2025-09-16,800,RV,45,54,https://www.thirdway.org/memo/americans-caught-between-trumps-cruelty-and-democrats-chaos,-9,-8.609711132125405
The Argument/Verasight,NA,2025-09-15,2025-09-18,1541,RV,42,56,https://www.theargumentmag.com/p/chatgpt-and-the-end-of-learning,-14,-12.703389588377645
Verasight,Strength In Numbers,2025-09-15,2025-09-19,1500,A,42,55,https://www.gelliottmorris.com/p/new-poll-voters-to-blame-republicans-for-shutdown,-13,-9.797616506402003
American Research Group,NA,2025-09-17,2025-09-20,1100,A,37,58,https://americanresearchgroup.com/economy/,-21,-12.83128727069208
Ipsos,Reuters,2025-09-19,2025-09-21,1019,A,41,58,https://www.reuters.com/world/us/trumps-approval-dips-americans-worry-about-economy-reutersipsos-poll-finds-2025-09-23/,-17,-12.945286735452868
Quantus Insights,NA,2025-09-19,2025-09-21,1000,LV,48.2,49.7,https://quantusinsights.org/f/trump-holds-the-line-as-republican-confidence-ticks-up#ddfaccf9-bede-412a-8ce9-6f9ddda07554,-1.5,-8.097154204955123
Morning Consult,NA,2025-09-19,2025-09-21,2201,RV,46,52,https://pro.morningconsult.com/trackers/donald-trump-congress-policy-republicans-polling,-6,-10.296861648782885
Quinnipiac University,NA,2025-09-18,2025-09-21,1276,RV,38,54,https://poll.qu.edu/poll-release?releaseid=3932,-16,-11.837529682996546
YouGov,The Economist,2025-09-19,2025-09-22,1551,A,39,56,https://d3nkl3psvxxpe9.cloudfront.net/documents/econtoplines_EYduduY.pdf,-17,-15.492450230694748
Echelon Insights,NA,2025-09-18,2025-09-22,1071,LV,45,53,https://echeloninsights.com/in-the-news/september-2025-verified-voter-omnibus/,-8,-10.550032837228272
Marquette University Law School,NA,2025-09-15,2025-09-24,1043,A,43,57,https://law.marquette.edu/poll/2025/10/01/detailed-results-of-the-marquette-law-school-supreme-court-poll-sept-15-24-2025-national-issues/,-14,-12.50181631274798
RMG Research,Napolitan Institute,2025-09-16,2025-09-24,3000,RV,50,49,https://napolitannews.org/jobapproval,1,-9.131616539316196
Marist College,NPR | PBS News,2025-09-22,2025-09-26,1477,A,41,53,https://maristpoll.marist.edu/polls/government-shutdown-september-2025/,-12,-9.93044626262881
The New York Times/Siena College,NA,2025-09-22,2025-09-27,1313,RV,43,54,https://www.nytimes.com/2025/09/30/polls/trump-approval-poll.html,-11,-11.18772925739471
Pew Research Center,NA,2025-09-22,2025-09-28,3445,A,40,58,https://www.pewresearch.org/short-reads/2025/09/30/americans-view-trump-vance-and-congressional-leaders-in-both-parties-more-negatively-than-positively/,-18,-10.755560918575636
Morning Consult,NA,2025-09-26,2025-09-28,2202,RV,46,52,https://pro.morningconsult.com/trackers/donald-trump-congress-policy-republicans-polling,-6,-10.296861648782885
Leger,NA,2025-09-26,2025-09-29,1010,A,38,50,https://leger360.com/en/attitudes-toward-political-leaders-free-expression-and-health-related-beliefs/,-12,-11.371668815367803
YouGov,Yahoo News,2025-09-25,2025-09-29,1676,A,41,55,https://www.yahoo.com/entertainment/tv/article/poll-americans-approve-of-jimmy-kimmels-return-to-tv-by-a-more-than-2-to-1-margin-183746388.html,-14,-12.492450230694748
YouGov,The Economist,2025-09-26,2025-09-29,1656,A,40,54,https://today.yougov.com/politics/articles/53094-donald-trump-approval-rebound-government-shutdown-chances-james-comey-flu-covid-vaccines-economy-september-26-29-2025-economist-yougov-poll,-14,-12.492450230694748
InsiderAdvantage,NA,2025-09-29,2025-09-30,800,LV,51.4,45.2,https://insideradvantage.com/sorry-our-site-was-down-topline-tabs-september-trump-job-performance/,6.199999999999996,-9.970108965160824
RMG Research,Napolitan Institute,2025-09-23,2025-10-01,3000,RV,51,48,https://napolitannews.org/jobapproval,3,-7.131616539316196
Harris Insights & Analytics,Harvard CAPS,2025-10-01,2025-10-02,2413,RV,46,50,https://harvardharrispoll.com/wp-content/uploads/2025/10/HHP_Sep2025_KeyResults.pdf,-4,-10.872788225049002
YouGov,CBS News,2025-10-01,2025-10-03,2441,A,42,58,https://www.cbsnews.com/news/cbs-news-poll-shutdown-trump-democrats-republicans/,-16,-14.492450230694748
Global Strategy Group/GBAO (Navigator Research),NA,2025-10-02,2025-10-05,1000,RV,44,54,https://navigatorresearch.org/government-shutdown-a-guide-for-advocates/,-10,-9.092088493105235
Morning Consult,NA,2025-10-03,2025-10-05,2200,RV,46,52,https://pro.morningconsult.com/trackers/donald-trump-congress-policy-republicans-polling,-6,-10.296861648782885
YouGov,The Economist,2025-10-04,2025-10-06,1648,A,39,56,https://today.yougov.com/politics/articles/53131-government-shutdown-2026-congressional-election-donald-trump-job-approval-the-economy-october-4-6-2025-economist-yougov-poll,-17,-15.492450230694748
OH Predictive Insights,The Center Square,2025-10-02,2025-10-06,2565,RV,48,50,https://www.thecentersquare.com/north_carolina/article_1ca4f129-6cbd-4a04-a83b-4e98ad17c137.html,-2,-6.19666809541369
OH Predictive Insights,Center Square,2025-10-02,2025-10-06,2565,RV,48,50,https://www.thecentersquare.com/north_carolina/article_1ca4f129-6cbd-4a04-a83b-4e98ad17c137.html,-2,-6.822466195234612
Ipsos,Reuters,2025-10-03,2025-10-07,1154,A,40,58,https://www.reuters.com/world/us/most-americans-dont-want-troops-deployed-without-an-external-threat-reutersipsos-2025-10-08/,-18,-13.945286735452868
Morning Consult,NA,2025-10-01,2025-10-07,45000,A,43,50,https://pro.morningconsult.com/trackers/global-leader-approval,-7,-11.24721845292727
Quantus Insights,NA,2025-10-06,2025-10-08,1000,LV,47,51,https://quantusinsights.org/f/the-nation%E2%80%99s-pulse-trump-approval-poll-october-2025#ddfaccf9-bede-412a-8ce9-6f9ddda07554,-4,-10.597154204955123
RMG Research,Napolitan Institute,2025-10-01,2025-10-09,3000,LV,51,48,https://napolitannews.org/jobapproval,3,-7.203945545968245
Tavern Research,Searchlight,2025-10-09,2025-10-09,1994,LV,46,51,https://www.searchlightinstitute.org/wp-content/uploads/2025/12/Toplines-Searchlight-Pro-Trust-Survey-20251008_145510.pdf,-5,-8.946943169471067
Hart Research Associates/Public Opinion Strategies,CNBC,2025-10-08,2025-10-12,1000,A,44,52,https://www.cnbc.com/2025/10/17/trumps-economic-approval-rating-drops-says-cnbc-survey.html,-8,-10.324053412198367
John Zogby Strategies,NA,2025-10-10,2025-10-12,1000,LV,44,51,https://johnzogbystrategies.com/president-trumps-approval-rating-at-44-slight-majority-disapprove-nation-deeply-divided-over-insurrection-act/,-7,-10.59232142995983
Morning Consult,NA,2025-10-10,2025-10-12,2202,RV,45,53,https://pro.morningconsult.com/trackers/donald-trump-congress-policy-republicans-polling,-8,-12.296861648782885
AP-NORC,NA,2025-10-09,2025-10-13,1289,A,37,61,https://apnorc.org/projects/increased-approval-of-trumps-handling-of-the-israel-palestine-conflict/,-24,-15.154448264548936
YouGov,The Economist,2025-10-10,2025-10-13,1622,A,40,55,https://d3nkl3psvxxpe9.cloudfront.net/documents/econtoplines_S8pBegu.pdf,-15,-13.492450230694748
Global Strategy Group/GBAO (Navigator Research),NA,2025-10-09,2025-10-13,1000,RV,44,54,https://navigatorresearch.org/government-shutdown-a-guide-for-advocates-2/,-10,-9.092088493105235
Emerson College,NA,2025-10-13,2025-10-14,1000,RV,45.3,48.3,https://emersoncollegepolling.com/october-2025-poll/,-3,-9.747309072688456
J.L. Partners,Daily Mail,2025-10-14,2025-10-15,1004,RV,46,44,https://www.dailymail.co.uk/news/article-15199427/donald-trump-polling-peace-president.html,2,-5.426361946424436
Gallup,NA,2025-10-01,2025-10-16,1000,A,41,54,https://news.gallup.com/poll/696722/congress-job-rating-sinks-trump-steady.aspx,-13,-7.243849578664102
The Bullfinch Group,Independent Center,2025-10-10,2025-10-16,1200,A,42,52,https://www.independentcenter.org/poll-toplines/independent-center-2025-nationwide-online-governmental-sentiment-survey,-10,-10.303511524984703
RMG Research,Napolitan News Service,2025-10-08,2025-10-16,3000,RV,52,47,https://napolitannews.org/assets/pdfs/68f23897734ed-gcm25-1015-toplines-trump-job-approval.pdf,5,-5.131616539316196
The Argument/Verasight,NA,2025-10-10,2025-10-16,1530,RV,43,54,https://www.theargumentmag.com/p/the-immigration-problem-is-a-crime,-11,-9.703389588377645
Hart Research Associates,Senate Majority PAC,2025-10-17,2025-10-19,1221,LV,45,55,https://senatemajority.com/wp-content/uploads/Hart-Research-SMP-Oct-24.pdf?utm_source=Sailthru&utm_medium=email&utm_campaign=10/24/25%20%20AM:&utm_term=Punchbowl%20AM%20and%20Active%20Subscribers%20from%20Memberful%20Combined,-10,-9.096100991467967
Morning Consult,NA,2025-10-17,2025-10-19,2200,RV,46.35,50.97,https://pro.morningconsult.com/trackers/donald-trump-congress-policy-republicans-polling,-4.6199999999999974,-8.91686164878288
American Research Group,NA,2025-10-17,2025-10-20,1100,A,37,60,https://americanresearchgroup.com/,-23,-14.83128727069208
Ipsos,Reuters,2025-10-15,2025-10-20,4385,A,42,56,https://www.reuters.com/world/us/trumps-approval-edges-up-despite-americans-blaming-republicans-shutdown-2025-10-21/,-14,-9.945286735452868
University of Massachusetts Lowell Center for Public Opinion,NA,2025-10-16,2025-10-20,1000,A,42,58,https://www.uml.edu/news/press-releases/2025/national-poll-10292025.aspx,-16,-12.309618329925675
YouGov,The Economist,2025-10-17,2025-10-20,1621,A,39,56,https://d3nkl3psvxxpe9.cloudfront.net/documents/econtoplines_9BPkYGS.pdf,-17,-15.492450230694748
Echelon Insights,NA,2025-10-16,2025-10-20,1010,LV,46,53,https://echeloninsights.com/in-the-news/october-2025-verified-voter-omnibus-2/,-7,-9.550032837228272
Global Strategy Group/GBAO (Navigator Research),NA,2025-10-16,2025-10-20,1000,RV,43,55,https://navigatorresearch.org/government-shutdown-week-3-a-guide-for-advocates/?emci=6a577bc9-54af-f011-8e61-6045bded8ba4&emdi=063cda43-62af-f011-8e61-6045bded8ba4&ceid=1590570,-12,-11.092088493105235
Quinnipiac University,NA,2025-10-16,2025-10-20,1327,RV,40,54,https://poll.qu.edu/poll-release?releaseid=3938,-14,-9.837529682996546
RMG Research,Napolitan News Service,2025-10-15,2025-10-22,3000,RV,51,47,https://napolitannews.org/assets/pdfs/68fb7fa19ba6e-gcm25-1022-toplines-trump-job-approval.pdf,4,-6.131616539316196
Clarity Campaign Labs,NA,2025-10-16,2025-10-23,1047,RV,46,52,https://www.claritycampaigns.com/clarity-omnibus-oct-2025,-6,-10.312629954665779
Ipsos,Reuters,2025-10-24,2025-10-26,1018,A,40,57,https://www.reuters.com/world/us/trumps-popularity-dips-americans-sweat-cost-living-reutersipsos-poll-finds-2025-10-28/,-17,-12.945286735452868
Morning Consult,NA,2025-10-24,2025-10-26,2202,RV,46.1,50.99,https://pro.morningconsult.com/trackers/donald-trump-congress-policy-republicans-polling,-4.890000000000001,-9.186861648782884
YouGov,Yahoo News,2025-10-23,2025-10-27,1770,A,40,56,https://www.scribd.com/document/940273112/Yahoo-YouGov-Shutdown-Poll-October-2025,-16,-14.492450230694748
YouGov,The Economist,2025-10-24,2025-10-27,1623,A,39,58,https://d3nkl3psvxxpe9.cloudfront.net/documents/econtoplines_6P3FccQ.pdf,-19,-17.492450230694747
Global Strategy Group/GBAO (Navigator Research),NA,2025-10-23,2025-10-27,1000,RV,41,57,https://navigatorresearch.org/wp-content/uploads/2025/10/Navigator-Update-10.29.2025.pdf,-16,-15.092088493105235
Ipsos,ABC News | The Washington Post,2025-10-24,2025-10-28,2725,A,41,59,https://www.washingtonpost.com/politics/2025/11/02/trump-democrats-poll-post-abc-ipsos/,-18,-13.945286735452868
Hart Research Associates/Public Opinion Strategies,NBC News,2025-10-24,2025-10-28,1000,RV,43,55,https://www.nbcnews.com/politics/elections/poll-frustration-trump-gives-democrats-opening-year-midterms-rcna240551,-12,-14.373696608053983
Verasight,Strength In Numbers,2025-10-24,2025-10-29,1567,A,41,56,https://www.gelliottmorris.com/p/new-poll-voters-want-democrats-to,-15,-11.797616506402003
NewsNation,Decision Desk HQ,2025-10-27,2025-10-29,1159,LV,43.02,56.6,https://www.newsnationnow.com/polls/,-13.579999999999998,-12.834272071241418
Targoz Market Research,Overton Insights,2025-10-27,2025-10-29,1200,RV,43,55,https://overtoninsights.com/wp-content/uploads/2025/11/November-2025-Poll-Crosstabs.pdf,-12,-12.15631282902871
CNN/SSRS,NA,2025-10-27,2025-10-30,1245,A,37,63,https://s3.documentcloud.org/documents/26211915/cnn-poll-trump-midterms-east-wing-parties.pdf,-26,-18.21712804063536
RMG Research,Napolitan News Service,2025-10-22,2025-10-30,3000,RV,48,49,https://napolitannews.org/assets/pdfs/6904b7cf8bff0-gcm25-1029-toplines-trump-job-approval.pdf,-1,-11.131616539316196
Talker Research,Scripps News,2025-10-28,2025-10-31,1000,A,44,46,https://www.scrippsnews.com/health/premium-pain/americans-say-health-insurance-costs-are-a-thorn-in-my-side,-2,-9.998317843440914
YouGov,CBS News,2025-10-29,2025-10-31,2118,A,41,59,https://www.cbsnews.com/news/cbs-news-poll-shutdown-impact-economy-personal/,-18,-16.492450230694747
Lord Ashcroft Polls,NA,2025-10-06,2025-11-01,10028,A,42,55,https://lordashcroftpolls.com/wp-content/uploads/2025/12/LORD-ASHCROFT-POLLS-What-Will-They-Do-Without-Him-Dec-2025.pdf,-13,-14.235526732697249
Morning Consult,NA,2025-10-31,2025-11-02,2202,RV,45.27,52.26,https://pro.morningconsult.com/trackers/donald-trump-congress-policy-republicans-polling,-6.989999999999995,-11.28686164878288
YouGov,The Economist,2025-10-31,2025-11-03,1656,A,39,57,https://d3nkl3psvxxpe9.cloudfront.net/documents/econTabReport_5RO6eos.pdf,-18,-16.492450230694747
Global Strategy Group/GBAO (Navigator Research),NA,2025-11-01,2025-11-03,1000,RV,41,56,https://navigatorresearch.org/wp-content/uploads/2025/11/Navigator-Topline-F11.03.25.pdf,-15,-14.092088493105235
Emerson College,NA,2025-11-03,2025-11-04,1000,RV,41.1,49.4,https://emersoncollegepolling.com/november-2025-national-poll/,-8.299999999999997,-14.421510972867532
Harris Insights & Analytics,Harvard CAPS,2025-11-04,2025-11-06,2000,RV,44,51,https://harvardharrispoll.com/key-results-november-5/,-7,-13.872788225049002
RMG Research,Napolitan News Service,2025-10-29,2025-11-06,3000,RV,46,51,https://napolitannews.org/assets/pdfs/690dfa33b28e7-gcm25-1105-toplines-trump-job-approval.pdf,-5,-15.131616539316196
Global Strategy Group/GBAO (Navigator Research),NA,2025-11-06,2025-11-09,1000,RV,40,58,https://navigatorresearch.org/how-americans-views-of-the-shutdown-changed/,-18,-17.092088493105237
Morning Consult,NA,2025-11-07,2025-11-09,2201,RV,43.9,54.29,https://pro.morningconsult.com/trackers/donald-trump-congress-policy-republicans-polling,-10.39,-14.686861648782886
AP-NORC,NA,2025-11-06,2025-11-10,1143,A,36,62,https://apnorc.org/wp-content/uploads/2025/11/Nov-Topline-Final.pdf,-26,-17.154448264548936
YouGov,The Economist,2025-11-07,2025-11-10,1663,A,39,56,https://d3nkl3psvxxpe9.cloudfront.net/documents/econtoplines_L33vOWV.pdf,-17,-15.492450230694748
Survey 160,NA,2025-11-06,2025-11-10,1513,RV,36,61,https://www.survey160.com/methodological-research-blog/survey-160-tracking-poll-november-2025-update,-25,-17.94176758768468
Yale University Institution for Social and Policy Studies,NA,2025-10-29,2025-11-11,3426,RV,43,55,https://youthpoll.yale.edu/fall-2025-results,-12,-13.585392166467578
Ipsos,Reuters,2025-11-07,2025-11-12,1200,A,40,58,https://www.reuters.com/world/us/democrats-more-energized-2026-elections-than-republicans-reutersipsos-poll-finds-2025-11-13/,-18,-13.945286735452868
Marquette University Law School,NA,2025-11-05,2025-11-12,1052,A,43,57,https://law.marquette.edu/poll/2025/11/18/detailed-results-of-the-marquette-law-school-supreme-court-poll-nov-5-12-2025-national-issues/,-14,-12.50181631274798
Quantus Insights,NA,2025-11-11,2025-11-12,1000,RV,43.2,54.6,https://quantusinsights.org/f/survey-shows-public-discontent-with-trump-direction-of-us,-11.399999999999999,-17.924825198303072
Marist College,NPR | PBS News,2025-11-10,2025-11-13,1443,A,39,56,https://maristpoll.marist.edu/polls/a-look-to-the-2026-midterms-november-2025/,-17,-14.93044626262881
Morning Consult,Deseret News | Hinckley Institute of Politics,2025-11-07,2025-11-13,1745,RV,43,52,https://www.deseret.com/politics/2025/11/19/americans-not-supportive-trump-national-guard-states/,-9,-13.296861648782885
RMG Research,Napolitan News Service,2025-11-05,2025-11-13,3000,RV,49,50,https://napolitannews.org/assets/pdfs/69173042432de-gcm25-1112-toplines-trump-job-approval.pdf,-1,-11.131616539316196
High Point University,NA,2025-11-10,2025-11-14,1004,A,35,56,https://www.highpoint.edu/src/files/2023/08/HPUPoll-115-and-116-Memo.pdf,-21,-16.869688945525866
Verasight,Strength In Numbers,2025-11-12,2025-11-14,2038,A,41,57,https://www.gelliottmorris.com/p/new-poll-democrats-lead-the-2026,-16,-12.797616506402003
Morning Consult,NA,2025-11-14,2025-11-16,2201,RV,45.63,52.13,https://pro.morningconsult.com/trackers/donald-trump-congress-policy-republicans-polling,-6.5,-10.796861648782885
Ipsos,Reuters,2025-11-14,2025-11-17,1017,A,38,60,https://www.reuters.com/world/us/trump-approval-falls-lowest-his-term-over-prices-epstein-files-reutersipsos-poll-2025-11-18/,-22,-17.945286735452868
YouGov,The Economist,2025-11-15,2025-11-17,1549,A,40,56,https://d3nkl3psvxxpe9.cloudfront.net/documents/econTabReport_Hb6uOe2.pdf,-16,-14.492450230694748
Echelon Insights,NA,2025-11-13,2025-11-17,1051,LV,42,57,https://echeloninsights.com/in-the-news/november-2025-verified-voter-omnibus/,-15,-17.550032837228272
Beacon Research/Shaw & Co. Research,FOX News,2025-11-14,2025-11-17,1005,RV,41,58,https://www.foxnews.com/politics/fox-news-poll-voters-say-white-house-doing-more-harm-than-good-economy,-17,-18.09121964100206
The Argument/Verasight,NA,2025-11-10,2025-11-17,1508,RV,42,56,https://www.theargumentmag.com/p/2026-is-looking-terrible-for-republicans,-14,-12.703389588377645
American Research Group,NA,2025-11-17,2025-11-20,1100,A,35,62,https://americanresearchgroup.com/economy/,-27,-18.83128727069208
J.L. Partners,Daily Mail,2025-11-19,2025-11-20,1244,RV,41,49,https://jlpartners.com/nov25-rv,-8,-15.426361946424436
RMG Research,Napolitan News Service,2025-11-12,2025-11-20,3000,RV,46,53,https://napolitannews.org/assets/pdfs/69207383ea3c2-gcm25-1119-toplines-trump-job-approval.pdf,-7,-17.131616539316198
YouGov,CBS News,2025-11-19,2025-11-21,2478,A,40,60,https://www.cbsnews.com/news/poll-venezuela-u-s-military-action-trump/,-20,-18.492450230694747
InsiderAdvantage,NA,2025-11-20,2025-11-21,800,LV,44,49.3,https://insideradvantage.com/insideradvantage-national-survey-trump-approval-recovering-approve-44-disapprove-49/,-5.299999999999997,-21.470108965160815
Emerson College,Consensus Strategies,2025-11-18,2025-11-21,1000,RV,45,55,https://emersoncollegepolling.com/8-state-national-surveys/,-10,-16.121510972867533
Morning Consult,NA,2025-11-21,2025-11-23,2200,RV,45.25,51.76,https://pro.morningconsult.com/trackers/donald-trump-congress-policy-republicans-polling,-6.509999999999998,-10.806861648782883
YouGov,The Economist,2025-11-21,2025-11-24,1677,A,38,57,https://d3nkl3psvxxpe9.cloudfront.net/documents/econTabReport_dEPgjvs.pdf,-19,-17.492450230694747
YouGov,Yahoo News,2025-11-21,2025-11-24,1684,A,40,56,https://www.scribd.com/document/955164028/Yahoo-YouGov-Epstein-Poll-November-2025,-16,-14.492450230694748
Gallup,NA,2025-11-03,2025-11-25,1321,A,36,60,https://news.gallup.com/poll/699221/trump-approval-rating-drops-new-second-term-low.aspx,-24,-18.2438495786641
The Bullfinch Group,NA,2025-11-21,2025-11-25,1200,A,39,54,https://www.thebullfinchgroup.com/post/public-release-of-bullfinch-q4-nationwide-survey-3,-15,-14.677713425163782
GBAO,Third Way,2025-11-19,2025-11-26,2000,RV,43,56,https://uploads.thirdway.org/downloads/food-medicine-fuel-for-a-wave/Third-WayGBAO-National-Framing-Survey-Toplines-November-2025.pdf,-13,-15.665976465909274
Morning Consult,NA,2025-11-26,2025-11-30,2200,RV,44.94,52.1,https://pro.morningconsult.com/trackers/donald-trump-congress-policy-republicans-polling,-7.160000000000004,-11.456861648782889
YouGov,The Economist,2025-11-28,2025-12-01,1628,A,39,58,https://d3nkl3psvxxpe9.cloudfront.net/documents/econTabReport_szm0BQt.pdf,-19,-17.492450230694747
Harris Insights & Analytics,Harvard CAPS,2025-12-02,2025-12-04,2204,RV,47,49,https://harvardharrispoll.com/key-results-december-3/,-2,-8.872788225049003
RMG Research,Napolitan News Service,2025-11-19,2025-12-04,3000,RV,45,53,https://napolitannews.org/assets/pdfs/6932e00c6a240-gcm25-1203-toplines-trump-job-approval.pdf,-8,-18.131616539316198
J.L. Partners,Daily Mail,2025-12-03,2025-12-05,1000,RV,43.2,48.95,https://jlpartners.com/nationwide-registered-voters-december-2025,-5.75,-13.176361946424436
Quantus Insights,NA,2025-12-04,2025-12-05,1000,RV,43.4,53.1,https://quantusinsights.org/f/new-poll-strong-disapproval-drives-overall-assessment-of-trump,-9.700000000000003,-16.224825198303076
John Zogby Strategies,NA,2025-12-05,2025-12-07,1000,LV,45.9,51.6,https://johnzogbystrategies.com/outlook-2026-is-the-president-bleeding-independents/,-5.700000000000003,-9.292321429959832
Morning Consult,NA,2025-12-05,2025-12-07,2201,RV,45.26,51.85,https://pro.morningconsult.com/trackers/donald-trump-congress-policy-republicans-polling,-6.590000000000003,-10.886861648782888
AP-NORC,NA,2025-12-04,2025-12-08,1146,A,36,61,https://apnorc.org/projects/trumps-approval-rating-slips-on-the-economy-and-immigration/,-25,-16.154448264548936
Hart Research Associates/Public Opinion Strategies,CNBC,2025-12-04,2025-12-08,1000,A,45,52,https://fm.cnbc.com/applications/cnbc.com/resources/editorialfiles/2025/12/16/TOPLINES_250313_CNBC_AAES_Q4_2025_new.pdf,-7,-9.324053412198365
Ipsos,Reuters,2025-12-03,2025-12-08,4434,A,41,57,https://www.reuters.com/data/trumps-approval-rating-2025-01-21/,-16,-11.945286735452868
SurveyMonkey,NBC News Decision Desk,2025-11-20,2025-12-08,20252,A,42,58,https://www.nbcnews.com/politics/politics-news/poll-trumps-maga-base-still-cracks-are-showing-ahead-2026-rcna248722,-16,-14.28089388729616
YouGov,The Economist,2025-12-05,2025-12-08,1530,A,41,55,https://d3nkl3psvxxpe9.cloudfront.net/documents/econTabReport_qLhWxpK.pdf,-14,-12.492450230694748
Global Strategy Group/GBAO (Navigator Research),NA,2025-12-04,2025-12-08,1000,RV,42,56,https://navigatorresearch.org/in-time-for-the-holidays-americans-say-costs-are-going-up-on-everything/,-14,-13.092088493105235
Tavern Research,Searchlight,2025-12-09,2025-12-10,1567,LV,45,53,https://www.searchlightinstitute.org/research/voters-want-a-fairer-deal-for-workers/,-8,-10.546323246130555
Marist College,NPR | PBS News,2025-12-08,2025-12-11,1440,A,38,54,https://maristpoll.marist.edu/polls/2026-economic-outlook-december-2025/,-16,-13.93044626262881
Clarity Campaign Labs,NA,2025-12-04,2025-12-11,1000,LV,44,55,https://www.claritycampaigns.com/clarity-omnibus-dec-2025?submissionGuid=49882900-7ea0-44c8-8c7c-579c65ead3af,-11,-15.384958961317828
RMG Research,Napolitan News Service,2025-12-03,2025-12-11,3000,RV,47,51,https://napolitannews.org/assets/pdfs/693c21fc765ab-gcm25-1210-toplines-trump-job-approval.pdf,-4,-14.131616539316196
The Argument/Verasight,NA,2025-12-05,2025-12-11,1521,RV,43,55,https://www.theargumentmag.com/p/have-democrats-lost-their-education,-12,-10.703389588377645
Tavern Research,Rainey Center,2025-12-13,2025-12-13,1247,LV,43,54,https://www.raineycenter.org/polling/consumer-spending-trends-and-protecting-youth-online,-11,-13.546323246130555
Gallup,NA,2025-12-01,2025-12-15,1016,A,36,59,https://news.gallup.com/poll/700241/americans-end-year-gloomy-mood.aspx,-23,-17.2438495786641
Ipsos,Reuters,2025-12-12,2025-12-15,1016,A,39,59,https://www.reuters.com/data/trumps-approval-rating-2025-01-21/,-20,-15.945286735452868
YouGov,The Economist,2025-12-12,2025-12-15,1632,A,42,54,https://d3nkl3psvxxpe9.cloudfront.net/documents/econTabReport_FJyfDu9.pdf,-12,-10.492450230694748
Echelon Insights,NA,2025-12-11,2025-12-15,1011,LV,45,55,https://echeloninsights.com/in-the-news/december-2025-verified-voter-omnibus/,-10,-12.550032837228272
Beacon Research/Shaw & Co. Research,FOX News,2025-12-12,2025-12-15,1001,RV,44,56,https://www.foxnews.com/politics/fox-news-poll-prices-pinch-voters-see-trump-focused-elsewhere,-12,-13.09121964100206
Emerson College,NA,2025-12-14,2025-12-15,1000,RV,40.8,50.3,https://emersoncollegepolling.com/december-2025-national-poll-trumps-approval-flips-since-start-of-the-year/,-9.5,-15.372180486133088
Morning Consult,NA,2025-12-12,2025-12-15,2201,RV,45.8,51.94,https://pro.morningconsult.com/trackers/donald-trump-congress-policy-republicans-polling,-6.140000000000001,-10.436861648782886
Quinnipiac University,NA,2025-12-11,2025-12-15,1035,RV,40,54,https://poll.qu.edu/poll-release?releaseid=3943,-14,-9.837529682996546
Quantus Insights,NA,2025-12-15,2025-12-16,1000,RV,44,53,https://drive.google.com/file/d/14uRV2kwTVNEO4EIXGv7TCQZtmlMK0owX/view,-9,-15.524825198303073
RMG Research,Napolitan News Service,2025-12-10,2025-12-18,3000,RV,50,49,https://napolitannews.org/assets/pdfs/69455a2b6a765-gcm25-1217-toplines-trump-job-approval.pdf,1,-9.131616539316196
AtlasIntel,NA,2025-12-15,2025-12-19,2315,A,39.3,59.6,https://www.atlasintel.org/poll/usa-national-2025-12-19,-20.300000000000004,-20.87147919986955
YouGov,CBS News,2025-12-17,2025-12-19,2300,A,41,59,https://www.cbsnews.com/news/opinion-poll-cost-of-living-trump/,-18,-16.492450230694747
American Research Group,NA,2025-12-17,2025-12-20,1100,A,35,62,https://americanresearchgroup.com/economy/,-27,-18.83128727069208
InsiderAdvantage,NA,2025-12-19,2025-12-20,800,LV,49.5,41.4,https://insideradvantage.com/insideradvantage-national-survey-trump-approval-at-fifty-percent/,8.100000000000001,-8.070108965160816
J.L. Partners,Daily Mail,2025-12-20,2025-12-21,1000,RV,43.36,46.78,https://www.dailymail.co.uk/news/article-15420375/amp/donald-trump-polling-affordability-crisis.html,-3.4200000000000017,-10.846361946424437
Morning Consult,NA,2025-12-19,2025-12-21,2203,RV,45.23,52.28,https://pro.morningconsult.com/trackers/donald-trump-congress-policy-republicans-polling,-7.050000000000004,-11.34686164878289
YouGov,The Economist,2025-12-20,2025-12-22,1592,A,39,57,https://d3nkl3psvxxpe9.cloudfront.net/documents/econtoplines_s4jyXBa.pdf,-18,-16.492450230694747
YouGov,The Economist,2025-12-26,2025-12-29,1550,A,39,56,https://d3nkl3psvxxpe9.cloudfront.net/documents/econTabReport_h1aYmmb.pdf,-17,-15.492450230694748
The Bullfinch Group,The Independent Center,2025-12-30,2026-01-01,1200,A,38,58,https://independentcentervoice.com/insights/2026-tune-in-as-america-approaches-its-250th-voters-declare-the-status-quo-broken-and-demand-new-options,-20,-20.303511524984703
