pollster,sponsors,start_date,end_date,sample_size,population,dem,rep,url,net,partisan,adj_net,total_weight
Cygnal,NA,2024-12-09,2024-12-11,1500,LV,44.6,48.4,https://www.cygn.al/poll-musk-most-effective-trump-surrogate-as-voters-rally-behind-doge-deportations-and-congressional-republicans/,3.799999999999997,NA,2.756013117479135,5.4235065931007145e-22
McLaughlin & Associates,NA,2024-12-11,2024-12-16,1000,LV,42,47,https://mclaughlinonline.com/2024/12/18/ma-poll-national-monthly-december-2024/,5,NA,-0.2244156013135381,1.3350762036665451e-22
Cygnal,NA,2025-01-09,2025-01-12,1500,LV,44.6,46.8,https://www.cygn.al/voters-back-kingmaker-trumps-policies-on-economy-energy-and-health/,2.1999999999999957,NA,1.1560131174791337,1.8711304142300515e-20
RMG Research,Napolitan Institute,2025-01-15,2025-01-16,1000,RV,44,51,https://napolitannews.org/posts/generic-ballot-gop-51-percent-dem-44,7,NA,3.1862138403784286,1.8820427348137918e-20
Quantus Insights,TrendingPolitics,2025-01-22,2025-01-23,1000,RV,45,48,https://quantusinsights.org/f/trump%E2%80%99s-second-term-begins-what-voters-think,3,REP,1.1560859864576827,7.021674404045953e-21
Morning Consult,NA,2025-01-20,2025-01-26,33299,RV,42,45,https://pro.morningconsult.com/trackers/2026-midterm-election-generic-ballot-polls,3,NA,0.8482245898823066,4.386781703626707e-20
McLaughlin & Associates,NA,2025-01-22,2025-01-27,1000,LV,40,48,https://mclaughlinonline.com/pols/wp-content/uploads/2025/01/National-January-Presentation-RELEASE-01-28-25.pdf,8,NA,2.775584398686462,1.3716604074854517e-20
"Fabrizio, Lee & Associates/Impact Research",AARP,2025-01-27,2025-02-01,3000,RV,43,43,https://www.aarp.org/content/dam/aarp/research/topics/voter-opinion-research/politics/federal-tax-package-legislative-priorities.doi.10.26419-2fres.00921.001.pdf,0,NA,0.5159710873596026,1.0068808793740774e-19
Morning Consult,NA,2025-01-27,2025-02-02,29303,RV,43,44,https://pro.morningconsult.com/trackers/2026-midterm-election-generic-ballot-polls,1,NA,-1.1517754101176934,9.451034679890515e-20
Cygnal,NA,2025-02-04,2025-02-05,1500,LV,46.2,47.2,https://www.cygn.al/poll-trump-winning-over-black-men-dei-skeptics-and-border-hawks-as-democrats-lose-ground/,1,NA,-0.04398688252086913,2.6911804090396626e-19
Clarity Campaign Labs,NA,2025-01-31,2025-02-06,1102,RV,45,44,https://static1.squarespace.com/static/61ae8d5e55be5c7314b4c83a/t/67aa57a7976e415c4d212706/1739216809584/Clarity+Omnibus+Overview+-+Jan_Feb+2025.pdf,-1,NA,0.04075912830101913,2.3374908497949575e-19
Morning Consult,NA,2025-02-03,2025-02-09,26690,RV,43,45,https://pro.morningconsult.com/trackers/2026-midterm-election-generic-ballot-polls,2,NA,-0.15177541011769335,2.0361636971050618e-19
Quantus Insights,TrendingPolitics,2025-02-10,2025-02-12,1000,RV,44,48,https://quantusinsights.org/f/quantus-insights-latest-national-survey---february-13-2025,4,REP,2.1560859864576827,6.530012030163195e-20
Echelon Insights,NA,2025-02-10,2025-02-13,1010,LV,46,47,https://echeloninsights.com/in-the-news/feb-2025-verified-voter-omnibus-2-2/,1,NA,-1.111297812470255,4.596942292447867e-19
Morning Consult,NA,2025-02-10,2025-02-16,27303,RV,42,45,https://pro.morningconsult.com/trackers/2026-midterm-election-generic-ballot-polls,3,NA,0.8482245898823066,4.4198899597630875e-19
McLaughlin & Associates,U.S. Chamber of Commerce,2025-02-13,2025-02-17,1600,LV,43,47,https://www.uschamber.com/assets/documents/USCC_National-Tax-Survey_Deck_Feb-2025.pdf,4,REP,-0.31096815881343787,1.249730664703683e-19
co/efficient,NA,2025-02-15,2025-02-17,2063,LV,44,46,https://coefficient.org/doge-part-2/,2,REP,0.6420156263686252,1.536611431311634e-18
McLaughlin & Associates,NA,2025-02-11,2025-02-18,1000,LV,41,48,https://mclaughlinonline.com/pols/wp-content/uploads/2025/02/National-February-Presentation-RELEASE-02-18-25.pdf,7,NA,1.775584398686462,1.5749887011307051e-19
YouGov,The Economist,2025-02-16,2025-02-18,1451,RV,42,41,https://d3nkl3psvxxpe9.cloudfront.net/documents/econTabReport_OFVhPxp.pdf,-1,NA,-0.867204666513409,4.785981809243127e-19
RMG Research,Napolitan Institute,2025-02-20,2025-02-21,1000,RV,46,48,https://x.com/ScottWRasmussen/status/1894720317291114920,2,NA,-1.0038345835002147,1.0181446306698836e-18
Morning Consult,NA,2025-02-17,2025-02-23,27621,RV,42,45,https://pro.morningconsult.com/trackers/2026-midterm-election-generic-ballot-polls,3,NA,0.8482245898823066,9.595333631008075e-19
Morning Consult,NA,2025-02-24,2025-03-02,28087,RV,43,45,https://pro.morningconsult.com/trackers/2026-midterm-election-generic-ballot-polls,2,NA,-0.15177541011769335,2.0833397702606218e-18
Public Opinion Strategies,Paragon Health Institute,2025-02-25,2025-03-02,1000,RV,44,46,https://paragoninstitute.org/medicaid/paragon-health-policy-survey-2025/,2,NA,0.26060633314860837,1.1144799397952263e-17
Emerson College,NA,2025-03-02,2025-03-03,1000,RV,44.4,41.4,https://emersoncollegepolling.com/march-2025-national-poll/,-3,NA,-2.949080078080442,4.8160185406210425e-18
Cygnal,NA,2025-03-03,2025-03-05,1500,LV,47.4,45.9,https://www.cygn.al/poll-48-percent-support-trump-negotiating-settlement-to-war-in-ukraine-as-optimism-at-home-rises/,-1.5,NA,-2.543986882520862,6.01684034284358e-18
McLaughlin & Associates,America's New Majority Project,2025-03-04,2025-03-07,1655,LV,45.1,47.8,https://americasnewmajorityproject.com/most-americans-support-trumps-maha-agenda/,2.6999999999999957,REP,-1.6109681588134421,9.738164853973328e-19
Clarity Campaign Labs,NA,2025-03-03,2025-03-09,1036,RV,46,44,https://static1.squarespace.com/static/61ae8d5e55be5c7314b4c83a/t/67d0921f11ba8d57a17670a9/1741722147070/Clarity+Omnibus+Overview+-+March+2025+PUBLIC.pdf,-2,NA,-0.9592408716989809,7.196241630207302e-18
Morning Consult,NA,2025-03-03,2025-03-09,27685,RV,43,45,https://pro.morningconsult.com/trackers/2026-midterm-election-generic-ballot-polls,2,NA,-0.15177541011769335,4.523901601184113e-18
Hart Research Associates/Public Opinion Strategies,NBC News,2025-03-07,2025-03-11,1000,RV,48,47,https://www.nbcnews.com/politics/politics-news/democratic-party-hits-new-polling-low-voters-want-fight-trump-harder-rcna196161,-1,NA,-0.8018129718621623,1.496761981395451e-17
Echelon Insights,NA,2025-03-10,2025-03-13,1007,LV,46,47,https://echeloninsights.com/in-the-news/march-2025-verified-voter-omnibus-2-2-2/,1,NA,-1.111297812470255,1.0262396149255414e-17
Morning Consult,NA,2025-03-10,2025-03-16,26877,RV,43,45,https://pro.morningconsult.com/trackers/2026-midterm-election-generic-ballot-polls,2,NA,-0.15177541011769335,9.824736544832768e-18
"Normington, Petts & Associates",Third Way,2025-03-12,2025-03-19,800,LV,50,50,https://www.thirdway.org/polling/democrats-immigration-opportunity,0,NA,-1.9459067294066372,2.271099073462358e-17
Morning Consult,NA,2025-03-17,2025-03-23,27364,RV,43,45,https://pro.morningconsult.com/trackers/2026-midterm-election-generic-ballot-polls,2,NA,-0.15177541011769335,2.133954592194282e-17
Quantus Insights,TrendingPolitics,2025-03-25,2025-03-27,1000,RV,45.4,46.3,https://quantusinsights.org/f/trump%E2%80%99s-standing-steadies-but-crosscurrents-remain-ahead-of-2026,0.8999999999999986,REP,-0.9439140135423187,7.584275180211561e-18
Morning Consult,NA,2025-03-24,2025-03-30,27397,RV,44,44,https://pro.morningconsult.com/trackers/2026-midterm-election-generic-ballot-polls,0,NA,-2.1517754101176934,4.6356196977379395e-17
"Fabrizio, Lee & Associates/Impact Research",The Wall Street Journal,2025-03-27,2025-04-01,1500,RV,44,43,https://www.wsj.com/politics/policy/trump-foreign-policy-approval-voters-poll-c0c29dd0,-1,NA,-1.3625652999145217,5.623834542444297e-17
Cygnal,NA,2025-04-01,2025-04-03,1500,LV,47.5,46.5,https://www.cygn.al/poll-democrats-continue-to-struggle-as-trump-maintains-strong-approval-even-in-light-of-tariffs/,-1,NA,-2.043986882520869,1.5055733602336417e-16
Yale University Institution for Social and Policy Studies,NA,2025-04-01,2025-04-03,4100,RV,43.3,41.7,https://youthpoll.yale.edu/spring-2025-results,-1.5999999999999943,NA,-2.7603183380779583,1.157755703064472e-16
Morning Consult,NA,2025-03-31,2025-04-06,25977,RV,44,44,https://pro.morningconsult.com/trackers/2026-midterm-election-generic-ballot-polls,0,NA,-2.1517754101176934,1.0071421042306214e-16
YouGov,The Economist,2025-04-05,2025-04-08,1558,RV,43,42,https://d3nkl3psvxxpe9.cloudfront.net/documents/econtoplines_Emo4hnf.pdf,-1,NA,-0.867204666513409,1.0802569182588429e-16
The Winston Group,Winning the Issues,2025-04-08,2025-04-10,1000,RV,46,44,https://www.winningtheissues.org/2025/04/30/winning-the-issues-april-2025-national-survey/,-2,REP,-1.7152380587612441,3.828943256483816e-16
RealClear Opinion Research,NA,2025-04-10,2025-04-12,1000,RV,39.8,39.2,https://www.realclearpolitics.com/articles/2025/04/18/rcp_poll_voters_see_campus_bias_reject_trumps_tariff_pitch_152678.html,-0.5999999999999943,NA,-2.2530873698869627,2.1692590952533231e-16
Morning Consult,NA,2025-04-07,2025-04-13,26749,RV,44,44,https://pro.morningconsult.com/trackers/2026-midterm-election-generic-ballot-polls,0,NA,-2.1517754101176934,2.1884473093417195e-16
Hart Research Associates/Public Opinion Strategies,CNBC,2025-04-09,2025-04-13,1000,A,48,46,https://www.cnbc.com/video/2025/04/17/tariffs-weight-on-trump-approval-cnbc-survey-finds.html,-2,NA,0.6224308508710266,6.442444457489111e-16
Echelon Insights,NA,2025-04-10,2025-04-14,1014,LV,47,47,https://echeloninsights.com/in-the-news/april-2025-verified-voter-omnibus-2-2-2-2/,0,NA,-2.111297812470255,3.5804993106622695e-16
Clarity Campaign Labs,NA,2025-04-09,2025-04-14,1008,RV,44,45,https://45840940.fs1.hubspotusercontent-na1.net/hubfs/45840940/Clarity%20Omnibus%20Overview_April%202025.pdf,1,NA,2.040759128301019,3.93040961430066e-16
RMG Research,Napolitan Institute,2025-04-16,2025-04-16,1000,RV,50,45,https://napolitannews.org/posts/democrats-make-huge-gains-on-generic-ballot,-5,NA,-8.813786159621571,3.980470313638989e-16
OH Predictive Insights,The Center Square,2025-04-15,2025-04-18,2527,RV,45,42,https://www.thecentersquare.com/polls/,-3,NA,-3.054491636837305,2.1530714154445557e-15
McLaughlin & Associates,America's New Majority Project,2025-04-16,2025-04-19,1638,LV,45.7,47.1,https://americasnewmajorityproject.com/most-support-blocking-states-from-giving-medicaid-to-illegal-immigrants/,1.3999999999999986,REP,-2.9109681588134393,1.119014544256083e-16
Morning Consult,NA,2025-04-14,2025-04-20,26905,RV,44,43,https://pro.morningconsult.com/trackers/2026-midterm-election-generic-ballot-polls,-1,NA,-3.1517754101176934,4.756045458378652e-16
Beacon Research/Shaw & Co. Research,Fox News,2025-04-18,2025-04-21,1104,RV,49,42,https://www.foxnews.com/official-polls/fox-news-poll-democrats-favorability-hits-new-low-still-favored-over-gop-2026-midterms,-7,NA,-4.929511688391152,2.2170054627396864e-15
The New York Times/Siena College,NA,2025-04-21,2025-04-24,913,RV,47,44,https://www.nytimes.com/2025/04/25/us/politics/trump-poll-approval.html,-3,NA,-3.2786147383703934,2.3582318869507246e-15
Morning Consult,NA,2025-04-21,2025-04-27,25544,RV,44,43,https://pro.morningconsult.com/trackers/2026-midterm-election-generic-ballot-polls,-1,NA,-3.1517754101176934,1.0337671908117256e-15
NewsNation,NA,2025-04-23,2025-04-27,1448,RV,45,40,https://www.newsnationnow.com/politics/recession-inflation-immigration-ddhq-poll/,-5,NA,-5.6359984478552505,2.8718878842758685e-15
McLaughlin & Associates,NA,2025-04-22,2025-04-29,1000,LV,43,45,https://mclaughlinonline.com/pols/wp-content/uploads/2025/05/National-April-Presentation-RELEASE-04-29-25.pdf,2,NA,-3.224415601313538,3.7391356306596894e-16
Morning Consult,NA,2025-04-28,2025-05-04,25876,RV,44,44,https://pro.morningconsult.com/trackers/2026-midterm-election-generic-ballot-polls,0,NA,-2.1517754101176934,2.247339818518252e-15
Verasight,Strength In Numbers,2025-05-01,2025-05-06,813,RV,49,43,https://www.gelliottmorris.com/p/poll?open=false#%C2%A7trends-and-crosstabs,-6,NA,-3.489752327726414,9.608793256951788e-16
Quantus Insights,TrendingPolitics,2025-05-05,2025-05-07,1000,RV,45.2,44.8,https://quantusinsights.org/f/the-nation-divided-the-president-holding-ground,-0.4000000000000057,REP,-0.9150101351654811,7.098871501116397e-16
Cygnal,NA,2025-05-06,2025-05-08,1500,LV,47.1,46.6,https://www.cygn.al/poll-aoc-more-popular-than-schumer-trump-image-improving-republicans-decimating-democrats-on-key-issue-trust-and-more/,-0.5,NA,-1.543986882520862,7.298991683473248e-15
co/efficient,NA,2025-05-07,2025-05-09,1462,LV,45,42,https://coefficient.org/national-approval-study/,-3,REP,-4.357984373631375,1.1401884011068943e-14
Morning Consult,NA,2025-05-05,2025-05-11,27882,RV,43,45,https://pro.morningconsult.com/trackers/2026-midterm-election-generic-ballot-polls,2,NA,-0.15177541011769335,4.8863722037310606e-15
Echelon Insights,NA,2025-05-08,2025-05-12,1000,LV,47,48,https://echeloninsights.com/in-the-news/may-2025-verified-voter-omnibus-2-2-2-2-2/,1,NA,-1.111297812470255,8.001146654177112e-15
Morning Consult,NA,2025-05-12,2025-05-18,28103,RV,43,44,https://pro.morningconsult.com/trackers/2026-midterm-election-generic-ballot-polls,1,NA,-1.1517754101176934,1.0626220495381858e-14
Fabrizio Ward,Pinpoint Policy Institute,2025-05-15,2025-05-19,800,RV,42,42,https://pinpointpolicyinstitute.org/pinpoint-policy-institute-quarterly-economic-tracking-poll/,0,NA,-0.3544205940821996,7.929506959267408e-15
YouGov,The Economist,2025-05-16,2025-05-19,1558,RV,43,42,https://today.yougov.com/topics/politics/trackers/congressional-ballot-voting-intention,-1,NA,-0.867204666513409,9.790118022192446e-15
RMG Research,Napolitan Institute,2025-05-20,2025-05-21,1000,RV,48,45,https://napolitannews.org/posts/generic-ballot-gop-43-percent-dem-43,-3,NA,-6.813786159621571,1.9475104703835628e-14
Morning Consult,NA,2025-05-19,2025-05-25,28855,RV,43,45,https://pro.morningconsult.com/trackers/2026-midterm-election-generic-ballot-polls,2,NA,-0.15177541011769335,2.3112579587347714e-14
McLaughlin & Associates,NA,2025-05-21,2025-05-26,1000,LV,43,47,https://mclaughlinonline.com/pols/wp-content/uploads/2025/05/National-May-Presentation-RELEASE-05-27-25.pdf,4,NA,-1.224415601313538,7.79756312470925e-15
YouGov,The Economist,2025-05-23,2025-05-26,1486,RV,43,41,https://today.yougov.com/topics/politics/trackers/congressional-ballot-voting-intention,-2,NA,-1.867204666513409,2.0599037998576635e-14
AtlasIntel,NA,2025-05-21,2025-05-27,3469,A,50.9,41.7,https://cdn.atlasintel.org/20c89f8f-d65e-4991-a491-388ae96986c9.pdf,-9.199999999999996,NA,-3.1874589399332294,1.5483001305952328e-13
Morning Consult,NA,2025-05-26,2025-06-01,29002,RV,44,44,https://pro.morningconsult.com/trackers/2026-midterm-election-generic-ballot-polls,0,NA,-2.1517754101176934,5.028035516517358e-14
YouGov,The Economist,2025-05-30,2025-06-02,1436,RV,44,42,https://d3nkl3psvxxpe9.cloudfront.net/documents/econtoplines_uOptfZ9.pdf,-2,NA,-1.867204666513409,4.3626270447464e-14
Cygnal,NA,2025-06-03,2025-06-04,1500,LV,47.2,46.9,https://www.cygn.al/national-poll-record-number-say-nation-is-on-right-track-voters-back-trumps-one-big-beautiful-bill-for-tax-relief-and-border-security/,-0.30000000000000426,NA,-1.3439868825208734,1.4779968113452276e-13
Quantus Insights,TrendingPolitics,2025-06-01,2025-06-04,1000,RV,46,45,https://quantusinsights.org/f/quantus-insights-approval-poll-the-divide-holds,-1,REP,-1.5150101351654754,1.6040540231562673e-14
J.L. Partners,Daily Mail,2025-06-06,2025-06-06,1006,RV,42,35,https://www.dailymail.co.uk/news/article-14796175/polling-donald-trump-2024-election-elon-musk.html,-7,NA,-5.8662072914255035,2.0328477030542935e-13
Morning Consult,NA,2025-06-02,2025-06-08,28551,RV,43,45,https://pro.morningconsult.com/trackers/2026-midterm-election-generic-ballot-polls,2,NA,-0.15177541011769335,1.0940363601702725e-13
RMG Research,Napolitan Institute,2025-06-09,2025-06-09,1000,RV,35,35,https://napolitannews.org/posts/musk-3rd-party-would-get-8-percent-of-voters,0,NA,-3.8137861596215714,1.6588914440797805e-13
YouGov,The Economist,2025-06-06,2025-06-09,1397,RV,44,43,https://today.yougov.com/topics/politics/trackers/congressional-ballot-voting-intention,-1,NA,-0.867204666513409,9.377660679246361e-14
McLaughlin & Associates,Club for Growth (PAC),2025-06-09,2025-06-11,1000,LV,44,46,https://www.clubforgrowth.org/icymi-new-cfg-poll-finds-vast-majority-of-republicans-democrats-support-school-freedom-bills/,2,REP,-2.310968158813438,3.2950042690833805e-14
Quantus Insights,TrendingPolitics,2025-06-09,2025-06-11,1000,RV,43,43,https://quantus.substack.com/p/quantus-insights-june-12-national,0,REP,-0.5150101351654754,3.455829632173072e-14
Verasight,Strength In Numbers,2025-06-06,2025-06-12,1320,RV,50,44,https://www.gelliottmorris.com/p/poll?open=false#%C2%A7trends-and-crosstabs,-6,NA,-3.489752327726414,7.565040848368753e-14
Clarity Campaign Labs,NA,2025-06-05,2025-06-14,1000,RV,50,45,https://static1.squarespace.com/static/61ae8d5e55be5c7314b4c83a/t/6852fc5a3ac4c05449fc450e/1750269023826/Clarity+Omnibus+Overview+-+June+2025+%5BPUBLIC%5D.pdf,-5,NA,-3.959240871698981,3.395805809594474e-13
The Winston Group,Winning the Issues,2025-06-12,2025-06-14,1000,RV,46,42,https://www.winningtheissues.org/2025/06/30/winning-the-issues-june-2025-national-survey/,-4,REP,-3.715238058761244,6.742671838882673e-13
McLaughlin & Associates,NA,2025-06-10,2025-06-15,1000,LV,42,47,https://mclaughlinonline.com/pols/wp-content/uploads/2025/06/National-June-Presentation-RELEASE-6-16-25.pdf,5,NA,-0.2244156013135381,7.29850873404234e-14
McLaughlin & Associates,America's New Majority Project,2025-06-12,2025-06-15,1637,LV,47.2,46.4,https://americasnewmajorityproject.com/how-to-talk-about-taxes-and-the-budget-bill-what-voters-respond-to-best/,-0.8000000000000043,REP,-5.110968158813442,6.536669268217717e-14
Morning Consult,NA,2025-06-09,2025-06-15,28058,RV,44,45,https://pro.morningconsult.com/trackers/2026-midterm-election-generic-ballot-polls,1,NA,-1.1517754101176934,2.3809597374407e-13
co/efficient,NA,2025-06-12,2025-06-16,1035,LV,46,46,https://coefficient.org/one-big-beautiful-bill/,0,REP,-2.2243571230279997,8.750077802889269e-13
YouGov,The Economist,2025-06-13,2025-06-16,1351,RV,44,41,https://today.yougov.com/topics/politics/trackers/congressional-ballot-voting-intention,-3,NA,-2.867204666513409,2.010327907392257e-13
Echelon Insights,NA,2025-06-12,2025-06-17,982,LV,47,48,https://echeloninsights.com/in-the-news/june-2025-verified-voter-omnibus-2-2-2-2-2-2/,1,NA,-1.111297812470255,4.3071503451613544e-13
Echelon Insights,NA,2025-06-17,2025-06-18,1002,LV,47,48,https://echeloninsights.com/in-the-news/middle-east-update/,1,NA,-1.111297812470255,4.854977214180078e-13
RMG Research,Napolitan Institute,2025-06-18,2025-06-19,1000,RV,44,52,https://napolitannews.org/posts/generic-ballot-gop-holds-largest-lead-of-the-year,8,NA,4.186213840378429,4.966019761403317e-13
Cygnal,NA,2025-06-19,2025-06-21,800,LV,48.4,46,https://www.cygn.al/poll-bitcoin-owners-lean-republican-emerging-as-sought-after-voting-bloc-in-2026-elections/,-2.3999999999999986,NA,-3.4439868825208606,7.33796128136313e-13
Morning Consult,NA,2025-06-16,2025-06-22,28021,RV,44,44,https://pro.morningconsult.com/trackers/2026-midterm-election-generic-ballot-polls,0,NA,-2.1517754101176934,5.182780380989531e-13
YouGov,The Economist,2025-06-20,2025-06-23,1455,RV,44,40,https://today.yougov.com/topics/politics/trackers/congressional-ballot-voting-intention,-4,NA,-3.867204666513409,4.549218262285768e-13
American Pulse Research & Polling,NA,2025-06-23,2025-06-25,633,RV,46.6,42.4,https://www.americanpulse.us/thankyou-pollresults-publicopinion-post-landscape-shaping-events-2,-4.200000000000003,NA,-3.0709580363958224,1.5039484659527217e-12
Emerson College,NA,2025-06-24,2025-06-25,1000,RV,42.5,39.8,https://emersoncollegepolling.com/june-national-poll/,-2.700000000000003,NA,-2.1632591306937528,1.3811967642556153e-12
Quantus Insights,NA,2025-06-23,2025-06-25,1000,RV,43,42,https://quantusinsights.org/f/quantus-insights-june-26-2025-national-political-survey,-1,NA,-2.4284575776655757,2.41545914434775e-13
Morning Consult,NA,2025-06-23,2025-06-29,27694,RV,44,43,https://pro.morningconsult.com/trackers/2026-midterm-election-generic-ballot-polls,-1,NA,-3.1517754101176934,1.1284123460592568e-12
YouGov,The Economist,2025-06-27,2025-06-30,1491,RV,44,40,https://today.yougov.com/topics/politics/trackers/congressional-ballot-voting-intention,-4,NA,-3.867204666513409,1.0044755383666074e-12
Cygnal,NA,2025-07-01,2025-07-02,1500,LV,47.1,45.7,https://www.cygn.al/poll-karens-freak-out-over-ice-raids-as-hispanic-support-for-deportations-surges/,-1.3999999999999986,NA,-2.4439868825208606,3.356491685541535e-12
Morning Consult,NA,2025-06-30,2025-07-06,27913,RV,44,43,https://pro.morningconsult.com/trackers/2026-midterm-election-generic-ballot-polls,-1,NA,-3.1517754101176934,2.4573735285001494e-12
YouGov,The Economist,2025-07-04,2025-07-07,1389,RV,43,40,https://today.yougov.com/topics/politics/trackers/congressional-ballot-voting-intention,-3,NA,-2.867204666513409,2.1153522249362816e-12
Morning Consult,NA,2025-07-07,2025-07-13,28276,RV,45,43,https://pro.morningconsult.com/trackers/2026-midterm-election-generic-ballot-polls,-2,NA,-4.151775410117693,5.352752560699461e-12
Echelon Insights,NA,2025-07-10,2025-07-14,1084,LV,47,48,https://echeloninsights.com/in-the-news/july-2025-verified-voter-omnibus-2-2-2-2-2-2-2/,1,NA,-1.111297812470255,9.768282723618759e-12
McLaughlin & Associates,NA,2025-07-09,2025-07-14,1000,LV,42,47,https://mclaughlinonline.com/2025/07/17/ma-poll-national-monthly-july-2025/,5,NA,-0.2244156013135381,2.057490611228177e-12
YouGov,The Economist,2025-07-11,2025-07-14,1506,RV,43,39,https://today.yougov.com/topics/politics/trackers/congressional-ballot-voting-intention,-4,NA,-3.867204666513409,4.807484505935085e-12
Quantus Insights,NA,2025-07-14,2025-07-16,1000,RV,44,42,https://quantusinsights.org/f/quantus-insights-survey-what-julys-numbers-tell-us,-2,NA,-3.4284575776655757,2.7388732277061487e-12
RMG Research,Napolitan Institute,2025-07-14,2025-07-16,2000,RV,45,49,https://napolitannews.org/posts/generic-ballot-july-2025-republicans-46-percent-democrats-42,4,NA,0.18621384037842859,1.5656947498031468e-11
Verasight,Strength In Numbers,2025-07-14,2025-07-16,1334,RV,49,44,https://www.gelliottmorris.com/p/poll?open=false#%C2%A7trends-and-crosstabs,-5,NA,-2.489752327726414,3.4168289683424824e-12
AtlasIntel,NA,2025-07-13,2025-07-18,1935,A,51.3,42.7,https://atlasintel.org/poll/usa-national-2025-07-18,-8.599999999999994,NA,-2.587458939933228,3.997176538733433e-11
"Fabrizio, Lee & Associates/Impact Research",The Wall Street Journal,2025-07-16,2025-07-20,1500,RV,46,43,https://www.wsj.com/politics/elections/trump-approval-rating-poll-july-2025-745b0f5f,-3,NA,-3.3625652999145217,1.376077110303437e-11
Morning Consult,NA,2025-07-14,2025-07-20,28190,RV,44,43,https://pro.morningconsult.com/trackers/2026-midterm-election-generic-ballot-polls,-1,NA,-3.1517754101176934,1.1662466785369334e-11
YouGov,The Economist,2025-07-18,2025-07-21,1551,RV,44,41,https://today.yougov.com/topics/politics/trackers/congressional-ballot-voting-intention,-3,NA,-2.867204666513409,1.0652108362391486e-11
Emerson College,Nexstar,2025-07-21,2025-07-22,1400,RV,44,41.5,https://www.conchovalleyhomepage.com/news/majority-disapprove-of-trumps-handling-of-epstein-files-emerson-college-polling-survey/,-2.5,NA,-2.482211432949235,3.408060145678489e-11
McLaughlin & Associates,America's New Majority Project,2025-07-21,2025-07-24,1633,LV,48,43.9,https://americasnewmajorityproject.com/winning-with-one-big-beautiful-bill/,-4.100000000000001,REP,-8.41096815881344,5.509592397162761e-12
Morning Consult,NA,2025-07-21,2025-07-27,28524,RV,44,42,https://pro.morningconsult.com/trackers/2026-midterm-election-generic-ballot-polls,-2,NA,-4.151775410117693,2.541650691854403e-11
YouGov,Yahoo News,2025-07-24,2025-07-28,1167,RV,46,39,https://d3nkl3psvxxpe9.cloudfront.net/documents/20250728_yahoo.pdf,-7,NA,-6.867204666513409,2.0181249421159977e-11
YouGov,The Economist,2025-07-25,2025-07-28,1610,RV,43,41,https://today.yougov.com/topics/politics/trackers/congressional-ballot-voting-intention,-2,NA,-1.867204666513409,2.3704214034269006e-11
Clarity Campaign Labs,NA,2025-07-24,2025-07-31,1018,RV,51,43,https://static1.squarespace.com/static/61ae8d5e55be5c7314b4c83a/t/68936b40c111f97bb04773dd/1754491714447/Clarity+Omnibus+Overview+-+July+2025+%5BPUBLIC%5D.pdf,-8,NA,-6.959240871698981,6.493855149356811e-11
Morning Consult,NA,2025-07-28,2025-08-03,27432,RV,44,43,https://pro.morningconsult.com/trackers/2026-midterm-election-generic-ballot-polls,-1,NA,-3.1517754101176934,5.540625284730439e-11
YouGov,The Economist,2025-08-01,2025-08-04,1528,RV,43.7,38.4,https://today.yougov.com/topics/politics/trackers/congressional-ballot-voting-intention,-5.300000000000004,NA,-5.167204666513413,5.045739911461314e-11
Cygnal,NA,2025-08-07,2025-08-09,1500,LV,47.4,46.4,https://www.cygn.al/national-poll-69-percent-of-americans-reject-race-based-redistricting-views-on-the-american-dream-on-life-support-and-the-fed-gets-low-marks-on-handling-of-interest-rates/,-1,NA,-2.043986882520862,2.454605030635359e-10
Morning Consult,NA,2025-08-04,2025-08-10,26631,RV,44,43,https://pro.morningconsult.com/trackers/2026-midterm-election-generic-ballot-polls,-1,NA,-3.1517754101176934,1.2081610483497364e-10
YouGov,The Economist,2025-08-09,2025-08-11,1474,RV,42,40,https://d3nkl3psvxxpe9.cloudfront.net/documents/econtoplines_V8D6b4L.pdf,-2,NA,-1.867204666513409,1.0832777478371056e-10
Quantus Insights,NA,2025-08-11,2025-08-13,1000,RV,45,42,https://quantusinsights.org/f/middle-america-shrugs-inflation-fatigue-and-electoral-flux,-3,NA,-4.428457577665576,6.373509815588768e-11
Echelon Insights,NA,2025-08-14,2025-08-17,1057,LV,47,46,https://echeloninsights.com/in-the-news/august-2025-verified-voter-omnibus/,-1,NA,-3.111297812470255,4.28928265201244e-10
Morning Consult,NA,2025-08-11,2025-08-17,27248,RV,44,43,https://pro.morningconsult.com/trackers/2026-midterm-election-generic-ballot-polls,-1,NA,-3.1517754101176934,2.6352395256141833e-10
The Argument/Verasight,NA,2025-08-08,2025-08-17,1562,RV,50.7,49.3,https://www.theargumentmag.com/p/when-americans-bite-their-tongues,-1.4000000000000057,NA,-1.8890150222727868,1.2350807823836275e-10
YouGov,The Economist,2025-08-15,2025-08-18,1408,RV,44,39,https://d3nkl3psvxxpe9.cloudfront.net/documents/econtoplines_ep7WXyn.pdf,-5,NA,-4.867204666513409,2.3512034510225787e-10
SoCal Strategies,"Red Eagle Politics, On Point Politics",2025-08-18,2025-08-18,700,A,42,37,https://substack.com/inbox/post/171344467?r=4aupgp,-5,REP,-3.184795431545396,1.6071872853594118e-10
RMG Research,Napolitan Institute,2025-08-18,2025-08-21,2000,RV,47,47,https://napolitannews.org/posts/generic-ballot-gop-44-percent-dem-44,0,NA,-3.8137861596215714,8.883486211284084e-10
Verasight,Strength In Numbers,2025-08-18,2025-08-21,1336,RV,50,43,https://www.gelliottmorris.com/p/poll?open=false#%C2%A7trends-and-crosstabs,-7,NA,-4.489752327726414,1.9401034682139424e-10
Morning Consult,NA,2025-08-18,2025-08-24,27673,RV,44,42,https://pro.morningconsult.com/trackers/2026-midterm-election-generic-ballot-polls,-2,NA,-4.151775410117693,5.749778588654319e-10
Ipsos,Reuters,2025-08-22,2025-08-24,1022,A,38,34,https://www.ipsos.com/en-us/ipsos-core-political-survey-presidential-approval-tracker-august-2025,-4,NA,-3.7952214764690027,5.68346006149556e-10
YouGov,The Economist,2025-08-22,2025-08-25,1377,RV,43,41,https://d3nkl3psvxxpe9.cloudfront.net/documents/econtoplines_ziFpJLd.pdf,-2,NA,-1.867204666513409,5.089596215239826e-10
McLaughlin & Associates,NA,2025-08-21,2025-08-26,1000,LV,45,47,https://mclaughlinonline.com/2025/09/02/national-monthly-august-2025/?utm_source=rss&utm_medium=rss&utm_campaign=national-monthly-august-2025,2,NA,-3.224415601313538,2.6511010274890037e-10
Emerson College,NA,2025-08-25,2025-08-26,1000,RV,43.3,43,https://emersoncollegepolling.com/august-2025-national/,-0.29999999999999716,NA,-1.4012163142163558,1.464537587842226e-9
Morning Consult,NA,2025-08-29,2025-08-31,2202,RV,45,41,https://links.morningconsult.com/s/vb/zpOJTp1fd-BIR_rEUoDVVpbxjXadg6zyKojmasnqASm1Hp621kq0xaatdElmOwOyNR5BxVXYL1h85IVSEMQ-rZTd-Yz0U-hjJgu1WfIkrldD66UKOSCLbrYHiSzLtKjUuUOD33LEK9wVgTQl22Ic8BUrAP0z3AlRWdSJsA/dAaqMr_Kzp13zZAl6CKc8AYgFM7Csr5U/12,-4,NA,-6.151775410117693,8.328151461883739e-10
Morning Consult,NA,2025-08-25,2025-08-31,26531,RV,44,42,https://pro.morningconsult.com/trackers/2026-midterm-election-generic-ballot-polls,-2,NA,-4.151775410117693,1.254945772247704e-9
SSRS,CNN,2025-08-21,2025-09-01,1768,RV,52,48,https://www.cnn.com/2025/09/26/politics/us-politics-negative-sentiment-republicans-democrats,-4,NA,-3.585856647614989,1.5282123142784755e-9
Survey 160,NA,2025-08-26,2025-09-01,1437,RV,46,39,https://www.survey160.com/methodological-research-blog/introducing-the-survey-160-tracking-poll,-7,NA,-4.253566362730908,1.0627462352716756e-9
YouGov,Yahoo News,2025-08-29,2025-09-02,1136,RV,44,40,https://www.scribd.com/document/911899946/Yahoo-YouGov-Newsom-Poll-August-2025,-4,NA,-3.867204666513409,1.1490521859760442e-9
YouGov,The Economist,2025-08-29,2025-09-02,1549,RV,43,39,https://d3nkl3psvxxpe9.cloudfront.net/documents/econtoplines_yFjgYJq.pdf,-4,NA,-3.867204666513409,1.3417644975963055e-9
Cygnal,NA,2025-09-02,2025-09-03,1500,LV,47.6,45.2,https://www.cygn.al/poll-optimism-drops-while-trump-gop-maintain-issue-trust-with-midterm-voters-including-on-inflation-crime/,-2.3999999999999986,NA,-3.4439868825208606,4.110845977735506e-9
Echelon Insights,Internet for Growth,2025-09-05,2025-09-07,1030,LV,45,44,https://internetforgrowth.com/wp-content/uploads/2025/11/Internet-For-Growth-Survey-Topline-Results.pdf,-1,NA,-3.111297812470255,4.573399916684033e-9
Morning Consult,NA,2025-09-01,2025-09-07,25541,RV,44,42,https://pro.morningconsult.com/trackers/2026-midterm-election-generic-ballot-polls,-2,NA,-4.151775410117693,2.7399915875505627e-9
YouGov,The Economist,2025-09-05,2025-09-08,1487,RV,44,40,https://d3nkl3psvxxpe9.cloudfront.net/documents/econtoplines_7flqP0S.pdf,-4,NA,-3.867204666513409,2.538167959935132e-9
Public Religion Research Institute,"Brookings Institute, Carnegie Corporation of New York, Ford Foundation, Unitarian Universalist Veatch Program at Shelter Rock",2025-08-15,2025-09-08,5543,A,33,30,https://prri.org/research/trumps-unprecedented-actions-deepen-asymmetric-divides/,-3,NA,-3.0698521540680943,2.4493764985239298e-8
Clarity Campaign Labs,NA,2025-09-04,2025-09-11,1001,RV,50,44,https://www.claritycampaigns.com/clarity-omnibus-september-2025,-6,NA,-4.959240871698981,7.199473763063523e-9
i360,Americans for Prosperity,2025-09-10,2025-09-12,577,RV,35,32,https://americansforprosperity.org/wp-content/uploads/2025/10/ACA-Enhanced-Subsidy-Expiration-Poll-Toplines-100625.pdf,-3,REP,-4.11448546180759,2.491969247096129e-9
Morning Consult,NA,2025-09-08,2025-09-14,23465,RV,44,42,https://pro.morningconsult.com/trackers/2026-midterm-election-generic-ballot-polls,-2,NA,-4.151775410117693,5.9845592962300305e-9
YouGov,The Economist,2025-09-12,2025-09-15,1420,RV,43,41,https://d3nkl3psvxxpe9.cloudfront.net/documents/econtoplines_XBYs983.pdf,-2,NA,-1.867204666513409,5.438289990518732e-9
"Normington, Petts & Associates",Third Way,2025-09-11,2025-09-16,800,RV,51,49,https://www.thirdway.org/memo/americans-caught-between-trumps-cruelty-and-democrats-chaos,-2,NA,-2.8136539013026436,1.3359761249509655e-8
AtlasIntel,NA,2025-09-12,2025-09-16,1066,A,51.8,43.5,https://atlasintel.org/poll/usa-national-2025-09-19,-8.299999999999997,NA,-2.287458939933231,2.615049620515761e-8
The Argument/Verasight,NA,2025-09-15,2025-09-18,1541,RV,53,47,https://www.theargumentmag.com/p/chatgpt-and-the-end-of-learning,-6,NA,-6.489015022272781,4.489069359748195e-9
Verasight,Strength In Numbers,2025-09-15,2025-09-19,1356,RV,48,43,https://www.gelliottmorris.com/p/poll?open=false#%C2%A7trends-and-crosstabs,-5,NA,-2.489752327726414,5.253622886148946e-9
Morning Consult,NA,2025-09-15,2025-09-21,21386,RV,44,43,https://pro.morningconsult.com/trackers/2026-midterm-election-generic-ballot-polls,-1,NA,-3.1517754101176934,1.3267139621318554e-8
Echelon Insights,NA,2025-09-18,2025-09-22,1071,LV,47,46,https://echeloninsights.com/in-the-news/september-2025-verified-voter-omnibus/,-1,NA,-3.111297812470255,2.6460109670059232e-8
McLaughlin & Associates,NA,2025-09-17,2025-09-22,1000,LV,41,47,https://mclaughlinonline.com/2025/09/30/national-monthly-september-2025/,6,NA,0.7755843986864619,5.607008142363891e-9
YouGov,The Economist,2025-09-19,2025-09-22,1392,RV,45,42,https://d3nkl3psvxxpe9.cloudfront.net/documents/econtoplines_EYduduY.pdf,-3,NA,-2.867204666513409,1.2038253449596532e-8
RMG Research,Napolitan Institute,2025-09-22,2025-09-24,2000,RV,45,46,https://napolitannews.org/posts/generic-ballot-gop-43-percent-dem-41,1,NA,-2.8137861596215714,4.13129358012006e-8
The New York Times/Siena College,NA,2025-09-22,2025-09-27,1313,RV,47,45,https://www.nytimes.com/2025/09/30/polls/trump-approval-poll.html,-2,NA,-2.2289338149919757,9.291814686971992e-8
Morning Consult,NA,2025-09-22,2025-09-28,21729,RV,43,43,https://pro.morningconsult.com/trackers/2026-midterm-election-generic-ballot-polls,0,NA,-2.1517754101176934,2.9013032301299956e-8
YouGov,Yahoo News,2025-09-25,2025-09-29,1126,RV,44,40,https://www.yahoo.com/entertainment/tv/article/poll-americans-approve-of-jimmy-kimmels-return-to-tv-by-a-more-than-2-to-1-margin-183746388.html,-4,NA,-3.867204666513409,2.378828117578671e-8
YouGov,The Economist,2025-09-26,2025-09-29,1518,RV,44,41,https://today.yougov.com/politics/articles/53094-donald-trump-approval-rebound-government-shutdown-chances-james-comey-flu-covid-vaccines-economy-september-26-29-2025-economist-yougov-poll,-3,NA,-2.867204666513409,2.762038664099166e-8
Morning Consult,NA,2025-10-03,2025-10-05,2200,RV,46,43,https://pro.morningconsult.com/analysis/government-shutdown-polling-october-2025,-3,NA,-5.151775410117693,4.2105106857952724e-08
Morning Consult,NA,2025-09-29,2025-10-05,21493,RV,44,43,https://pro.morningconsult.com/trackers/2026-midterm-election-generic-ballot-polls,-1,NA,-3.1517754101176934,6.347583691165871e-8
OH Predictive Insights,Center Square,2025-10-02,2025-10-06,2565,RV,45,43,https://www.thecentersquare.com/north_carolina/article_1ca4f129-6cbd-4a04-a83b-4e98ad17c137.html,-2,NA,-2.5734439390927903,4.262571134826933e-7
YouGov,The Economist,2025-10-04,2025-10-06,1490,RV,44,39,https://today.yougov.com/politics/articles/53131-government-shutdown-2026-congressional-election-donald-trump-job-approval-the-economy-october-4-6-2025-economist-yougov-poll,-5,NA,-4.867204666513409,6.017065220554092e-8
Cygnal,NA,2025-10-07,2025-10-08,1500,LV,47.5,45.3,https://www.cygn.al/poll-42-of-liberals-approve-of-law-breaking-in-response-to-disagreeing-with-a-government-action/,-2.200000000000003,NA,-3.243986882520872,2.0902031357486085e-7
Quantus Insights,NA,2025-10-06,2025-10-08,1000,LV,42,43,https://quantusinsights.org/f/the-nation%E2%80%99s-pulse-trump-approval-poll-october-2025#ddfaccf9-bede-412a-8ce9-6f9ddda07554,1,NA,-1.5607104057695693,3.2406785061810265e-8
YouGov,The Economist,2025-10-10,2025-10-13,1467,RV,43,40,https://d3nkl3psvxxpe9.cloudfront.net/documents/econtoplines_GWBYlDD.pdf,-3,NA,-2.867204666513409,1.3139585881637624e-7
Emerson College,NA,2025-10-13,2025-10-14,1000,RV,44,43,https://emersoncollegepolling.com/october-2025-poll/,-1,NA,-2.1012163142163587,3.5276773960500155e-7
J.L. Partners,Daily Mail,2025-10-14,2025-10-15,1004,RV,43,37,https://www.dailymail.co.uk/news/article-15199427/donald-trump-polling-peace-president.html,-6,NA,-4.056255715304147,4.3034184456427285e-7
The Argument/Verasight,NA,2025-10-10,2025-10-16,1530,RV,51,49,https://www.theargumentmag.com/p/the-immigration-problem-is-a-crime,-2,NA,-2.489015022272781,1.0774299693647867e-7
Morning Consult,NA,2025-10-17,2025-10-19,2200,RV,46,43,https://pro.morningconsult.com/trackers/donald-trump-congress-policy-republicans-polling,-3,NA,-5.151775410117693,2.0184398058031773e-7
Morning Consult,NA,2025-10-13,2025-10-19,21839,RV,44,42,https://pro.morningconsult.com/trackers/2026-midterm-election-generic-ballot-polls,-2,NA,-4.151775410117693,3.04291249898498e-7
Echelon Insights,NA,2025-10-16,2025-10-20,1010,LV,48,46,https://echeloninsights.com/in-the-news/october-2025-verified-voter-omnibus-2/,-2,NA,-4.111297812470255,6.189362669675597e-7
Ipsos,Reuters,2025-10-15,2025-10-20,3439,RV,41,38,https://www.reuters.com/world/us/trumps-approval-edges-up-despite-americans-blaming-republicans-shutdown-2025-10-21/,-3,NA,-4.859881214183545,5.692039589805669e-7
Quinnipiac University,NA,2025-10-16,2025-10-20,1327,RV,50,41,https://poll.qu.edu/poll-release?releaseid=3938,-9,NA,-6.667872963376425,1.026721394099366e-6
YouGov,The Economist,2025-10-17,2025-10-20,1447,RV,45,40,https://d3nkl3psvxxpe9.cloudfront.net/documents/econtoplines_9BPkYGS.pdf,-5,NA,-4.867204666513409,2.942310424465662e-7
University of Massachusetts Lowell,NA,2025-10-16,2025-10-20,1000,A,38,35,https://www.uml.edu/news/press-releases/2025/national-poll-10292025.aspx,-3,NA,-3.5465662160091043,1.2316263524320945e-6
Clarity Campaign Labs,NA,2025-10-16,2025-10-23,1047,RV,47,46,https://www.claritycampaigns.com/clarity-omnibus-oct-2025,-1,NA,0.04075912830101913,8.502104209265534e-7
Ipsos,Reuters,2025-10-24,2025-10-26,805,RV,39,39,https://www.reuters.com/world/us/trumps-popularity-dips-americans-sweat-cost-living-reutersipsos-poll-finds-2025-10-28/,0,NA,-1.8598812141835452,5.316968043104143e-7
Manhattan Institute,NA,2025-10-15,2025-10-26,500,RV,47,44,https://manhattan.institute/article/the-new-gop-survey-analysis-of-americans-overall-todays-republican-coalition-and-the-minorities-of-maga,-3,NA,-2.907512407323651,4.432846916762083e-7
Morning Consult,NA,2025-10-24,2025-10-26,2202,RV,45,42,https://pro.morningconsult.com/trackers/donald-trump-congress-policy-republicans-polling,-3,NA,-5.151775410117693,4.5032708065751126e-7
Morning Consult,NA,2025-10-20,2025-10-26,21290,RV,44,42,https://pro.morningconsult.com/trackers/2026-midterm-election-generic-ballot-polls,-2,NA,-4.151775410117693,6.785852401776166e-7
McLaughlin & Associates,NA,2025-10-21,2025-10-27,1000,LV,44,46,https://mclaughlinonline.com/2025/10/30/national-monthly-october-2025/,2,NA,-3.224415601313538,2.9097311268541957e-7
YouGov,The Economist,2025-10-24,2025-10-27,1472,RV,43,40,https://d3nkl3psvxxpe9.cloudfront.net/documents/econtoplines_6P3FccQ.pdf,-3,NA,-2.867204666513409,6.55143011597671e-7
YouGov,Yahoo News,2025-10-23,2025-10-27,1197,RV,45,40,https://www.scribd.com/document/940273112/Yahoo-YouGov-Shutdown-Poll-October-2025,-5,NA,-4.867204666513409,5.907847590910835e-7
Hart Research Associates/Public Opinion Strategies,NBC News,2025-10-24,2025-10-28,1000,RV,50,42,https://www.nbcnews.com/politics/elections/poll-frustration-trump-gives-democrats-opening-year-midterms-rcna240551,-8,NA,-7.442228886843516,2.116741093733871e-6
Ipsos,ABC News | The Washington Post,2025-10-24,2025-10-28,2203,RV,46,44,https://www.washingtonpost.com/politics/2025/11/02/trump-democrats-poll-post-abc-ipsos/,-2,NA,-3.8598812141835452,1.095245439986395e-6
NewsNation,Decision Desk HQ,2025-10-27,2025-10-29,1158,LV,47,47,https://www.newsnationnow.com/polls/,0,NA,-1.7682512759592441,2.3424821359241592e-6
Verasight,Strength In Numbers,2025-10-24,2025-10-29,1352,LV,49,41,https://www.gelliottmorris.com/p/new-poll-voters-want-democrats-to,-8,NA,-6.622005155830408,4.864617180541692e-7
RMG Research,Napolitan News Service,2025-10-27,2025-10-30,2000,RV,44,46,https://napolitannews.org/posts/generic-ballot-gop-43-percent-dem-42,2,NA,-1.8137861596215714,2.4708201857815763e-6
SSRS,CNN,2025-10-27,2025-10-30,954,RV,47,42,https://s3.documentcloud.org/documents/26211915/cnn-poll-trump-midterms-east-wing-parties.pdf,-5,NA,-3.640520785784936,8.867193606335279e-7
Morning Consult,NA,2025-10-31,2025-11-02,2202,RV,45,42,https://pro.morningconsult.com/trackers/donald-trump-congress-policy-republicans-polling,-3,NA,-5.151775410117693,9.702002844293278e-7
Morning Consult,NA,2025-10-27,2025-11-02,22207,RV,43,43,https://pro.morningconsult.com/trackers/2026-midterm-election-generic-ballot-polls,0,NA,-2.1517754101176934,1.461967581582274e-6
YouGov,The Economist,2025-10-31,2025-11-03,1470,RV,44,41,https://d3nkl3psvxxpe9.cloudfront.net/documents/econTabReport_5RO6eos.pdf,-3,NA,-2.867204666513409,1.4471461909291955e-6
Emerson College,NA,2025-11-03,2025-11-04,1000,RV,44,40,https://emersoncollegepolling.com/november-2025-national-poll/,-4,NA,-3.46325913069375,4.073410988447269e-6
Cygnal,NA,2025-11-05,2025-11-06,1500,LV,50,44,https://www.cygn.al/poll-voters-say-less-socialism-more-stabilityeconomic-concerns-surge-heading-into-2026/,-6,NA,-7.043986882520869,5.618183014321721e-6
Morning Consult,NA,2025-11-07,2025-11-09,2201,RV,48,43,https://pro.morningconsult.com/trackers/donald-trump-congress-policy-republicans-polling,-5,NA,-7.151775410117693,2.1686448568029224e-6
Morning Consult,NA,2025-11-03,2025-11-09,21394,RV,44,42,https://pro.morningconsult.com/trackers/2026-midterm-election-generic-ballot-polls,-2,NA,-4.151775410117693,3.2686123513854677e-6
Survey 160,NA,2025-11-06,2025-11-10,1513,RV,46,39,https://www.survey160.com/methodological-research-blog/survey-160-tracking-poll-november-2025-update,-7,NA,-4.566198908564843,3.3225305760151224e-6
YouGov,The Economist,2025-11-07,2025-11-10,1499,RV,46,39,https://d3nkl3psvxxpe9.cloudfront.net/documents/econtoplines_L33vOWV.pdf,-7,NA,-6.867204666513409,3.2346584961117625e-6
YouGov Blue,The Downballot,2025-11-07,2025-11-10,517,RV,48,45,https://www.the-downballot.com/p/new-poll-shows-democrats-best-path,-3,DEM,-3.5459062522051497,1.607187285359415e-6
Yale University Institution for Social and Policy Studies,NA,2025-10-29,2025-11-11,3426,RV,45,43,https://youthpoll.yale.edu/fall-2025-results,-2,NA,-3.4670825928854683,5.579075635857738e-6
Ipsos,Reuters,2025-11-07,2025-11-12,938,RV,41,40,https://www.reuters.com/world/us/democrats-more-energized-2026-elections-than-republicans-reutersipsos-poll-finds-2025-11-13/,-1,NA,-2.8598812141835452,4.533534949623884e-6
Marquette University Law School,NA,2025-11-05,2025-11-12,903,RV,49,44,https://law.marquette.edu/poll/2025/11/18/detailed-results-of-the-marquette-law-school-supreme-court-poll-nov-5-12-2025-national-issues/,-5,NA,-3.0617133240263072,1.2367942896054046e-5
Quantus Insights,NA,2025-11-11,2025-11-12,1000,RV,44,39,https://quantusinsights.org/f/survey-shows-public-discontent-with-trump-direction-of-us,-5,NA,-6.428457577665576,1.6817352288678598e-6
Marist College,NPR | PBS News,2025-11-10,2025-11-13,1291,RV,55,41,https://maristpoll.marist.edu/polls/a-look-to-the-2026-midterms-november-2025/,-14,NA,-7.104749353746875,2.0761466069888636e-5
Verasight,Strength In Numbers,2025-11-12,2025-11-14,860,LV,49,45,https://www.gelliottmorris.com/p/new-poll-democrats-lead-the-2026,-4,NA,-2.622005155830408,2.746375654165378e-6
High Point University,NA,2025-11-10,2025-11-14,837,RV,48,39,https://www.highpoint.edu/src/files/2023/08/HPUPoll-115-and-116-Memo.pdf,-9,NA,-6.566605509539613,1.3317160151182424e-5
Morning Consult,NA,2025-11-14,2025-11-16,2201,RV,46,44,https://pro.morningconsult.com/trackers/donald-trump-congress-policy-republicans-polling,-2,NA,-4.151775410117693,4.862983802692808e-6
Morning Consult,NA,2025-11-10,2025-11-16,21313,RV,44,43,https://pro.morningconsult.com/trackers/2026-midterm-election-generic-ballot-polls,-1,NA,-3.1517754101176934,7.329558305596589e-6
Echelon Insights,NA,2025-11-13,2025-11-17,1051,LV,49,45,https://echeloninsights.com/in-the-news/november-2025-verified-voter-omnibus/,-4,NA,-6.111297812470255,1.570685751196645e-5
Ipsos,Reuters,2025-11-14,2025-11-17,818,RV,38,36,https://www.reuters.com/world/us/trump-approval-falls-lowest-his-term-over-prices-epstein-files-reutersipsos-poll-2025-11-18/,-2,NA,-3.8598812141835452,7.3249967924768325e-6
The Argument/Verasight,NA,2025-11-10,2025-11-17,1508,RV,53,47,https://www.theargumentmag.com/p/2026-is-looking-terrible-for-republicans,-6,NA,-6.489015022272781,4.125939913558438e-6
YouGov,The Economist,2025-11-15,2025-11-17,1380,RV,43,40,https://d3nkl3psvxxpe9.cloudfront.net/documents/econTabReport_Hb6uOe2.pdf,-3,NA,-2.867204666513409,7.092131139442829e-6
J.L. Partners,Daily Mail,2025-11-19,2025-11-20,797,LV,50,46,https://jlpartners.com/nov25-rv,-4,NA,-3.1885085434081404,2.8085140022075277e-5
Morning Consult,NA,2025-11-21,2025-11-23,2200,RV,45,43,https://pro.morningconsult.com/trackers/donald-trump-congress-policy-republicans-polling,-2,NA,-4.151775410117693,1.0940363601702698e-5
Morning Consult,NA,2025-11-17,2025-11-23,19675,RV,44,42,https://pro.morningconsult.com/trackers/2026-midterm-election-generic-ballot-polls,-2,NA,-4.151775410117693,1.6493218698595027e-5
McLaughlin & Associates,NA,2025-11-17,2025-11-24,1000,LV,45,44,https://mclaughlinonline.com/2025/11/26/national-monthly-november-2025/,-1,NA,-6.224415601313538,7.238616385808252e-6
YouGov,The Economist,2025-11-21,2025-11-24,1511,RV,44,39,https://d3nkl3psvxxpe9.cloudfront.net/documents/econTabReport_dEPgjvs.pdf,-5,NA,-4.867204666513409,1.651266390938104e-5
YouGov,Yahoo News,2025-11-21,2025-11-24,1131,RV,43,40,https://www.scribd.com/document/955164028/Yahoo-YouGov-Epstein-Poll-November-2025,-3,NA,-2.867204666513409,1.4286183095834879e-5
The Bullfinch Group,NA,2025-11-21,2025-11-25,1000,RV,41,35,https://www.thebullfinchgroup.com/post/public-release-of-bullfinch-q4-nationwide-survey-3,-6,NA,-3.014676176513923,9.892822997066182e-6
GBAO,Third Way,2025-11-19,2025-11-26,2000,RV,48,42,https://uploads.thirdway.org/downloads/food-medicine-fuel-for-a-wave/Third-WayGBAO-National-Framing-Survey-Toplines-November-2025.pdf,-6,NA,-4.963756569494805,7.797002915418e-5
Morning Consult,NA,2025-11-26,2025-11-30,2200,RV,45,41,https://pro.morningconsult.com/trackers/donald-trump-congress-policy-republicans-polling,-4,NA,-5.341823833996337,2.472073800370078e-5
Morning Consult,NA,2025-11-24,2025-11-30,21658,RV,44,42,https://pro.morningconsult.com/trackers/2026-midterm-election-generic-ballot-polls,-2,NA,-4.151775410117693,3.726791477225221e-5
YouGov,The Economist,2025-11-28,2025-12-01,1452,RV,45,39,https://d3nkl3psvxxpe9.cloudfront.net/documents/econTabReport_szm0BQt.pdf,-6,NA,-5.867204666513409,3.609800182907995e-5
RMG Research,Napolitan News Service,2025-12-01,2025-12-04,2000,RV,44,48,https://napolitannews.org/assets/pdfs/693313e5180f3-gcm25-1203-toplines-generic-ballot.pdf,4,NA,0.18621384037842859,1.4046024995178713e-4
Quantus Insights,NA,2025-12-04,2025-12-05,1000,RV,44,40,https://quantusinsights.org/f/new-poll-strong-disapproval-drives-overall-assessment-of-trump,-4,NA,-5.428457577665576,2.4180489338205382e-5
Cygnal,NA,2025-12-05,2025-12-07,1500,LV,48,44,https://www.cygn.al/polls/december-2025-national-voter-trends-nvt-poll/,-4,NA,-5.043986882520869,1.9420290716372677e-4
Morning Consult,NA,2025-12-05,2025-12-07,2201,RV,46,43,https://pro.morningconsult.com/trackers/donald-trump-congress-policy-republicans-polling,-3,NA,-5.151775410117693,5.615290015098965e-5
Morning Consult,NA,2025-12-01,2025-12-07,19970,RV,44,43,https://pro.morningconsult.com/trackers/2026-midterm-election-generic-ballot-polls,-1,NA,-3.1517754101176934,8.463444921554495e-5
Hart Research Associates/Public Opinion Strategies,CNBC,2025-12-04,2025-12-08,800,RV,50,46,https://fm.cnbc.com/applications/cnbc.com/resources/editorialfiles/2025/12/16/TOPLINES_250313_CNBC_AAES_Q4_2025_new.pdf,-4,NA,-3.442228886843516,2.3994333167310942e-4
Ipsos,Reuters,2025-12-03,2025-12-08,3521,RV,40,39,https://www.reuters.com/data/trumps-approval-rating-2025-01-21/,-1,NA,-2.8598812141835452,1.8612702213552642e-4
YouGov,The Economist,2025-12-05,2025-12-08,1379,RV,42,37,https://d3nkl3psvxxpe9.cloudfront.net/documents/econTabReport_qLhWxpK.pdf,-5,NA,-4.867204666513409,7.865161823411337e-5
Clarity Campaign Labs,NA,2025-12-04,2025-12-11,1000,LV,49,44,https://www.claritycampaigns.com/clarity-omnibus-dec-2025?submissionGuid=49882900-7ea0-44c8-8c7c-579c65ead3af,-5,NA,-5.0914936998029745,2.1924618531867141e-4
The Argument/Verasight,NA,2025-12-05,2025-12-11,1521,RV,51,49,https://www.theargumentmag.com/p/have-democrats-lost-their-education,-2,NA,-2.489015022272781,7.051631476327098e-5
Morning Consult,NA,2025-12-08,2025-12-14,19954,RV,44,43,https://pro.morningconsult.com/trackers/2026-midterm-election-generic-ballot-polls,-1,NA,-3.1517754101176934,1.9340013228526145e-4
Echelon Insights,NA,2025-12-11,2025-12-15,1011,LV,48,45,https://echeloninsights.com/in-the-news/december-2025-verified-voter-omnibus/,-3,NA,-5.111297812470255,4.064830930641183e-4
Emerson College,NA,2025-12-14,2025-12-15,1000,RV,44,42,https://emersoncollegepolling.com/december-2025-national-poll-trumps-approval-flips-since-start-of-the-year/,-2,NA,-3.1012163142163587,4.470795576123734e-4
Ipsos,Reuters,2025-12-12,2025-12-15,775,RV,40,36,https://www.reuters.com/data/trumps-approval-rating-2025-01-21/,-4,NA,-5.859881214183545,1.8813110273619137e-4
Morning Consult,NA,2025-12-12,2025-12-15,2201,RV,45,44,https://pro.morningconsult.com/trackers/donald-trump-congress-policy-republicans-polling,-1,NA,-3.1517754101176934,1.5307237022635137e-4
Quinnipiac University,NA,2025-12-11,2025-12-15,1035,RV,47,43,https://poll.qu.edu/poll-release?releaseid=3943,-4,NA,-1.6678729633764249,5.952083149622681e-4
YouGov,The Economist,2025-12-12,2025-12-15,1451,RV,43,39,https://d3nkl3psvxxpe9.cloudfront.net/documents/econTabReport_FJyfDu9.pdf,-4,NA,-3.867204666513409,1.889591395128331e-4
Quantus Insights,NA,2025-12-15,2025-12-16,1000,RV,43,41,https://drive.google.com/file/d/14uRV2kwTVNEO4EIXGv7TCQZtmlMK0owX/view,-2,NA,-3.4284575776655757,8.077456152827719e-5
Fabrizio Ward,Building America's Future,2025-12-15,2025-12-17,1000,RV,45,38,https://www.politico.com/newsletters/playbook/2025/12/22/cbs-controversial-call-00702480,-7,REP,-5.575312572714232,1.0928292843168799e-4
McLaughlin & Associates,NA,2025-12-12,2025-12-19,1000,LV,46,45,https://mclaughlinonline.com/2025/12/23/national-monthly-december-2025/,-1,NA,-6.224415601313538,1.3746032981054417e-4
AtlasIntel,NA,2025-12-15,2025-12-19,2315,A,54,38,https://www.atlasintel.org/poll/usa-national-2025-12-19,-16,NA,-9.987458939933234,0.0016314820629167181
Morning Consult,NA,2025-12-19,2025-12-21,2203,RV,47,43,https://pro.morningconsult.com/trackers/donald-trump-congress-policy-republicans-polling,-4,NA,-6.151775410117693,2.956707207907616e-4
Morning Consult,NA,2025-12-15,2025-12-21,20240,RV,45,42,https://pro.morningconsult.com/trackers/2026-midterm-election-generic-ballot-polls,-3,NA,-5.151775410117693,4.4543677946031726e-4
YouGov,The Economist,2025-12-20,2025-12-22,1424,RV,43,40,https://d3nkl3psvxxpe9.cloudfront.net/documents/econtoplines_s4jyXBa.pdf,-3,NA,-2.867204666513409,4.229790592112716e-4
YouGov,The Economist,2025-12-26,2025-12-29,1417,RV,42,38,https://d3nkl3psvxxpe9.cloudfront.net/documents/econTabReport_h1aYmmb.pdf,-4,NA,-3.867204666513409,9.582103907587018e-4
The Bullfinch Group,Independent Center,2025-12-30,2026-01-01,1000,RV,44,33,https://independentcentervoice.com/insights/2026-tune-in-as-america-approaches-its-250th-voters-declare-the-status-quo-broken-and-demand-new-options,-11,NA,-8.533628478769408,8.086116581202353e-4
Morning Consult,NA,2026-01-02,2026-01-04,2201,RV,44,42,https://pro.morningconsult.com/trackers/donald-trump-congress-policy-republicans-polling,-2,NA,-4.151775410117693,0.0016230869175067383
Morning Consult,NA,2025-12-29,2026-01-04,22709,RV,44,42,https://pro.morningconsult.com/trackers/2026-midterm-election-generic-ballot-polls,-2,NA,-4.151775410117693,0.002446339671197168
YouGov,The Economist,2026-01-02,2026-01-05,1386,RV,45,39,https://d3nkl3psvxxpe9.cloudfront.net/documents/econTabReport_aY8mpiN.pdf,-6,NA,-5.867204666513409,0.0021655447396146843
Cygnal,NA,2026-01-08,2026-01-08,1500,LV,48.1,44.6,https://www.cygn.al/polls/january-2026-national-voter-trends-nvt-poll/,-3.5,NA,-4.543986882520862,0.007945310614747934
RMG Research,Napolitan News Service,2026-01-05,2026-01-08,2000,RV,47,46,https://napolitannews.org/posts/generic-ballot-gop-43-percent-dem-44,-1,NA,-4.813786159621571,0.009220088748811998
Morning Consult,NA,2026-01-05,2026-01-11,17701,RV,45,43,https://pro.morningconsult.com/trackers/2026-midterm-election-generic-ballot-polls,-2,NA,-4.151775410117693,0.005892574716267615
Morning Consult,NA,2026-01-09,2026-01-12,2201,RV,46,43,https://pro.morningconsult.com/trackers/donald-trump-congress-policy-republicans-polling,-3,NA,-5.151775410117693,0.004362637867461738
SSRS,CNN,2026-01-09,2026-01-12,968,RV,46,41,https://www.cnn.com/2026/01/18/politics/cnn-poll-democrats-are-deeply-motivated-for-the-midterms-despite-having-dismal-views-of-party-leaders,-5,NA,-3.640520785784936,0.004219628373134339
YouGov,The Economist,2026-01-09,2026-01-12,1433,RV,44,40,https://d3nkl3psvxxpe9.cloudfront.net/documents/econTabReport_qsNv5iE.pdf,-4,NA,-3.867204666513409,0.005071517722314819
YouGov,Yahoo News,2026-01-08,2026-01-12,1148,RV,45,40,https://www.yahoo.com/news/us/article/poll-only-27-of-americans-think-minneapolis-ice-shooting-was-justified-142831951.html,-5,NA,-4.867204666513409,0.004539267706180655
Impact Research/National Research,Wall Street Journal,2026-01-08,2026-01-13,1500,RV,47,43,https://www.wsj.com/politics/elections/trump-approval-rating-economy-poll-b3a62e57,-4,NA,-3.801606767532448,0.0036915962777916973
Ipsos,Reuters,2026-01-12,2026-01-13,941,RV,40,38,https://www.reuters.com/data/trumps-approval-rating-2025-01-21/,-2,NA,-3.8598812141835452,0.0070480981022616705
Public Policy Polling,Progress Action Fund (hybrid PAC),2026-01-13,2026-01-14,597,RV,50,42,https://progressactionfund.com/new-poll-independent-voters-would-rather-shut-down-the-government-than-fund-ice-by-16-points/,-8,DEM,-5.737150312104745,0.006011668155250994
Research Co.,NA,2026-01-13,2026-01-15,1002,A,42,36,https://researchco.ca/2026/01/26/amendment/,-6,NA,-4.539408717819946,0.015496296281989324
The New York Times/Siena College,NA,2026-01-12,2026-01-17,1625,RV,48,43,https://www.nytimes.com/2026/01/22/us/politics/trump-poll-second-term.html,-5,NA,-5.228933814991976,0.03175648970397606
Morning Consult,NA,2026-01-12,2026-01-18,12505,RV,44,42,https://pro.morningconsult.com/trackers/2026-midterm-election-generic-ballot-polls,-2,NA,-4.151775410117693,0.011117387534794807
Morning Consult,NA,2026-01-16,2026-01-18,2201,RV,45,43,https://pro.morningconsult.com/trackers/donald-trump-congress-policy-republicans-polling,-2,NA,-4.151775410117693,0.007376116439197294
Emerson College,NA,2026-01-17,2026-01-19,1000,LV,48.1,41.7,https://emersoncollegepolling.com/january-2026-national-poll/,-6.399999999999999,NA,-6.995511958797742,0.029667918240066267
YouGov,The Economist,2026-01-16,2026-01-19,1549,RV,43,39,https://d3nkl3psvxxpe9.cloudfront.net/documents/econTabReport_z9wtNZI.pdf,-4,NA,-3.867204666513409,0.011967329733289839
KFF,NA,2026-01-13,2026-01-20,1141,RV,49,42,https://www.kff.org/public-opinion/kff-health-tracking-poll-health-care-costs-expiring-aca-tax-credits-and-the-2026-midterms/,-7,NA,-5.239475920421917,0.006936569235605449
Verasight,Strength In Numbers,2026-01-14,2026-01-20,1352,RV,51,43,https://www.gelliottmorris.com/p/new-poll-trump-slips-on-immigration,-8,NA,-5.489752327726414,0.007550752741900426
Clarity Campaign Labs,NA,2026-01-15,2026-01-22,1147,LV,51,42,https://www.claritycampaigns.com/clarity-omnibus-jan-2026,-9,NA,-9.091493699802975,0.034231588365285254
Quantus Insights,NA,2026-01-20,2026-01-22,1000,RV,47.2,40.7,https://v0-quantus-insights-website.vercel.app/polls/2601412-weighted-ziw7630t?tab=toplines,-6.5,NA,-7.928457577665576,0.008086116581202354
Ipsos,Reuters,2026-01-23,2026-01-25,906,RV,41,37,https://www.reuters.com/data/which-party-do-americans-want-run-congress-2025-11-05/,-4,NA,-5.859881214183545,0.02951268424731927
Morning Consult,NA,2026-01-19,2026-01-25,12505,RV,44,43,https://pro.morningconsult.com/trackers/2026-midterm-election-generic-ballot-polls,-1,NA,-3.1517754101176934,0.027657023988931124
Echelon Insights,NA,2026-01-22,2026-01-26,1029,LV,49,44,https://echelonin.wpenginepowered.com/wp-content/uploads/January-2026-Voter-Omnibus-Topline.pdf,-5,NA,-7.111297812470255,0.06378006746663266
Beacon Research/Shaw & Co. Research,FOX News,2026-01-23,2026-01-26,1005,RV,52,46,https://static.foxnews.com/foxnews.com/content/uploads/2026/01/fox_january-23-26_national_topline_january-29-release.pdf,-6,NA,-3.929511688391152,0.06279865323837554
YouGov,The Economist,2026-01-23,2026-01-26,1520,RV,43,38,https://d3nkl3psvxxpe9.cloudfront.net/documents/econTabReport_8FWGyNz.pdf,-5,NA,-4.867204666513409,0.02797804076800472
McLaughlin & Associates,NA,2026-01-21,2026-01-27,1000,LV,46,44,https://mclaughlinonline.com/2026/02/04/national-monthly-january-2026/,-2,NA,-7.224415601313538,0.013990564452607443
The Argument/Verasight,NA,2026-01-26,2026-01-27,1515,RV,52,48,https://www.theargumentmag.com/p/immigration-is-turning-into-a-disaster,-4,NA,-4.489015022272781,0.017220333299892397
Cygnal,NA,2026-01-27,2026-01-28,1004,LV,48,44,https://www.cygn.al/polls/national-poll-deportation-ice-overwhelmingly-supported-by-voters-and-democrats-pay-a-political-price-on-the-issue-especially-over-a-shutdown/,-4,NA,-5.403570967539508,0.08355437500741923
Marquette University Law School,NA,2026-01-21,2026-01-28,577,LV,52,45,https://law.marquette.edu/poll/2026/02/04/detailed-results-of-the-marquette-law-school-supreme-court-poll-jan-21-28-2025-national-issues/,-7,NA,-6.193966152130301,0.0738145692819372
Harris Insights & Analytics,Harvard CAPS,2026-01-28,2026-01-29,1000,RV,54,46,https://harvardharrispoll.com/wp-content/uploads/2026/02/HHP_Jan2026_KeyResults.pdf,-8,NA,-5.646068988506386,0.05875790739483303
Public Policy Polling,NA,2026-01-29,2026-01-30,652,RV,48,41,https://e1.nmcdn.io/assets/ppp/wp-content/uploads/2026/01/January2026NationalSurvey.pdf,-7,DEM,-4.737150312104745,0.0491376926134
Morning Consult,NA,2026-01-30,2026-02-01,2201,RV,47,42,https://pro.morningconsult.com/trackers/donald-trump-congress-policy-republicans-polling,-5,NA,-7.151775410117693,0.04841828788878989
YouGov,The Economist,2026-01-30,2026-02-02,1504,RV,44,40,https://d3nkl3psvxxpe9.cloudfront.net/documents/econTabReport_DDIQ8jz.pdf,-4,NA,-3.867204666513409,0.0774064465391837
John Zogby Strategies,NA,2026-02-04,2026-02-05,1000,LV,47,42,https://johnzogbystrategies.com/democrats-lead-republicans-47-42-in-congressional-generic-poll/,-5,NA,-5.713623162652603,0.12875857701549262
