pollster,sponsors,start_date,end_date,sample_size,population,dem,rep,url,mode,tracking,partisan,internal
Cygnal,NA,2024-12-09,2024-12-11,1500,LV,44.6,48.4,https://www.cygn.al/poll-musk-most-effective-trump-surrogate-as-voters-rally-behind-doge-deportations-and-congressional-republicans/,NA,FALSE,NA,NA
McLaughlin & Associates,NA,2024-12-11,2024-12-16,1000,LV,42,47,https://mclaughlinonline.com/2024/12/18/ma-poll-national-monthly-december-2024/,Online Opt-In Panel,FALSE,NA,NA
Cygnal,NA,2025-01-09,2025-01-12,1500,LV,44.6,46.8,https://www.cygn.al/voters-back-kingmaker-trumps-policies-on-economy-energy-and-health/,NA,FALSE,NA,NA
RMG Research,Napolitan Institute,2025-01-15,2025-01-16,1000,RV,44,51,https://napolitannews.org/posts/generic-ballot-gop-51-percent-dem-44,Online Opt-In Panel,FALSE,NA,NA
Quantus Insights,TrendingPolitics,2025-01-22,2025-01-23,1000,RV,45,48,https://quantusinsights.org/f/trump%E2%80%99s-second-term-begins-what-voters-think,Online Opt-In Panel,FALSE,REP,NA
McLaughlin & Associates,NA,2025-01-22,2025-01-27,1000,LV,40,48,https://mclaughlinonline.com/pols/wp-content/uploads/2025/01/National-January-Presentation-RELEASE-01-28-25.pdf,Online Opt-In Panel,FALSE,NA,NA
"Fabrizio, Lee & Associates/Impact Research",AARP,2025-01-27,2025-02-01,3000,RV,43,43,https://www.aarp.org/content/dam/aarp/research/topics/voter-opinion-research/politics/federal-tax-package-legislative-priorities.doi.10.26419-2fres.00921.001.pdf,Online Opt-In Panel/Text-to-Web,FALSE,NA,NA
Clarity Campaign Labs,NA,2025-01-31,2025-02-06,1102,RV,45,44,https://static1.squarespace.com/static/61ae8d5e55be5c7314b4c83a/t/67aa57a7976e415c4d212706/1739216809584/Clarity+Omnibus+Overview+-+Jan_Feb+2025.pdf,Online Opt-In Panel,FALSE,NA,NA
Cygnal,NA,2025-02-04,2025-02-05,1500,LV,46.2,47.2,https://www.cygn.al/poll-trump-winning-over-black-men-dei-skeptics-and-border-hawks-as-democrats-lose-ground/,NA,FALSE,NA,NA
Echelon Insights,NA,2025-02-10,2025-02-13,1010,LV,46,47,https://echeloninsights.com/in-the-news/feb-2025-verified-voter-omnibus-2-2/,Online Opt-In Panel,FALSE,NA,NA
Quantus Insights,TrendingPolitics,2025-02-10,2025-02-12,1000,RV,44,48,https://quantusinsights.org/f/quantus-insights-latest-national-survey---february-13-2025,Online Opt-In Panel,FALSE,REP,NA
McLaughlin & Associates,NA,2025-02-11,2025-02-18,1000,LV,41,48,https://mclaughlinonline.com/pols/wp-content/uploads/2025/02/National-February-Presentation-RELEASE-02-18-25.pdf,Online Opt-In Panel,FALSE,NA,NA
McLaughlin & Associates,U.S. Chamber of Commerce,2025-02-13,2025-02-17,1600,LV,43,47,https://www.uschamber.com/assets/documents/USCC_National-Tax-Survey_Deck_Feb-2025.pdf,Online Opt-In Panel,FALSE,REP,NA
co/efficient,NA,2025-02-15,2025-02-17,2063,LV,44,46,https://coefficient.org/doge-part-2/,NA,FALSE,REP,NA
YouGov,The Economist,2025-02-16,2025-02-18,1603,A,35,37,https://d3nkl3psvxxpe9.cloudfront.net/documents/econtoplines_KfNmvTk.pdf,Online Matched Sample,FALSE,NA,NA
YouGov,The Economist,2025-02-16,2025-02-18,1451,RV,42,41,https://d3nkl3psvxxpe9.cloudfront.net/documents/econTabReport_OFVhPxp.pdf,Online Matched Sample,FALSE,NA,NA
RMG Research,Napolitan Institute,2025-02-20,2025-02-21,1000,RV,46,48,https://x.com/ScottWRasmussen/status/1894720317291114920,NA,FALSE,NA,NA
Public Opinion Strategies,Paragon Health Institute,2025-02-25,2025-03-02,1000,RV,44,46,https://paragoninstitute.org/medicaid/paragon-health-policy-survey-2025/,Live Phone,FALSE,NA,NA
Emerson College,NA,2025-03-02,2025-03-03,1000,RV,44.4,41.4,https://emersoncollegepolling.com/march-2025-national-poll/,Online Opt-In Panel/Email,FALSE,NA,NA
Clarity Campaign Labs,NA,2025-03-03,2025-03-09,1036,RV,46,44,https://static1.squarespace.com/static/61ae8d5e55be5c7314b4c83a/t/67d0921f11ba8d57a17670a9/1741722147070/Clarity+Omnibus+Overview+-+March+2025+PUBLIC.pdf,Online Opt-In Panel,FALSE,NA,NA
Cygnal,NA,2025-03-03,2025-03-05,1500,LV,47.4,45.9,https://www.cygn.al/poll-48-percent-support-trump-negotiating-settlement-to-war-in-ukraine-as-optimism-at-home-rises/,NA,FALSE,NA,NA
McLaughlin & Associates,America's New Majority Project,2025-03-04,2025-03-07,2000,RV,43.7,45.7,https://americasnewmajorityproject.com/most-americans-support-trumps-maha-agenda/,Online Opt-In Panel,FALSE,REP,NA
McLaughlin & Associates,America's New Majority Project,2025-03-04,2025-03-07,1655,LV,45.1,47.8,https://americasnewmajorityproject.com/most-americans-support-trumps-maha-agenda/,Online Opt-In Panel,FALSE,REP,NA
Hart Research Associates/Public Opinion Strategies,NBC News,2025-03-07,2025-03-11,1000,RV,48,47,https://www.nbcnews.com/politics/politics-news/democratic-party-hits-new-polling-low-voters-want-fight-trump-harder-rcna196161,Live Phone/Text-to-Web,FALSE,NA,NA
Echelon Insights,NA,2025-03-10,2025-03-13,1007,LV,46,47,https://echeloninsights.com/in-the-news/march-2025-verified-voter-omnibus-2-2-2/,Online Opt-In Panel,FALSE,NA,NA
"Normington, Petts & Associates",Third Way,2025-03-12,2025-03-19,800,LV,50,50,https://www.thirdway.org/polling/democrats-immigration-opportunity,NA,FALSE,NA,NA
Quantus Insights,TrendingPolitics,2025-03-25,2025-03-27,1000,RV,45.4,46.3,https://quantusinsights.org/f/trump%E2%80%99s-standing-steadies-but-crosscurrents-remain-ahead-of-2026,Online Opt-In Panel,FALSE,REP,NA
"Fabrizio, Lee & Associates/Impact Research",The Wall Street Journal,2025-03-27,2025-04-01,1500,RV,44,43,https://www.wsj.com/politics/policy/trump-foreign-policy-approval-voters-poll-c0c29dd0,Live Phone/Text-to-Web,FALSE,NA,NA
Yale University Institution for Social and Policy Studies,NA,2025-04-01,2025-04-03,4100,RV,43.3,41.7,https://youthpoll.yale.edu/spring-2025-results,Online Opt-In Panel,FALSE,NA,NA
Cygnal,NA,2025-04-01,2025-04-03,1500,LV,47.5,46.5,https://www.cygn.al/poll-democrats-continue-to-struggle-as-trump-maintains-strong-approval-even-in-light-of-tariffs/,NA,FALSE,NA,NA
YouGov,The Economist,2025-04-05,2025-04-08,1741,A,39,36,https://d3nkl3psvxxpe9.cloudfront.net/documents/econtoplines_Emo4hnf.pdf,Online Matched Sample,FALSE,NA,NA
YouGov,The Economist,2025-04-05,2025-04-08,1558,RV,43,42,https://d3nkl3psvxxpe9.cloudfront.net/documents/econtoplines_Emo4hnf.pdf,Online Matched Sample,FALSE,NA,NA
The Winston Group,Winning the Issues,2025-04-08,2025-04-10,1000,RV,46,44,https://www.winningtheissues.org/2025/04/30/winning-the-issues-april-2025-national-survey/,NA,FALSE,REP,NA
Hart Research Associates/Public Opinion Strategies,CNBC,2025-04-09,2025-04-13,1000,A,48,46,https://www.cnbc.com/video/2025/04/17/tariffs-weight-on-trump-approval-cnbc-survey-finds.html,NA,FALSE,NA,NA
Clarity Campaign Labs,NA,2025-04-09,2025-04-14,1008,RV,44,45,https://45840940.fs1.hubspotusercontent-na1.net/hubfs/45840940/Clarity%20Omnibus%20Overview_April%202025.pdf,Online Opt-In Panel,FALSE,NA,NA
RealClear Opinion Research,NA,2025-04-10,2025-04-12,1000,RV,39.8,39.2,https://www.realclearpolitics.com/articles/2025/04/18/rcp_poll_voters_see_campus_bias_reject_trumps_tariff_pitch_152678.html,NA,FALSE,NA,NA
Echelon Insights,NA,2025-04-10,2025-04-14,1014,LV,47,47,https://echeloninsights.com/in-the-news/april-2025-verified-voter-omnibus-2-2-2-2/,Online Opt-In Panel,FALSE,NA,NA
OH Predictive Insights,The Center Square,2025-04-15,2025-04-18,2527,RV,45,42,https://www.thecentersquare.com/polls/,Online Opt-In Panel/Text-to-Web,FALSE,NA,NA
McLaughlin & Associates,America's New Majority Project,2025-04-16,2025-04-19,1638,LV,45.7,47.1,https://americasnewmajorityproject.com/most-support-blocking-states-from-giving-medicaid-to-illegal-immigrants/,Online Opt-In Panel,FALSE,REP,NA
RMG Research,Napolitan Institute,2025-04-16,2025-04-16,1000,RV,50,45,https://napolitannews.org/posts/democrats-make-huge-gains-on-generic-ballot,Online Opt-In Panel,FALSE,NA,NA
McLaughlin & Associates,America's New Majority Project,2025-04-16,2025-04-19,2000,RV,44.5,44.3,https://americasnewmajorityproject.com/most-support-blocking-states-from-giving-medicaid-to-illegal-immigrants/,Online Opt-In Panel,FALSE,REP,NA
Beacon Research/Shaw & Co. Research,Fox News,2025-04-18,2025-04-21,1104,RV,49,42,https://www.foxnews.com/official-polls/fox-news-poll-democrats-favorability-hits-new-low-still-favored-over-gop-2026-midterms,Live Phone/Text-to-Web,FALSE,NA,NA
The New York Times/Siena College,NA,2025-04-21,2025-04-24,913,RV,47,44,https://www.nytimes.com/2025/04/25/us/politics/trump-poll-approval.html,IVR/Live Phone,FALSE,NA,NA
McLaughlin & Associates,NA,2025-04-22,2025-04-29,1000,LV,43,45,https://mclaughlinonline.com/pols/wp-content/uploads/2025/05/National-April-Presentation-RELEASE-04-29-25.pdf,Online Opt-In Panel,FALSE,NA,NA
NewsNation,NA,2025-04-23,2025-04-27,1448,RV,45,40,https://www.newsnationnow.com/politics/recession-inflation-immigration-ddhq-poll/,Online Opt-In Panel,FALSE,NA,NA
Verasight,Strength In Numbers,2025-05-01,2025-05-06,1000,A,47,41,https://www.gelliottmorris.com/p/new-poll-americans-oppose-trumps,Text/Online Ad/Email,FALSE,NA,NA
Big Data Poll,Public Polling Project,2025-05-03,2025-05-05,3128,RV,40.2,42.3,https://www.bigdatapoll.com/blog/poll-trump-approval-tempered-by-economic-concerns/,Live Phone/Online Opt-In Panel/Text-to-Web/Text,FALSE,NA,NA
Quantus Insights,TrendingPolitics,2025-05-05,2025-05-07,1000,RV,45.2,44.8,https://quantusinsights.org/f/the-nation-divided-the-president-holding-ground,Online Opt-In Panel/Text-to-Web,FALSE,REP,NA
Cygnal,NA,2025-05-06,2025-05-08,1500,LV,47.1,46.6,https://www.cygn.al/poll-aoc-more-popular-than-schumer-trump-image-improving-republicans-decimating-democrats-on-key-issue-trust-and-more/,NA,FALSE,NA,NA
co/efficient,NA,2025-05-07,2025-05-09,1462,LV,45,42,https://coefficient.org/national-approval-study/,NA,FALSE,REP,NA
Echelon Insights,NA,2025-05-08,2025-05-12,1000,LV,47,48,https://echeloninsights.com/in-the-news/may-2025-verified-voter-omnibus-2-2-2-2-2/,Online Opt-In Panel,FALSE,NA,NA
Fabrizio Ward,Pinpoint Policy Institute,2025-05-15,2025-05-19,800,RV,42,42,https://pinpointpolicyinstitute.org/pinpoint-policy-institute-quarterly-economic-tracking-poll/,Text-to-Web,FALSE,NA,NA
YouGov,The Economist,2025-05-16,2025-05-19,1558,RV,43,42,https://today.yougov.com/topics/politics/trackers/congressional-ballot-voting-intention,Online Matched Sample,FALSE,NA,NA
RMG Research,Napolitan Institute,2025-05-20,2025-05-21,1000,RV,48,45,https://napolitannews.org/posts/generic-ballot-gop-43-percent-dem-43,Online Opt-In Panel,FALSE,NA,NA
AtlasIntel,NA,2025-05-21,2025-05-27,3469,A,50.9,41.7,https://cdn.atlasintel.org/20c89f8f-d65e-4991-a491-388ae96986c9.pdf,Online Ad,FALSE,NA,NA
McLaughlin & Associates,NA,2025-05-21,2025-05-26,1000,LV,43,47,https://mclaughlinonline.com/pols/wp-content/uploads/2025/05/National-May-Presentation-RELEASE-05-27-25.pdf,Online Opt-In Panel,FALSE,NA,NA
YouGov,The Economist,2025-05-23,2025-05-26,1486,RV,43,41,https://today.yougov.com/topics/politics/trackers/congressional-ballot-voting-intention,Online Matched Sample,FALSE,NA,NA
YouGov,The Economist,2025-05-30,2025-06-02,1610,A,39,36,https://d3nkl3psvxxpe9.cloudfront.net/documents/econtoplines_uOptfZ9.pdf,Online Matched Sample,FALSE,NA,NA
YouGov,The Economist,2025-05-30,2025-06-02,1436,RV,44,42,https://d3nkl3psvxxpe9.cloudfront.net/documents/econtoplines_uOptfZ9.pdf,Online Matched Sample,FALSE,NA,NA
Quantus Insights,TrendingPolitics,2025-06-01,2025-06-04,1000,RV,46,45,https://quantusinsights.org/f/quantus-insights-approval-poll-the-divide-holds,Online Opt-In Panel/Text-to-Web,FALSE,REP,NA
Cygnal,NA,2025-06-03,2025-06-04,1500,LV,47.2,46.9,https://www.cygn.al/national-poll-record-number-say-nation-is-on-right-track-voters-back-trumps-one-big-beautiful-bill-for-tax-relief-and-border-security/,NA,FALSE,NA,NA
Clarity Campaign Labs,NA,2025-06-05,2025-06-14,1000,RV,50,45,https://static1.squarespace.com/static/61ae8d5e55be5c7314b4c83a/t/6852fc5a3ac4c05449fc450e/1750269023826/Clarity+Omnibus+Overview+-+June+2025+%5BPUBLIC%5D.pdf,Online Opt-In Panel,FALSE,NA,NA
J.L. Partners,Daily Mail,2025-06-06,2025-06-06,1006,RV,42,35,https://www.dailymail.co.uk/news/article-14796175/polling-donald-trump-2024-election-elon-musk.html,Online Opt-In Panel,FALSE,NA,NA
YouGov,The Economist,2025-06-06,2025-06-09,1397,RV,44,43,https://today.yougov.com/topics/politics/trackers/congressional-ballot-voting-intention,Online Matched Sample,FALSE,NA,NA
Verasight,Strength In Numbers,2025-06-06,2025-06-12,1500,A,45,37,https://www.gelliottmorris.com/p/trump-approval-at-42-democrats-up,Text/Online Ad/Email,FALSE,NA,NA
RMG Research,Napolitan Institute,2025-06-09,2025-06-09,1000,RV,35,35,https://napolitannews.org/posts/musk-3rd-party-would-get-8-percent-of-voters,Online Opt-In Panel,FALSE,NA,NA
McLaughlin & Associates,Club for Growth (PAC),2025-06-09,2025-06-11,1000,LV,44,46,https://www.clubforgrowth.org/icymi-new-cfg-poll-finds-vast-majority-of-republicans-democrats-support-school-freedom-bills/,Online Opt-In Panel,FALSE,REP,NA
Quantus Insights,TrendingPolitics,2025-06-09,2025-06-11,1000,RV,43,43,https://quantus.substack.com/p/quantus-insights-june-12-national,Online Opt-In Panel/Text-to-Web,FALSE,REP,NA
McLaughlin & Associates,NA,2025-06-10,2025-06-15,1000,LV,42,47,https://mclaughlinonline.com/pols/wp-content/uploads/2025/06/National-June-Presentation-RELEASE-6-16-25.pdf,Online Opt-In Panel,FALSE,NA,NA
McLaughlin & Associates,America's New Majority Project,2025-06-12,2025-06-15,1637,LV,47.2,46.4,https://americasnewmajorityproject.com/how-to-talk-about-taxes-and-the-budget-bill-what-voters-respond-to-best/,Online Opt-In Panel,FALSE,REP,NA
co/efficient,NA,2025-06-12,2025-06-16,1035,LV,46,46,https://coefficient.org/one-big-beautiful-bill/,Text,FALSE,REP,NA
The Winston Group,Winning the Issues,2025-06-12,2025-06-14,1000,RV,46,42,https://www.winningtheissues.org/2025/06/30/winning-the-issues-june-2025-national-survey/,NA,FALSE,REP,NA
McLaughlin & Associates,America's New Majority Project,2025-06-12,2025-06-15,2000,RV,45.5,44.1,https://americasnewmajorityproject.com/how-to-talk-about-taxes-and-the-budget-bill-what-voters-respond-to-best/,Online Opt-In Panel,FALSE,REP,NA
Echelon Insights,NA,2025-06-12,2025-06-17,982,LV,47,48,https://echeloninsights.com/in-the-news/june-2025-verified-voter-omnibus-2-2-2-2-2-2/,Online Opt-In Panel,FALSE,NA,NA
YouGov,The Economist,2025-06-13,2025-06-16,1351,RV,44,41,https://today.yougov.com/topics/politics/trackers/congressional-ballot-voting-intention,Online Matched Sample,FALSE,NA,NA
Echelon Insights,NA,2025-06-17,2025-06-18,1002,LV,47,48,https://echeloninsights.com/in-the-news/middle-east-update/,Online Opt-In Panel,FALSE,NA,NA
RMG Research,Napolitan Institute,2025-06-18,2025-06-19,1000,RV,44,52,https://napolitannews.org/posts/generic-ballot-gop-holds-largest-lead-of-the-year,Online Opt-In Panel,FALSE,NA,NA
Cygnal,NA,2025-06-19,2025-06-21,800,LV,48.4,46,https://www.cygn.al/poll-bitcoin-owners-lean-republican-emerging-as-sought-after-voting-bloc-in-2026-elections/,NA,FALSE,NA,NA
YouGov,The Economist,2025-06-20,2025-06-23,1455,RV,44,40,https://today.yougov.com/topics/politics/trackers/congressional-ballot-voting-intention,Online Matched Sample,FALSE,NA,NA
Quantus Insights,NA,2025-06-23,2025-06-25,1000,RV,43,42,https://quantusinsights.org/f/quantus-insights-june-26-2025-national-political-survey,Online Opt-In Panel/Text-to-Web,FALSE,NA,NA
American Pulse Research & Polling,NA,2025-06-23,2025-06-25,633,RV,46.6,42.4,https://www.americanpulse.us/thankyou-pollresults-publicopinion-post-landscape-shaping-events-2,Live Phone/Online Opt-In Panel/Text-to-Web,FALSE,NA,NA
Emerson College,NA,2025-06-24,2025-06-25,1000,RV,42.5,39.8,https://emersoncollegepolling.com/june-national-poll/,Online Opt-In Panel/Text-to-Web,FALSE,NA,NA
YouGov,The Economist,2025-06-27,2025-06-30,1491,RV,44,40,https://today.yougov.com/topics/politics/trackers/congressional-ballot-voting-intention,Online Matched Sample,FALSE,NA,NA
Cygnal,NA,2025-07-01,2025-07-02,1500,LV,47.1,45.7,https://www.cygn.al/poll-karens-freak-out-over-ice-raids-as-hispanic-support-for-deportations-surges/,NA,FALSE,NA,NA
YouGov,The Economist,2025-07-04,2025-07-07,1389,RV,43,40,https://today.yougov.com/topics/politics/trackers/congressional-ballot-voting-intention,Online Matched Sample,FALSE,NA,NA
McLaughlin & Associates,NA,2025-07-09,2025-07-14,1000,LV,42,47,https://mclaughlinonline.com/2025/07/17/ma-poll-national-monthly-july-2025/,Online Opt-In Panel,FALSE,NA,NA
Echelon Insights,NA,2025-07-10,2025-07-14,1084,LV,47,48,https://echeloninsights.com/in-the-news/july-2025-verified-voter-omnibus-2-2-2-2-2-2-2/,Online Opt-In Panel,FALSE,NA,NA
Echelon Insights,NA,2025-07-10,2025-07-14,1084,LV,45,41,https://echeloninsights.com/in-the-news/july-2025-verified-voter-omnibus-2-2-2-2-2-2-2/,Online Opt-In Panel,FALSE,NA,NA
YouGov,The Economist,2025-07-11,2025-07-14,1506,RV,43,39,https://today.yougov.com/topics/politics/trackers/congressional-ballot-voting-intention,Online Matched Sample,FALSE,NA,NA
Big Data Poll,Public Polling Project,2025-07-12,2025-07-14,3022,RV,42.3,41.1,https://www.bigdatapoll.com/blog/poll-trump-approval-turns-slightly-negative-in-july/,Live Phone/Online Opt-In Panel/Text-to-Web/Text,FALSE,NA,NA
AtlasIntel,NA,2025-07-13,2025-07-18,1935,A,51.3,42.7,https://atlasintel.org/poll/usa-national-2025-07-18,Online Ad,FALSE,NA,NA
RMG Research,Napolitan Institute,2025-07-14,2025-07-16,2000,RV,45,49,https://napolitannews.org/posts/generic-ballot-july-2025-republicans-46-percent-democrats-42,Online Opt-In Panel,FALSE,NA,NA
Quantus Insights,NA,2025-07-14,2025-07-16,1000,RV,44,42,https://quantusinsights.org/f/quantus-insights-survey-what-julys-numbers-tell-us,Online Opt-In Panel/Text-to-Web,FALSE,NA,NA
Verasight,Strength In Numbers,2025-07-14,2025-07-16,1500,A,47,43,https://www.gelliottmorris.com/p/new-poll-dems-lead-house-generic,Text/Online Ad/Email,FALSE,NA,NA
"Fabrizio, Lee & Associates/Impact Research",The Wall Street Journal,2025-07-16,2025-07-20,1500,RV,46,43,https://www.wsj.com/politics/elections/trump-approval-rating-poll-july-2025-745b0f5f,Live Phone/Text-to-Web,FALSE,NA,NA
YouGov,The Economist,2025-07-18,2025-07-21,1551,RV,44,41,https://today.yougov.com/topics/politics/trackers/congressional-ballot-voting-intention,Online Matched Sample,FALSE,NA,NA
Emerson College,Nexstar,2025-07-21,2025-07-22,1400,RV,44,41.5,https://www.conchovalleyhomepage.com/news/majority-disapprove-of-trumps-handling-of-epstein-files-emerson-college-polling-survey/,NA,FALSE,NA,NA
McLaughlin & Associates,America's New Majority Project,2025-07-21,2025-07-24,1633,LV,48,43.9,https://americasnewmajorityproject.com/winning-with-one-big-beautiful-bill/,Online Opt-In Panel,FALSE,REP,NA
McLaughlin & Associates,America's New Majority Project,2025-07-21,2025-07-24,2000,RV,45.5,42.8,https://americasnewmajorityproject.com/winning-with-one-big-beautiful-bill/,Online Opt-In Panel,FALSE,REP,NA
YouGov,Yahoo News,2025-07-24,2025-07-28,1167,RV,46,39,https://d3nkl3psvxxpe9.cloudfront.net/documents/20250728_yahoo.pdf,Online Matched Sample,FALSE,NA,NA
Clarity Campaign Labs,NA,2025-07-24,2025-07-31,1018,RV,51,43,https://static1.squarespace.com/static/61ae8d5e55be5c7314b4c83a/t/68936b40c111f97bb04773dd/1754491714447/Clarity+Omnibus+Overview+-+July+2025+%5BPUBLIC%5D.pdf,Online Opt-In Panel,FALSE,NA,NA
YouGov,The Economist,2025-07-25,2025-07-28,1610,RV,43,41,https://today.yougov.com/topics/politics/trackers/congressional-ballot-voting-intention,Online Matched Sample,FALSE,NA,NA
Hart Research Associates/Public Opinion Strategies,CNBC,2025-07-29,2025-08-03,NA,RV,49,44,https://www.cnbc.com/video/2025/08/07/cnbc-all-america-economic-survey-45-percent-approve-of-pres-trumps-handling-of-the-economy.html,NA,FALSE,NA,NA
YouGov,The Economist,2025-08-01,2025-08-04,1528,RV,43.7,38.4,https://today.yougov.com/topics/politics/trackers/congressional-ballot-voting-intention,Online Matched Sample,FALSE,NA,NA
Cygnal,NA,2025-08-07,2025-08-09,1500,LV,47.4,46.4,https://www.cygn.al/national-poll-69-percent-of-americans-reject-race-based-redistricting-views-on-the-american-dream-on-life-support-and-the-fed-gets-low-marks-on-handling-of-interest-rates/,NA,FALSE,NA,NA
The Argument/Verasight,NA,2025-08-08,2025-08-17,1562,RV,50.7,49.3,https://www.theargumentmag.com/p/when-americans-bite-their-tongues,Text/Online Ad/Email,FALSE,NA,NA
YouGov,The Economist,2025-08-09,2025-08-11,1635,A,38,35,https://d3nkl3psvxxpe9.cloudfront.net/documents/econtoplines_V8D6b4L.pdf,Online Matched Sample,FALSE,NA,NA
YouGov,The Economist,2025-08-09,2025-08-11,1474,RV,42,40,https://d3nkl3psvxxpe9.cloudfront.net/documents/econtoplines_V8D6b4L.pdf,Online Matched Sample,FALSE,NA,NA
Quantus Insights,NA,2025-08-11,2025-08-13,1000,RV,45,42,https://quantusinsights.org/f/middle-america-shrugs-inflation-fatigue-and-electoral-flux,Online Opt-In Panel/Text-to-Web,FALSE,NA,NA
Echelon Insights,NA,2025-08-14,2025-08-17,1057,LV,47,46,https://echeloninsights.com/in-the-news/august-2025-verified-voter-omnibus/,Online Opt-In Panel,FALSE,NA,NA
YouGov,The Economist,2025-08-15,2025-08-18,1568,A,41,33,https://d3nkl3psvxxpe9.cloudfront.net/documents/econtoplines_ep7WXyn.pdf,Online Matched Sample,FALSE,NA,NA
YouGov,The Economist,2025-08-15,2025-08-18,1408,RV,44,39,https://d3nkl3psvxxpe9.cloudfront.net/documents/econtoplines_ep7WXyn.pdf,Online Matched Sample,FALSE,NA,NA
Verasight,Strength In Numbers,2025-08-18,2025-08-21,1500,A,49,41,https://www.gelliottmorris.com/p/democrats-lead-the-us-house-generic,Text/Online Ad/Email,FALSE,NA,NA
RMG Research,Napolitan Institute,2025-08-18,2025-08-21,2000,RV,47,47,https://napolitannews.org/posts/generic-ballot-gop-44-percent-dem-44,Online Opt-In Panel,TRUE,NA,NA
SoCal Strategies,"Red Eagle Politics, On Point Politics",2025-08-18,2025-08-18,700,A,42,37,https://substack.com/inbox/post/171344467?r=4aupgp,Online Opt-In Panel,FALSE,REP,NA
SSRS,CNN,2025-08-21,2025-09-01,2077,A,52,47,https://www.cnn.com/2025/09/26/politics/us-politics-negative-sentiment-republicans-democrats,Live Phone/Probability Panel,FALSE,NA,NA
McLaughlin & Associates,NA,2025-08-21,2025-08-26,1000,LV,45,47,https://mclaughlinonline.com/2025/09/02/national-monthly-august-2025/?utm_source=rss&utm_medium=rss&utm_campaign=national-monthly-august-2025,Online Opt-In Panel,FALSE,NA,NA
SSRS,CNN,2025-08-21,2025-09-01,1768,RV,52,48,https://www.cnn.com/2025/09/26/politics/us-politics-negative-sentiment-republicans-democrats,Live Phone/Probability Panel,FALSE,NA,NA
YouGov,The Economist,2025-08-22,2025-08-25,1377,RV,43,41,https://d3nkl3psvxxpe9.cloudfront.net/documents/econtoplines_ziFpJLd.pdf,Online Matched Sample,FALSE,NA,NA
Ipsos,Reuters,2025-08-22,2025-08-24,1022,A,38,34,https://www.ipsos.com/en-us/ipsos-core-political-survey-presidential-approval-tracker-august-2025,Probability Panel,FALSE,NA,NA
YouGov,The Economist,2025-08-22,2025-08-25,1523,A,41,36,https://d3nkl3psvxxpe9.cloudfront.net/documents/econtoplines_ziFpJLd.pdf,Online Matched Sample,FALSE,NA,NA
Emerson College,NA,2025-08-25,2025-08-26,1000,RV,43.3,43,https://emersoncollegepolling.com/august-2025-national/,Online Opt-In Panel/Text-to-Web/Email,FALSE,NA,NA
Morning Consult,NA,2025-08-29,2025-08-31,2202,RV,45,41,https://links.morningconsult.com/s/vb/zpOJTp1fd-BIR_rEUoDVVpbxjXadg6zyKojmasnqASm1Hp621kq0xaatdElmOwOyNR5BxVXYL1h85IVSEMQ-rZTd-Yz0U-hjJgu1WfIkrldD66UKOSCLbrYHiSzLtKjUuUOD33LEK9wVgTQl22Ic8BUrAP0z3AlRWdSJsA/dAaqMr_Kzp13zZAl6CKc8AYgFM7Csr5U/12,Online Opt-In Panel,FALSE,NA,NA
YouGov,Yahoo News,2025-08-29,2025-09-02,1136,RV,44,40,https://www.scribd.com/document/911899946/Yahoo-YouGov-Newsom-Poll-August-2025,Online Matched Sample,FALSE,NA,NA
YouGov,The Economist,2025-08-29,2025-09-02,1549,RV,43,39,https://d3nkl3psvxxpe9.cloudfront.net/documents/econtoplines_yFjgYJq.pdf,Online Matched Sample,FALSE,NA,NA
YouGov,The Economist,2025-08-29,2025-09-02,1691,A,38,34,https://d3nkl3psvxxpe9.cloudfront.net/documents/econtoplines_yFjgYJq.pdf,Online Matched Sample,FALSE,NA,NA
Cygnal,NA,2025-09-02,2025-09-03,1500,LV,47.6,45.2,https://www.cygn.al/poll-optimism-drops-while-trump-gop-maintain-issue-trust-with-midterm-voters-including-on-inflation-crime/,NA,FALSE,NA,NA
Clarity Campaign Labs,NA,2025-09-04,2025-09-11,1001,RV,50,44,https://www.claritycampaigns.com/clarity-omnibus-september-2025,Online Opt-In Panel,FALSE,NA,NA
YouGov,The Economist,2025-09-05,2025-09-08,1644,A,39,36,https://d3nkl3psvxxpe9.cloudfront.net/documents/econtoplines_7flqP0S.pdf,Online Matched Sample,FALSE,NA,NA
YouGov,The Economist,2025-09-05,2025-09-08,1487,RV,44,40,https://d3nkl3psvxxpe9.cloudfront.net/documents/econtoplines_7flqP0S.pdf,Online Matched Sample,FALSE,NA,NA
YouGov,The Economist,2025-09-12,2025-09-15,1420,RV,43,41,https://d3nkl3psvxxpe9.cloudfront.net/documents/econtoplines_XBYs983.pdf,Online Matched Sample,FALSE,NA,NA
YouGov,The Economist,2025-09-12,2025-09-15,1567,A,37,33,https://d3nkl3psvxxpe9.cloudfront.net/documents/econtoplines_XBYs983.pdf,Online Matched Sample,FALSE,NA,NA
AtlasIntel,NA,2025-09-12,2025-09-16,1066,A,51.8,43.5,https://atlasintel.org/poll/usa-national-2025-09-19,Online Ad,FALSE,NA,NA
Verasight,Strength In Numbers,2025-09-15,2025-09-19,1500,A,47,42,https://www.gelliottmorris.com/p/new-poll-voters-to-blame-republicans-for-shutdown,Text/Online Ad/Email,FALSE,NA,NA
The Argument/Verasight,NA,2025-09-15,2025-09-18,1541,RV,53,47,https://www.theargumentmag.com/p/chatgpt-and-the-end-of-learning,Text/Online Ad/Email,FALSE,NA,NA
McLaughlin & Associates,NA,2025-09-17,2025-09-22,1000,LV,41,47,https://mclaughlinonline.com/2025/09/30/national-monthly-september-2025/,Online Opt-In Panel,FALSE,NA,NA
Echelon Insights,NA,2025-09-18,2025-09-22,1071,LV,47,46,https://echeloninsights.com/in-the-news/september-2025-verified-voter-omnibus/,Online Opt-In Panel,FALSE,NA,NA
YouGov,The Economist,2025-09-19,2025-09-22,1551,A,39,35,https://d3nkl3psvxxpe9.cloudfront.net/documents/econtoplines_EYduduY.pdf,Online Matched Sample,FALSE,NA,NA
YouGov,The Economist,2025-09-19,2025-09-22,1392,RV,45,42,https://d3nkl3psvxxpe9.cloudfront.net/documents/econtoplines_EYduduY.pdf,Online Matched Sample,FALSE,NA,NA
RMG Research,Napolitan Institute,2025-09-22,2025-09-24,2000,RV,45,46,https://napolitannews.org/posts/generic-ballot-gop-43-percent-dem-41,Online Opt-In Panel,FALSE,NA,NA
The New York Times/Siena College,NA,2025-09-22,2025-09-27,1313,RV,47,45,https://www.nytimes.com/2025/09/30/polls/trump-approval-poll.html,Live Phone/Text-to-Web,FALSE,NA,NA
YouGov,Yahoo News,2025-09-25,2025-09-29,1126,RV,44,40,https://www.yahoo.com/entertainment/tv/article/poll-americans-approve-of-jimmy-kimmels-return-to-tv-by-a-more-than-2-to-1-margin-183746388.html,Online Matched Sample,FALSE,NA,NA
YouGov,The Economist,2025-09-26,2025-09-29,1656,A,41,35,https://today.yougov.com/politics/articles/53094-donald-trump-approval-rebound-government-shutdown-chances-james-comey-flu-covid-vaccines-economy-september-26-29-2025-economist-yougov-poll,Online Matched Sample,FALSE,NA,NA
YouGov,The Economist,2025-09-26,2025-09-29,1518,RV,44,41,https://today.yougov.com/politics/articles/53094-donald-trump-approval-rebound-government-shutdown-chances-james-comey-flu-covid-vaccines-economy-september-26-29-2025-economist-yougov-poll,Online Matched Sample,FALSE,NA,NA
Morning Consult,NA,2025-10-03,2025-10-05,2200,RV,46,43,https://pro.morningconsult.com/analysis/government-shutdown-polling-october-2025,Online Opt-In Panel,FALSE,NA,NA
YouGov,The Economist,2025-10-04,2025-10-06,1648,A,39,33,https://today.yougov.com/politics/articles/53131-government-shutdown-2026-congressional-election-donald-trump-job-approval-the-economy-october-4-6-2025-economist-yougov-poll,Online Matched Sample,FALSE,NA,NA
YouGov,The Economist,2025-10-04,2025-10-06,1490,RV,44,39,https://today.yougov.com/politics/articles/53131-government-shutdown-2026-congressional-election-donald-trump-job-approval-the-economy-october-4-6-2025-economist-yougov-poll,Online Matched Sample,FALSE,NA,NA
Quantus Insights,NA,2025-10-06,2025-10-08,1000,LV,42,43,https://quantusinsights.org/f/the-nation%E2%80%99s-pulse-trump-approval-poll-october-2025#ddfaccf9-bede-412a-8ce9-6f9ddda07554,Online Opt-In Panel/Text-to-Web,FALSE,NA,NA
Cygnal,NA,2025-10-07,2025-10-08,1500,LV,47.5,45.3,https://www.cygn.al/poll-42-of-liberals-approve-of-law-breaking-in-response-to-disagreeing-with-a-government-action/,NA,FALSE,NA,NA
YouGov,The Economist,2025-10-10,2025-10-13,1467,RV,43,40,https://d3nkl3psvxxpe9.cloudfront.net/documents/econtoplines_GWBYlDD.pdf,Online Matched Sample,FALSE,NA,NA
YouGov,The Economist,2025-10-10,2025-10-13,1622,A,39,34,https://d3nkl3psvxxpe9.cloudfront.net/documents/econtoplines_GWBYlDD.pdf,Online Matched Sample,FALSE,NA,NA
OH Predictive Insights,Center Square,2025-10-02,2025-10-06,2565,RV,45,43,https://www.thecentersquare.com/north_carolina/article_1ca4f129-6cbd-4a04-a83b-4e98ad17c137.html,NA,FALSE,NA,NA
Emerson College,NA,2025-10-13,2025-10-14,1000,RV,44,43,https://emersoncollegepolling.com/october-2025-poll/,Online Opt-In Panel/Text-to-Web/Email,FALSE,NA,NA
Hart Research Associates/Public Opinion Strategies,CNBC,2025-10-08,2025-10-12,NA,RV,48,47,https://www.cnbc.com/2025/10/17/trumps-economic-approval-rating-drops-says-cnbc-survey.html,NA,FALSE,NA,NA
J.L. Partners,Daily Mail,2025-10-14,2025-10-15,1004,RV,43,37,https://www.dailymail.co.uk/news/article-15199427/donald-trump-polling-peace-president.html,NA,FALSE,NA,NA
Ipsos,Reuters,2025-10-15,2025-10-20,3439,RV,41,38,https://www.reuters.com/world/us/trumps-approval-edges-up-despite-americans-blaming-republicans-shutdown-2025-10-21/,Probability Panel,FALSE,NA,NA
YouGov,The Economist,2025-10-17,2025-10-20,1447,RV,45,40,https://d3nkl3psvxxpe9.cloudfront.net/documents/econtoplines_9BPkYGS.pdf,Online Matched Sample,FALSE,NA,NA
Echelon Insights,NA,2025-10-16,2025-10-20,1010,LV,48,46,https://echeloninsights.com/in-the-news/october-2025-verified-voter-omnibus-2/,Online Opt-In Panel,FALSE,NA,NA
Morning Consult,NA,2025-10-17,2025-10-19,2200,RV,46,43,https://pro.morningconsult.com/trackers/donald-trump-congress-policy-republicans-polling,Online Opt-In Panel,FALSE,NA,NA
Public Religion Research Institute,"Brookings Institute, Carnegie Corporation of New York, Ford Foundation, Unitarian Universalist Veatch Program at Shelter Rock",2025-08-15,2025-09-08,5543,A,33,30,https://prri.org/research/trumps-unprecedented-actions-deepen-asymmetric-divides/,Probability Panel,FALSE,NA,NA
Quinnipiac University,NA,2025-10-16,2025-10-20,1327,RV,50,41,https://poll.qu.edu/poll-release?releaseid=3938,Live Phone,FALSE,NA,NA
The Argument/Verasight,NA,2025-10-10,2025-10-16,1530,RV,51,49,https://www.theargumentmag.com/p/the-immigration-problem-is-a-crime,Text/Online Ad/Email,FALSE,NA,NA
Morning Consult,NA,2025-10-24,2025-10-26,2202,RV,45,42,https://pro.morningconsult.com/trackers/donald-trump-congress-policy-republicans-polling,Online Opt-In Panel,FALSE,NA,NA
"Normington, Petts & Associates",Third Way,2025-09-11,2025-09-16,800,RV,51,49,https://www.thirdway.org/memo/americans-caught-between-trumps-cruelty-and-democrats-chaos,NA,FALSE,NA,NA
YouGov,The Economist,2025-10-24,2025-10-27,1472,RV,43,40,https://d3nkl3psvxxpe9.cloudfront.net/documents/econtoplines_6P3FccQ.pdf,Online Matched Sample,FALSE,NA,NA
YouGov,Yahoo News,2025-10-23,2025-10-27,1197,RV,45,40,https://www.scribd.com/document/940273112/Yahoo-YouGov-Shutdown-Poll-October-2025,Online Matched Sample,FALSE,NA,NA
Ipsos,Reuters,2025-10-24,2025-10-26,805,RV,39,39,https://www.reuters.com/world/us/trumps-popularity-dips-americans-sweat-cost-living-reutersipsos-poll-finds-2025-10-28/,Probability Panel,FALSE,NA,NA
University of Massachusetts Lowell,NA,2025-10-16,2025-10-20,1000,A,38,35,https://www.uml.edu/news/press-releases/2025/national-poll-10292025.aspx,Online Matched Sample,FALSE,NA,NA
Big Data Poll,Public Polling Project,2025-10-26,2025-10-28,2984,RV,43,41,https://www.bigdatapoll.com/blog/trumps-approval-rating-declines-further-in-october/,Live Phone/Online Opt-In Panel/Text-to-Web/Text,FALSE,NA,NA
Clarity Campaign Labs,NA,2025-10-16,2025-10-23,1047,RV,47,46,https://www.claritycampaigns.com/clarity-omnibus-oct-2025,Online Opt-In Panel,FALSE,NA,NA
McLaughlin & Associates,NA,2025-10-21,2025-10-27,1000,LV,44,46,https://mclaughlinonline.com/2025/10/30/national-monthly-october-2025/,Online Opt-In Panel,FALSE,NA,NA
Verasight,Strength In Numbers,2025-10-24,2025-10-29,1352,LV,49,41,https://www.gelliottmorris.com/p/new-poll-voters-want-democrats-to,Text/Online Ad/Email,FALSE,NA,NA
Ipsos,ABC News | The Washington Post,2025-10-24,2025-10-28,2203,RV,46,44,https://www.washingtonpost.com/politics/2025/11/02/trump-democrats-poll-post-abc-ipsos/,Probability Panel,FALSE,NA,NA
Hart Research Associates/Public Opinion Strategies,NBC News,2025-10-24,2025-10-28,1000,RV,50,42,https://www.nbcnews.com/politics/elections/poll-frustration-trump-gives-democrats-opening-year-midterms-rcna240551,NA,FALSE,NA,NA
NewsNation,Decision Desk HQ,2025-10-27,2025-10-29,1158,LV,47,47,https://www.newsnationnow.com/polls/,Online Opt-In Panel,FALSE,NA,NA
SSRS,CNN,2025-10-27,2025-10-30,954,RV,47,42,https://s3.documentcloud.org/documents/26211915/cnn-poll-trump-midterms-east-wing-parties.pdf,Probability Panel,FALSE,NA,NA
Morning Consult,NA,2025-10-31,2025-11-02,2202,RV,45,42,https://pro.morningconsult.com/trackers/donald-trump-congress-policy-republicans-polling,Online Opt-In Panel,FALSE,NA,NA
YouGov,The Economist,2025-10-31,2025-11-03,1470,RV,44,41,https://d3nkl3psvxxpe9.cloudfront.net/documents/econTabReport_5RO6eos.pdf,Online Matched Sample,FALSE,NA,NA
Emerson College,NA,2025-11-03,2025-11-04,1000,RV,44,40,https://emersoncollegepolling.com/november-2025-national-poll/,Online Opt-In Panel/Text-to-Web,FALSE,NA,NA
Morning Consult,NA,2025-11-07,2025-11-09,2201,RV,48,43,https://pro.morningconsult.com/trackers/donald-trump-congress-policy-republicans-polling,Online Opt-In Panel,FALSE,NA,NA
YouGov,The Economist,2025-11-07,2025-11-10,1499,RV,46,39,https://d3nkl3psvxxpe9.cloudfront.net/documents/econtoplines_L33vOWV.pdf,Online Matched Sample,FALSE,NA,NA
Ipsos,Reuters,2025-11-07,2025-11-12,938,RV,41,40,https://www.reuters.com/world/us/democrats-more-energized-2026-elections-than-republicans-reutersipsos-poll-finds-2025-11-13/,Probability Panel,FALSE,NA,NA
Cygnal,NA,2025-11-05,2025-11-06,1500,LV,50,44,https://www.cygn.al/poll-voters-say-less-socialism-more-stabilityeconomic-concerns-surge-heading-into-2026/,NA,FALSE,NA,NA
Quantus Insights,NA,2025-11-11,2025-11-12,1000,RV,44,39,https://quantusinsights.org/f/survey-shows-public-discontent-with-trump-direction-of-us,Online Opt-In Panel/Text-to-Web,FALSE,NA,NA
Morning Consult,NA,2025-11-14,2025-11-16,2201,RV,46,44,https://pro.morningconsult.com/trackers/donald-trump-congress-policy-republicans-polling,Online Opt-In Panel,FALSE,NA,NA
Echelon Insights,NA,2025-11-13,2025-11-17,1051,LV,49,45,https://echeloninsights.com/in-the-news/november-2025-verified-voter-omnibus/,Online Opt-In Panel,FALSE,NA,NA
Verasight,Strength In Numbers,2025-11-12,2025-11-14,860,LV,49,45,https://www.gelliottmorris.com/p/new-poll-democrats-lead-the-2026,Text/Online Ad/Email,FALSE,NA,NA
YouGov,The Economist,2025-11-15,2025-11-17,1380,RV,43,40,https://d3nkl3psvxxpe9.cloudfront.net/documents/econTabReport_Hb6uOe2.pdf,Online Matched Sample,FALSE,NA,NA
Ipsos,Reuters,2025-11-14,2025-11-17,818,RV,38,36,https://www.reuters.com/world/us/trump-approval-falls-lowest-his-term-over-prices-epstein-files-reutersipsos-poll-2025-11-18/,Probability Panel,FALSE,NA,NA
Marist College,NPR | PBS News,2025-11-10,2025-11-13,1291,RV,55,41,https://maristpoll.marist.edu/polls/a-look-to-the-2026-midterms-november-2025/,Live Phone/Online Opt-In Panel/Text-to-Web,FALSE,NA,NA
Marquette University Law School,NA,2025-11-05,2025-11-12,903,RV,49,44,https://law.marquette.edu/poll/2025/11/18/detailed-results-of-the-marquette-law-school-supreme-court-poll-nov-5-12-2025-national-issues/,Probability Panel,FALSE,NA,NA
The Argument/Verasight,NA,2025-11-10,2025-11-17,1508,RV,53,47,https://www.theargumentmag.com/p/2026-is-looking-terrible-for-republicans,Text/Online Ad/Email,FALSE,NA,NA
RMG Research,Napolitan News Service,2025-10-27,2025-10-30,2000,RV,44,46,https://napolitannews.org/posts/generic-ballot-gop-43-percent-dem-42,Online Opt-In Panel,FALSE,NA,NA
Morning Consult,NA,2025-11-21,2025-11-23,2200,RV,45,43,https://pro.morningconsult.com/trackers/donald-trump-congress-policy-republicans-polling,Online Opt-In Panel,FALSE,NA,NA
YouGov,The Economist,2025-11-21,2025-11-24,1511,RV,44,39,https://d3nkl3psvxxpe9.cloudfront.net/documents/econTabReport_dEPgjvs.pdf,Online Matched Sample,FALSE,NA,NA
High Point University,NA,2025-11-10,2025-11-14,837,RV,48,39,https://www.highpoint.edu/src/files/2023/08/HPUPoll-115-and-116-Memo.pdf,Online Opt-In Panel,FALSE,NA,NA
J.L. Partners,Daily Mail,2025-11-19,2025-11-20,797,LV,50,46,https://jlpartners.com/nov25-rv,NA,FALSE,NA,NA
YouGov,Yahoo News,2025-11-21,2025-11-24,1131,RV,43,40,https://www.scribd.com/document/955164028/Yahoo-YouGov-Epstein-Poll-November-2025,Online Matched Sample,FALSE,NA,NA
McLaughlin & Associates,NA,2025-11-17,2025-11-24,1000,LV,45,44,https://mclaughlinonline.com/2025/11/26/national-monthly-november-2025/,Online Opt-In Panel,FALSE,NA,NA
The Bullfinch Group,NA,2025-11-21,2025-11-25,1000,RV,41,35,https://www.thebullfinchgroup.com/post/public-release-of-bullfinch-q4-nationwide-survey-3,Online Opt-In Panel/Text-to-Web,FALSE,NA,NA
Morning Consult,NA,2025-11-26,2025-11-30,2200,RV,45,41,https://pro.morningconsult.com/trackers/donald-trump-congress-policy-republicans-polling,NA,FALSE,NA,NA
YouGov,The Economist,2025-11-28,2025-12-01,1452,RV,45,39,https://d3nkl3psvxxpe9.cloudfront.net/documents/econTabReport_szm0BQt.pdf,Online Matched Sample,FALSE,NA,NA
Big Data Poll,Public Polling Project,2025-11-28,2025-12-01,1788,LV,46,43,https://www.bigdatapoll.com/blog/trumps-third-world-immigration-moratorium-widely-popular/,Live Phone/Online Opt-In Panel/Text-to-Web/Text,FALSE,NA,NA
i360,Americans for Prosperity,2025-09-10,2025-09-12,577,RV,35,32,https://americansforprosperity.org/wp-content/uploads/2025/10/ACA-Enhanced-Subsidy-Expiration-Poll-Toplines-100625.pdf,Live Phone/Text-to-Web,FALSE,REP,NA
Survey 160,NA,2025-08-26,2025-09-01,1437,RV,46,39,https://www.survey160.com/methodological-research-blog/introducing-the-survey-160-tracking-poll,NA,FALSE,NA,NA
Survey 160,NA,2025-11-06,2025-11-10,1513,RV,46,39,https://www.survey160.com/methodological-research-blog/survey-160-tracking-poll-november-2025-update,Online Opt-In Panel/Text-to-Web/Text,FALSE,NA,NA
Quantus Insights,NA,2025-12-04,2025-12-05,1000,RV,44,40,https://quantusinsights.org/f/new-poll-strong-disapproval-drives-overall-assessment-of-trump,Online Opt-In Panel/Text-to-Web,FALSE,NA,NA
RMG Research,Napolitan News Service,2025-12-01,2025-12-04,2000,RV,44,48,https://napolitannews.org/assets/pdfs/693313e5180f3-gcm25-1203-toplines-generic-ballot.pdf,Online Opt-In Panel,FALSE,NA,NA
Morning Consult,NA,2025-12-05,2025-12-07,2201,RV,46,43,https://pro.morningconsult.com/trackers/donald-trump-congress-policy-republicans-polling,Online Opt-In Panel,FALSE,NA,NA
Ipsos,Reuters,2025-12-03,2025-12-08,3521,RV,40,39,https://www.reuters.com/data/trumps-approval-rating-2025-01-21/,Probability Panel,FALSE,NA,NA
YouGov,The Economist,2025-12-05,2025-12-08,1379,RV,42,37,https://d3nkl3psvxxpe9.cloudfront.net/documents/econTabReport_qLhWxpK.pdf,Online Matched Sample,FALSE,NA,NA
Big Data Poll,Public Polling Project,2025-12-10,2025-12-12,3004,RV,47,43,https://www.bigdatapoll.com/blog/republicans-fall-further-behind-democrats-on-generic-ballot-in-mid-december/,Live Phone/Online Opt-In Panel/Text-to-Web/Text,FALSE,NA,NA
Cygnal,NA,2025-12-05,2025-12-07,1500,LV,48,44.1,https://www.cygn.al/polls/december-2025-national-voter-trends-nvt-poll/,NA,FALSE,NA,NA
Yale University Institution for Social and Policy Studies,NA,2025-10-29,2025-11-11,3426,RV,45,43,https://youthpoll.yale.edu/fall-2025-results,Text/Online Ad/Email,FALSE,NA,NA
Morning Consult,NA,2025-12-12,2025-12-15,2201,RV,45,44,https://pro.morningconsult.com/trackers/donald-trump-congress-policy-republicans-polling,Online Opt-In Panel,FALSE,NA,NA
YouGov,The Economist,2025-12-12,2025-12-15,1451,RV,43,39,https://d3nkl3psvxxpe9.cloudfront.net/documents/econTabReport_FJyfDu9.pdf,Online Matched Sample,FALSE,NA,NA
Clarity Campaign Labs,NA,2025-12-04,2025-12-11,1000,LV,49,44,https://www.claritycampaigns.com/clarity-omnibus-dec-2025?submissionGuid=49882900-7ea0-44c8-8c7c-579c65ead3af,Online Opt-In Panel,FALSE,NA,NA
Echelon Insights,NA,2025-12-11,2025-12-15,1011,LV,48,45,https://echeloninsights.com/in-the-news/december-2025-verified-voter-omnibus/,Online Opt-In Panel,FALSE,NA,NA
Ipsos,Reuters,2025-12-12,2025-12-15,775,RV,40,36,https://www.reuters.com/data/trumps-approval-rating-2025-01-21/,Probability Panel,FALSE,NA,NA
The Argument/Verasight,NA,2025-12-05,2025-12-11,1521,RV,51,49,https://www.theargumentmag.com/p/have-democrats-lost-their-education,Text/Online Ad/Email,FALSE,NA,NA
Echelon Insights,Internet for Growth,2025-09-05,2025-09-07,1030,LV,45,44,https://internetforgrowth.com/wp-content/uploads/2025/11/Internet-For-Growth-Survey-Topline-Results.pdf,Online Opt-In Panel,FALSE,NA,NA
Quinnipiac University,NA,2025-12-11,2025-12-15,1035,RV,47,43,https://poll.qu.edu/poll-release?releaseid=3943,Live Phone,FALSE,NA,NA
Hart Research Associates/Public Opinion Strategies,CNBC,2025-12-04,2025-12-08,800,RV,50,46,https://fm.cnbc.com/applications/cnbc.com/resources/editorialfiles/2025/12/16/TOPLINES_250313_CNBC_AAES_Q4_2025_new.pdf,NA,FALSE,NA,NA
Emerson College,NA,2025-12-14,2025-12-15,1000,RV,44,42,https://emersoncollegepolling.com/december-2025-national-poll-trumps-approval-flips-since-start-of-the-year/,Online Opt-In Panel/Text-to-Web/Email,FALSE,NA,NA
Quantus Insights,NA,2025-12-15,2025-12-16,1000,RV,43,41,https://drive.google.com/file/d/14uRV2kwTVNEO4EIXGv7TCQZtmlMK0owX/view,Online Opt-In Panel/Text-to-Web,FALSE,NA,NA
Manhattan Institute,NA,2025-10-15,2025-10-26,500,RV,47,44,https://manhattan.institute/article/the-new-gop-survey-analysis-of-americans-overall-todays-republican-coalition-and-the-minorities-of-maga,Online Opt-In Panel/Text-to-Web,FALSE,NA,NA
Morning Consult,NA,2025-01-27,2025-02-02,29303,RV,43,44,https://pro.morningconsult.com/trackers/2026-midterm-election-generic-ballot-polls,Online Opt-In Panel,TRUE,NA,NA
Morning Consult,NA,2025-02-10,2025-02-16,27303,RV,42,45,https://pro.morningconsult.com/trackers/2026-midterm-election-generic-ballot-polls,Online Opt-In Panel,TRUE,NA,NA
Morning Consult,NA,2025-03-31,2025-04-06,25977,RV,44,44,https://pro.morningconsult.com/trackers/2026-midterm-election-generic-ballot-polls,Online Opt-In Panel,TRUE,NA,NA
Morning Consult,NA,2025-02-24,2025-03-02,28087,RV,43,45,https://pro.morningconsult.com/trackers/2026-midterm-election-generic-ballot-polls,Online Opt-In Panel,TRUE,NA,NA
Morning Consult,NA,2025-01-20,2025-01-26,33299,RV,42,45,https://pro.morningconsult.com/trackers/2026-midterm-election-generic-ballot-polls,Online Opt-In Panel,TRUE,NA,NA
Morning Consult,NA,2025-04-14,2025-04-20,26905,RV,44,43,https://pro.morningconsult.com/trackers/2026-midterm-election-generic-ballot-polls,Online Opt-In Panel,TRUE,NA,NA
Morning Consult,NA,2025-06-16,2025-06-22,28021,RV,44,44,https://pro.morningconsult.com/trackers/2026-midterm-election-generic-ballot-polls,Online Opt-In Panel,TRUE,NA,NA
Morning Consult,NA,2025-06-02,2025-06-08,28551,RV,43,45,https://pro.morningconsult.com/trackers/2026-midterm-election-generic-ballot-polls,Online Opt-In Panel,TRUE,NA,NA
Morning Consult,NA,2025-05-12,2025-05-18,28103,RV,43,44,https://pro.morningconsult.com/trackers/2026-midterm-election-generic-ballot-polls,Online Opt-In Panel,TRUE,NA,NA
Morning Consult,NA,2025-04-07,2025-04-13,26749,RV,44,44,https://pro.morningconsult.com/trackers/2026-midterm-election-generic-ballot-polls,Online Opt-In Panel,TRUE,NA,NA
Morning Consult,NA,2025-04-21,2025-04-27,25544,RV,44,43,https://pro.morningconsult.com/trackers/2026-midterm-election-generic-ballot-polls,Online Opt-In Panel,TRUE,NA,NA
Morning Consult,NA,2025-02-17,2025-02-23,27621,RV,42,45,https://pro.morningconsult.com/trackers/2026-midterm-election-generic-ballot-polls,Online Opt-In Panel,TRUE,NA,NA
AtlasIntel,NA,2025-12-15,2025-12-19,2315,A,54,38,https://www.atlasintel.org/poll/usa-national-2025-12-19,Online Ad,FALSE,NA,NA
Morning Consult,NA,2025-02-03,2025-02-09,26690,RV,43,45,https://pro.morningconsult.com/trackers/2026-midterm-election-generic-ballot-polls,Online Opt-In Panel,TRUE,NA,NA
Morning Consult,NA,2025-04-28,2025-05-04,25876,RV,44,44,https://pro.morningconsult.com/trackers/2026-midterm-election-generic-ballot-polls,Online Opt-In Panel,TRUE,NA,NA
Morning Consult,NA,2025-05-26,2025-06-01,29002,RV,44,44,https://pro.morningconsult.com/trackers/2026-midterm-election-generic-ballot-polls,Online Opt-In Panel,TRUE,NA,NA
Morning Consult,NA,2025-05-19,2025-05-25,28855,RV,43,45,https://pro.morningconsult.com/trackers/2026-midterm-election-generic-ballot-polls,Online Opt-In Panel,TRUE,NA,NA
Morning Consult,NA,2025-06-09,2025-06-15,28058,RV,44,45,https://pro.morningconsult.com/trackers/2026-midterm-election-generic-ballot-polls,Online Opt-In Panel,TRUE,NA,NA
Morning Consult,NA,2025-03-10,2025-03-16,26877,RV,43,45,https://pro.morningconsult.com/trackers/2026-midterm-election-generic-ballot-polls,Online Opt-In Panel,TRUE,NA,NA
Morning Consult,NA,2025-03-24,2025-03-30,27397,RV,44,44,https://pro.morningconsult.com/trackers/2026-midterm-election-generic-ballot-polls,Online Opt-In Panel,TRUE,NA,NA
Morning Consult,NA,2025-03-03,2025-03-09,27685,RV,43,45,https://pro.morningconsult.com/trackers/2026-midterm-election-generic-ballot-polls,Online Opt-In Panel,TRUE,NA,NA
Morning Consult,NA,2025-03-17,2025-03-23,27364,RV,43,45,https://pro.morningconsult.com/trackers/2026-midterm-election-generic-ballot-polls,Online Opt-In Panel,TRUE,NA,NA
Morning Consult,NA,2025-06-23,2025-06-29,27694,RV,44,43,https://pro.morningconsult.com/trackers/2026-midterm-election-generic-ballot-polls,Online Opt-In Panel,TRUE,NA,NA
Morning Consult,NA,2025-05-05,2025-05-11,27882,RV,43,45,https://pro.morningconsult.com/trackers/2026-midterm-election-generic-ballot-polls,Online Opt-In Panel,TRUE,NA,NA
Fabrizio Ward,Building America's Future,2025-12-15,2025-12-17,1000,RV,45,38,https://www.politico.com/newsletters/playbook/2025/12/22/cbs-controversial-call-00702480,NA,FALSE,REP,NA
Morning Consult,NA,2025-09-22,2025-09-28,21729,RV,43,43,https://pro.morningconsult.com/trackers/2026-midterm-election-generic-ballot-polls,Online Opt-In Panel,TRUE,NA,NA
Morning Consult,NA,2025-08-05,2025-08-12,21246,RV,44,43,https://pro.morningconsult.com/trackers/2026-midterm-election-generic-ballot-polls,Online Opt-In Panel,TRUE,NA,NA
Morning Consult,NA,2025-09-01,2025-09-07,25541,RV,44,42,https://pro.morningconsult.com/trackers/2026-midterm-election-generic-ballot-polls,Online Opt-In Panel,TRUE,NA,NA
Morning Consult,NA,2025-09-15,2025-09-21,21386,RV,44,43,https://pro.morningconsult.com/trackers/2026-midterm-election-generic-ballot-polls,Online Opt-In Panel,TRUE,NA,NA
Morning Consult,NA,2025-07-28,2025-08-03,27432,RV,44,43,https://pro.morningconsult.com/trackers/2026-midterm-election-generic-ballot-polls,Online Opt-In Panel,TRUE,NA,NA
Morning Consult,NA,2025-08-25,2025-08-31,26531,RV,44,42,https://pro.morningconsult.com/trackers/2026-midterm-election-generic-ballot-polls,Online Opt-In Panel,TRUE,NA,NA
Morning Consult,NA,2025-06-30,2025-07-06,27913,RV,44,43,https://pro.morningconsult.com/trackers/2026-midterm-election-generic-ballot-polls,Online Opt-In Panel,TRUE,NA,NA
Morning Consult,NA,2025-10-20,2025-10-26,21290,RV,44,42,https://pro.morningconsult.com/trackers/2026-midterm-election-generic-ballot-polls,Online Opt-In Panel,TRUE,NA,NA
Morning Consult,NA,2025-09-08,2025-09-14,23465,RV,44,42,https://pro.morningconsult.com/trackers/2026-midterm-election-generic-ballot-polls,Online Opt-In Panel,TRUE,NA,NA
Morning Consult,NA,2025-11-17,2025-11-23,19675,RV,44,42,https://pro.morningconsult.com/trackers/2026-midterm-election-generic-ballot-polls,Online Opt-In Panel,TRUE,NA,NA
Morning Consult,NA,2025-12-01,2025-12-07,19970,RV,44,43,https://pro.morningconsult.com/trackers/2026-midterm-election-generic-ballot-polls,Online Opt-In Panel,TRUE,NA,NA
Morning Consult,NA,2025-07-21,2025-07-27,28524,RV,44,42,https://pro.morningconsult.com/trackers/2026-midterm-election-generic-ballot-polls,Online Opt-In Panel,TRUE,NA,NA
Morning Consult,NA,2025-11-10,2025-11-16,21313,RV,44,43,https://pro.morningconsult.com/trackers/2026-midterm-election-generic-ballot-polls,Online Opt-In Panel,TRUE,NA,NA
Morning Consult,NA,2025-11-03,2025-11-09,21394,RV,44,42,https://pro.morningconsult.com/trackers/2026-midterm-election-generic-ballot-polls,Online Opt-In Panel,TRUE,NA,NA
Morning Consult,NA,2025-11-24,2025-11-30,21658,RV,44,42,https://pro.morningconsult.com/trackers/2026-midterm-election-generic-ballot-polls,Online Opt-In Panel,TRUE,NA,NA
Morning Consult,NA,2025-07-07,2025-07-13,28276,RV,45,43,https://pro.morningconsult.com/trackers/2026-midterm-election-generic-ballot-polls,Online Opt-In Panel,TRUE,NA,NA
Morning Consult,NA,2025-12-08,2025-12-14,19954,RV,44,43,https://pro.morningconsult.com/trackers/2026-midterm-election-generic-ballot-polls,Online Opt-In Panel,TRUE,NA,NA
Morning Consult,NA,2025-10-27,2025-11-02,22207,RV,43,43,https://pro.morningconsult.com/trackers/2026-midterm-election-generic-ballot-polls,Online Opt-In Panel,TRUE,NA,NA
Morning Consult,NA,2025-07-14,2025-07-20,28190,RV,44,43,https://pro.morningconsult.com/trackers/2026-midterm-election-generic-ballot-polls,Online Opt-In Panel,TRUE,NA,NA
Morning Consult,NA,2025-08-04,2025-08-10,26631,RV,44,43,https://pro.morningconsult.com/trackers/2026-midterm-election-generic-ballot-polls,Online Opt-In Panel,TRUE,NA,NA
Morning Consult,NA,2025-08-11,2025-08-17,27248,RV,44,43,https://pro.morningconsult.com/trackers/2026-midterm-election-generic-ballot-polls,Online Opt-In Panel,TRUE,NA,NA
Morning Consult,NA,2025-08-18,2025-08-24,27673,RV,44,42,https://pro.morningconsult.com/trackers/2026-midterm-election-generic-ballot-polls,Online Opt-In Panel,TRUE,NA,NA
Morning Consult,NA,2025-12-19,2025-12-21,2203,RV,47,43,https://pro.morningconsult.com/trackers/donald-trump-congress-policy-republicans-polling,Online Opt-In Panel,FALSE,NA,NA
Morning Consult,NA,2025-12-15,2025-12-21,20240,RV,45,42,https://pro.morningconsult.com/trackers/2026-midterm-election-generic-ballot-polls,Online Opt-In Panel,TRUE,NA,NA
Morning Consult,NA,2025-09-29,2025-10-05,21493,RV,44,43,https://pro.morningconsult.com/trackers/2026-midterm-election-generic-ballot-polls,Online Opt-In Panel,TRUE,NA,NA
Morning Consult,NA,2025-10-13,2025-10-19,21839,RV,44,42,https://pro.morningconsult.com/trackers/2026-midterm-election-generic-ballot-polls,Online Opt-In Panel,TRUE,NA,NA
YouGov,The Economist,2025-12-20,2025-12-22,1424,RV,43,40,https://d3nkl3psvxxpe9.cloudfront.net/documents/econtoplines_s4jyXBa.pdf,Online Matched Sample,FALSE,NA,NA
McLaughlin & Associates,NA,2025-12-12,2025-12-19,1000,LV,46,45,https://mclaughlinonline.com/2025/12/23/national-monthly-december-2025/,Online Opt-In Panel,FALSE,NA,NA
GBAO,Third Way,2025-11-19,2025-11-26,2000,RV,48,42,https://uploads.thirdway.org/downloads/food-medicine-fuel-for-a-wave/Third-WayGBAO-National-Framing-Survey-Toplines-November-2025.pdf,NA,FALSE,NA,NA
YouGov,The Economist,2025-12-26,2025-12-29,1417,RV,42,38,https://d3nkl3psvxxpe9.cloudfront.net/documents/econTabReport_h1aYmmb.pdf,Online Matched Sample,FALSE,NA,NA
Big Data Poll,Public Polling Project,2025-12-26,2025-12-28,3412,LV,48,44,https://www.bigdatapoll.com/blog/trump-improves-democrats-lead-generic-ballot-in-final-poll-for-2025/,Live Phone/Online Opt-In Panel/Text-to-Web/Text,FALSE,NA,NA
The Bullfinch Group,Independent Center,2025-12-30,2026-01-01,1000,RV,44,33,https://independentcentervoice.com/insights/2026-tune-in-as-america-approaches-its-250th-voters-declare-the-status-quo-broken-and-demand-new-options,NA,FALSE,NA,NA
Morning Consult,NA,2025-12-29,2026-01-04,22709,RV,44,42,https://pro.morningconsult.com/trackers/2026-midterm-election-generic-ballot-polls,Online Opt-In Panel,TRUE,NA,NA
Morning Consult,NA,2026-01-02,2026-01-04,2201,RV,44,42,https://pro.morningconsult.com/trackers/donald-trump-congress-policy-republicans-polling,Online Opt-In Panel,FALSE,NA,NA
YouGov,The Economist,2026-01-02,2026-01-05,1386,RV,45,39,https://d3nkl3psvxxpe9.cloudfront.net/documents/econTabReport_aY8mpiN.pdf,Online Matched Sample,FALSE,NA,NA
RMG Research,Napolitan News Service,2026-01-05,2026-01-08,2000,RV,47,46,https://napolitannews.org/posts/generic-ballot-gop-43-percent-dem-44,Online Opt-In Panel,FALSE,NA,NA
Morning Consult,NA,2026-01-09,2026-01-12,2201,RV,46,43,https://pro.morningconsult.com/trackers/donald-trump-congress-policy-republicans-polling,Online Opt-In Panel,FALSE,NA,NA
Morning Consult,NA,2026-01-05,2026-01-11,17701,RV,45,43,https://pro.morningconsult.com/trackers/2026-midterm-election-generic-ballot-polls,Online Opt-In Panel,TRUE,NA,NA
YouGov,The Economist,2026-01-09,2026-01-12,1433,RV,44,40,https://d3nkl3psvxxpe9.cloudfront.net/documents/econTabReport_qsNv5iE.pdf,Online Matched Sample,FALSE,NA,NA
Ipsos,Reuters,2026-01-12,2026-01-13,941,RV,40,38,https://www.reuters.com/data/trumps-approval-rating-2025-01-21/,Probability Panel,FALSE,NA,NA
YouGov,Yahoo News,2026-01-08,2026-01-12,1148,RV,45,40,https://www.yahoo.com/news/us/article/poll-only-27-of-americans-think-minneapolis-ice-shooting-was-justified-142831951.html,Online Matched Sample,FALSE,NA,NA
Cygnal,NA,2026-01-08,2026-01-08,1500,LV,48.1,44.6,https://www.cygn.al/polls/january-2026-national-voter-trends-nvt-poll/,NA,FALSE,NA,NA
Impact Research/National Research,Wall Street Journal,2026-01-08,2026-01-13,1500,RV,47,43,https://www.wsj.com/politics/elections/trump-approval-rating-economy-poll-b3a62e57,Live Phone/Text-to-Web,FALSE,NA,NA
SSRS,CNN,2026-01-09,2026-01-12,968,RV,46,41,https://www.cnn.com/2026/01/18/politics/cnn-poll-democrats-are-deeply-motivated-for-the-midterms-despite-having-dismal-views-of-party-leaders,Probability Panel,FALSE,NA,NA
Morning Consult,NA,2026-01-12,2026-01-18,12505,RV,44,42,https://pro.morningconsult.com/trackers/2026-midterm-election-generic-ballot-polls,Online Opt-In Panel,FALSE,NA,NA
YouGov,The Economist,2026-01-16,2026-01-19,1722,A,39,34,https://d3nkl3psvxxpe9.cloudfront.net/documents/econTabReport_z9wtNZI.pdf,Online Matched Sample,FALSE,NA,NA
YouGov,The Economist,2026-01-16,2026-01-19,1549,RV,43,39,https://d3nkl3psvxxpe9.cloudfront.net/documents/econTabReport_z9wtNZI.pdf,Online Matched Sample,FALSE,NA,NA
Verasight,Strength In Numbers,2026-01-14,2026-01-20,1352,RV,51,43,https://www.gelliottmorris.com/p/new-poll-trump-slips-on-immigration,Text/Online Ad/Email,FALSE,NA,NA
Verasight,Strength In Numbers,2026-01-14,2026-01-20,1532,A,50,42,https://www.gelliottmorris.com/p/new-poll-trump-slips-on-immigration,Text/Online Ad/Email,FALSE,NA,NA
Verasight,Strength In Numbers,2025-09-15,2025-09-19,1356,RV,48,43,https://www.gelliottmorris.com/p/poll?open=false#%C2%A7trends-and-crosstabs,Text/Online Ad/Email,FALSE,NA,NA
Verasight,Strength In Numbers,2025-10-24,2025-10-29,1412,RV,50,43,https://www.gelliottmorris.com/p/poll?open=false#%C2%A7trends-and-crosstabs,Text/Online Ad/Email,FALSE,NA,NA
Verasight,Strength In Numbers,2025-08-18,2025-08-21,1336,RV,50,43,https://www.gelliottmorris.com/p/poll?open=false#%C2%A7trends-and-crosstabs,Text/Online Ad/Email,FALSE,NA,NA
Verasight,Strength In Numbers,2025-06-06,2025-06-12,1320,RV,50,44,https://www.gelliottmorris.com/p/poll?open=false#%C2%A7trends-and-crosstabs,Text/Online Ad/Email,FALSE,NA,NA
Verasight,Strength In Numbers,2025-07-14,2025-07-16,1334,RV,49,44,https://www.gelliottmorris.com/p/poll?open=false#%C2%A7trends-and-crosstabs,Text/Online Ad/Email,FALSE,NA,NA
Verasight,Strength In Numbers,2025-05-01,2025-05-06,813,RV,49,43,https://www.gelliottmorris.com/p/poll?open=false#%C2%A7trends-and-crosstabs,Text/Online Ad/Email,FALSE,NA,NA
Morning Consult,NA,2026-01-16,2026-01-18,2201,RV,45,43,https://pro.morningconsult.com/trackers/donald-trump-congress-policy-republicans-polling,Online Opt-In Panel,FALSE,NA,NA
The New York Times/Siena College,NA,2026-01-12,2026-01-17,1625,RV,48,43,https://www.nytimes.com/2026/01/22/us/politics/trump-poll-second-term.html,Live Phone/Text-to-Web,FALSE,NA,NA
Emerson College,NA,2026-01-17,2026-01-19,1000,LV,48.1,41.7,https://emersoncollegepolling.com/january-2026-national-poll/,Online Opt-In Panel/Text-to-Web,FALSE,NA,NA
Quantus Insights,NA,2026-01-20,2026-01-22,1000,RV,47.2,40.7,https://v0-quantus-insights-website.vercel.app/polls/2601412-weighted-ziw7630t?tab=toplines,Online Opt-In Panel/Text-to-Web,FALSE,NA,NA
Research Co.,NA,2026-01-13,2026-01-15,1002,A,42,36,https://researchco.ca/2026/01/26/amendment/,Online Opt-In Panel,FALSE,NA,NA
Echelon Insights,NA,2026-01-22,2026-01-26,1029,LV,49,44,https://echelonin.wpenginepowered.com/wp-content/uploads/January-2026-Voter-Omnibus-Topline.pdf,Online Opt-In Panel,FALSE,NA,NA
Ipsos,Reuters,2026-01-23,2026-01-25,906,RV,41,37,https://www.reuters.com/data/which-party-do-americans-want-run-congress-2025-11-05/,Probability Panel,FALSE,NA,NA
YouGov,The Economist,2026-01-23,2026-01-26,1520,RV,43,38,https://d3nkl3psvxxpe9.cloudfront.net/documents/econTabReport_8FWGyNz.pdf,Online Matched Sample,FALSE,NA,NA
YouGov,The Economist,2026-01-23,2026-01-26,1684,A,38,35,https://today.yougov.com/politics/articles/53953-falling-confidence-ice-independents-trump-congressional-democrats-slump-greenland-foreign-policy-january-23-26-2026-economist-yougov-poll,Online Matched Sample,FALSE,NA,NA
Big Data Poll,Public Polling Project,2026-01-22,2026-01-24,2909,LV,48,44,https://www.bigdatapoll.com/blog/democrats-solidify-lead-over-republicans-on-first-2026-generic-ballot/,Live Phone/Online Opt-In Panel/Text-to-Web/Text,FALSE,NA,NA
Clarity Campaign Labs,NA,2026-01-15,2026-01-22,1147,LV,51,42,https://www.claritycampaigns.com/clarity-omnibus-jan-2026,Online Opt-In Panel,FALSE,NA,NA
Morning Consult,NA,2026-01-19,2026-01-25,12505,RV,44,43,https://pro.morningconsult.com/trackers/2026-midterm-election-generic-ballot-polls,Online Opt-In Panel,FALSE,NA,NA
The Argument/Verasight,NA,2026-01-26,2026-01-27,1515,RV,52,48,https://www.theargumentmag.com/p/immigration-is-turning-into-a-disaster,Text/Online Ad/Email,FALSE,NA,NA
KFF,NA,2026-01-13,2026-01-20,1141,RV,49,42,https://www.kff.org/public-opinion/kff-health-tracking-poll-health-care-costs-expiring-aca-tax-credits-and-the-2026-midterms/,Live Phone/Probability Panel/Text-to-Web,FALSE,NA,NA
Beacon Research/Shaw & Co. Research,FOX News,2026-01-23,2026-01-26,1005,RV,52,46,https://static.foxnews.com/foxnews.com/content/uploads/2026/01/fox_january-23-26_national_topline_january-29-release.pdf,Live Phone/Text-to-Web,FALSE,NA,NA
Public Policy Polling,NA,2026-01-29,2026-01-30,652,RV,48,41,https://e1.nmcdn.io/assets/ppp/wp-content/uploads/2026/01/January2026NationalSurvey.pdf,IVR/Text,FALSE,DEM,NA
YouGov Blue,The Downballot,2025-11-07,2025-11-10,517,RV,48,45,https://www.the-downballot.com/p/new-poll-shows-democrats-best-path,Online Matched Sample,FALSE,DEM,NA
National Association of Independent Pollsters,NA,2025-09-06,2025-09-13,2071,LV,45,43,https://www.realclearpolitics.com/articles/2025/09/19/generic_ballot_tracking_poll_republicans_narrow_dems_lead.html,NA,FALSE,REP,NA
Harris Insights & Analytics,Harvard CAPS,2026-01-28,2026-01-29,1000,RV,54,46,https://harvardharrispoll.com/wp-content/uploads/2026/02/HHP_Jan2026_KeyResults.pdf,Online Opt-In Panel,FALSE,NA,NA
Harris Insights & Analytics,Harvard CAPS,2026-01-28,2026-01-29,NA,LV,52,48,https://harvardharrispoll.com/wp-content/uploads/2026/02/HHP_Jan2026_KeyResults.pdf,Online Opt-In Panel,FALSE,NA,NA
Cygnal,NA,2026-01-27,2026-01-28,1004,LV,48,44,https://www.cygn.al/polls/national-poll-deportation-ice-overwhelmingly-supported-by-voters-and-democrats-pay-a-political-price-on-the-issue-especially-over-a-shutdown/,Live Phone/Text-to-Web,FALSE,NA,NA
YouGov,The Economist,2026-01-30,2026-02-02,1504,RV,44,40,https://d3nkl3psvxxpe9.cloudfront.net/documents/econTabReport_DDIQ8jz.pdf,Online Matched Sample,FALSE,NA,NA
YouGov,The Economist,2026-01-30,2026-02-02,1672,A,36,34,https://d3nkl3psvxxpe9.cloudfront.net/documents/econTabReport_DDIQ8jz.pdf,Online Matched Sample,FALSE,NA,NA
Morning Consult,NA,2026-01-30,2026-02-01,2201,RV,47,42,https://pro.morningconsult.com/trackers/donald-trump-congress-policy-republicans-polling,Online Opt-In Panel,FALSE,NA,NA
Marquette University Law School,NA,2026-01-21,2026-01-28,1003,A,45,39,https://law.marquette.edu/poll/2026/02/04/detailed-results-of-the-marquette-law-school-supreme-court-poll-jan-21-28-2025-national-issues/,Probability Panel,FALSE,NA,NA
Marquette University Law School,NA,2026-01-21,2026-01-28,869,RV,48,44,https://law.marquette.edu/poll/2026/02/04/detailed-results-of-the-marquette-law-school-supreme-court-poll-jan-21-28-2025-national-issues/,Probability Panel,FALSE,NA,NA
Marquette University Law School,NA,2026-01-21,2026-01-28,577,LV,52,45,https://law.marquette.edu/poll/2026/02/04/detailed-results-of-the-marquette-law-school-supreme-court-poll-jan-21-28-2025-national-issues/,Probability Panel,FALSE,NA,NA
Public Policy Polling,Progress Action Fund (hybrid PAC),2026-01-13,2026-01-14,597,RV,50,42,https://progressactionfund.com/new-poll-independent-voters-would-rather-shut-down-the-government-than-fund-ice-by-16-points/,IVR/Text,FALSE,DEM,NA
McLaughlin & Associates,NA,2026-01-21,2026-01-27,1000,LV,46,44,https://mclaughlinonline.com/2026/02/04/national-monthly-january-2026/,Online Opt-In Panel,FALSE,NA,NA
John Zogby Strategies,NA,2026-02-04,2026-02-05,1000,LV,47,42,https://johnzogbystrategies.com/democrats-lead-republicans-47-42-in-congressional-generic-poll/,Online Opt-In Panel,FALSE,NA,NA
Morning Consult,NA,2026-02-02,2026-02-08,29303,RV,45,42,https://pro.morningconsult.com/trackers/2026-midterm-election-generic-ballot-polls,Online Opt-In Panel,FALSE,NA,NA
Morning Consult,NA,2026-01-26,2026-02-01,12505,RV,44,42,https://pro.morningconsult.com/trackers/2026-midterm-election-generic-ballot-polls,Online Opt-In Panel,FALSE,NA,NA
YouGov,The Economist,2026-02-06,2026-02-09,1551,RV,44,38,https://d3nkl3psvxxpe9.cloudfront.net/documents/econTabReport_vNnwPx2.pdf,Online Matched Sample,FALSE,NA,NA
YouGov,The Economist,2026-02-06,2026-02-09,1730,A,39,31,https://d3nkl3psvxxpe9.cloudfront.net/documents/econTabReport_vNnwPx2.pdf,Online Matched Sample,FALSE,NA,NA
Echelon Insights/GBAO,AARP,2025-12-09,2025-12-16,2023,LV,47,43,https://www.aarp.org/pri/topics/work-finances-retirement/financial-security-retirement/shes-the-difference-financial-security/,Online Opt-In Panel,FALSE,NA,NA
Cygnal,NA,2026-02-03,2026-02-04,1500,LV,47.8,44.4,https://www.cygn.al/polls/february-2026-national-voter-trends-nvt-poll/,NA,FALSE,NA,NA
Focaldata,NA,2026-01-23,2026-01-26,2037,A,39,35,https://www.focaldata.com/blog/cost-of-living-fuelling-democrat-strength-in-new-midterms-polling,NA,FALSE,NA,NA
Focaldata,NA,2026-02-10,2026-02-10,1148,A,42,38,https://www.focaldata.com/blog/cost-of-living-fuelling-democrat-strength-in-new-midterms-polling,NA,FALSE,NA,NA
Focaldata,NA,2026-02-10,2026-02-10,NA,RV,46,42,https://www.focaldata.com/blog/cost-of-living-fuelling-democrat-strength-in-new-midterms-polling,NA,FALSE,NA,NA
Focaldata,NA,2026-02-10,2026-02-10,NA,LV,51,44,https://www.focaldata.com/blog/cost-of-living-fuelling-democrat-strength-in-new-midterms-polling,NA,FALSE,NA,NA
RMG Research,Napolitan News Service,2026-02-09,2026-02-12,2000,RV,45,47,https://napolitannews.org/posts/generic-ballot-gop-44-percent-dem-41-but-dems-more-enthusiastic,Online Opt-In Panel,FALSE,NA,NA
Quantus Insights,NA,2026-02-12,2026-02-13,1515,LV,48.4,41.9,https://quantusinsights.org/f/quantus-insights-national-survey-2026-midterms-break-democrat,Text-to-Web,FALSE,NA,NA
