pollster,sponsors,sponsor_candidate,state,start_date,end_date,sample_size,population,candidate_name,pct,party,url,mode,tracking,partisan,internal,hypothetical
Tulchin Research,Antonio Ramón Villaraigosa,Antonio Ramón Villaraigosa,California,2024-08-08,2024-08-12,800,LV,Antonio Ramón Villaraigosa,13,DEM,https://www.politico.com/newsletters/california-playbook/2024/08/29/the-jam-stops-here-00176692,NA,FALSE,DEM,TRUE,TRUE
Tulchin Research,Antonio Ramón Villaraigosa,Antonio Ramón Villaraigosa,California,2024-08-08,2024-08-12,800,LV,Tony K. Thurmond,4,DEM,https://www.politico.com/newsletters/california-playbook/2024/08/29/the-jam-stops-here-00176692,NA,FALSE,DEM,TRUE,TRUE
Tulchin Research,Antonio Ramón Villaraigosa,Antonio Ramón Villaraigosa,California,2024-08-08,2024-08-12,800,LV,Toni G. Atkins,4,DEM,https://www.politico.com/newsletters/california-playbook/2024/08/29/the-jam-stops-here-00176692,NA,FALSE,DEM,TRUE,TRUE
Tulchin Research,Antonio Ramón Villaraigosa,Antonio Ramón Villaraigosa,California,2024-08-08,2024-08-12,800,LV,Betty T. Yee,7,DEM,https://www.politico.com/newsletters/california-playbook/2024/08/29/the-jam-stops-here-00176692,NA,FALSE,DEM,TRUE,TRUE
Tulchin Research,Antonio Ramón Villaraigosa,Antonio Ramón Villaraigosa,California,2024-08-08,2024-08-12,800,LV,Eleni Kounalakis,10,DEM,https://www.politico.com/newsletters/california-playbook/2024/08/29/the-jam-stops-here-00176692,NA,FALSE,DEM,TRUE,TRUE
Tulchin Research,Antonio Ramón Villaraigosa,Antonio Ramón Villaraigosa,California,2024-08-08,2024-08-12,800,LV,Steve Hilton,10,REP,https://www.politico.com/newsletters/california-playbook/2024/08/29/the-jam-stops-here-00176692,NA,FALSE,DEM,TRUE,TRUE
Tulchin Research,Antonio Ramón Villaraigosa,Antonio Ramón Villaraigosa,California,2024-08-08,2024-08-12,800,LV,Brian Dahle,13,REP,https://www.politico.com/newsletters/california-playbook/2024/08/29/the-jam-stops-here-00176692,NA,FALSE,DEM,TRUE,TRUE
University of Southern California,NA,NA,California,2024-09-12,2024-09-25,1685,LV,Katie Porter,14,DEM,https://today.usc.edu/wp-content/uploads/2024/09/California-Elections-and-Policy-Poll-Statewide-Poll-Toplines-and-Crosstabs-FINAL.pdf,Email,FALSE,NA,FALSE,TRUE
University of Southern California,NA,NA,California,2024-09-12,2024-09-25,1685,LV,Brian Dahle,5.3,REP,https://today.usc.edu/wp-content/uploads/2024/09/California-Elections-and-Policy-Poll-Statewide-Poll-Toplines-and-Crosstabs-FINAL.pdf,Email,FALSE,NA,FALSE,TRUE
University of Southern California,NA,NA,California,2024-09-12,2024-09-25,1685,LV,Chad Bianco,4.7,REP,https://today.usc.edu/wp-content/uploads/2024/09/California-Elections-and-Policy-Poll-Statewide-Poll-Toplines-and-Crosstabs-FINAL.pdf,Email,FALSE,NA,FALSE,TRUE
University of Southern California,NA,NA,California,2024-09-12,2024-09-25,1685,LV,Steve Hilton,4,REP,https://today.usc.edu/wp-content/uploads/2024/09/California-Elections-and-Policy-Poll-Statewide-Poll-Toplines-and-Crosstabs-FINAL.pdf,Email,FALSE,NA,FALSE,TRUE
University of Southern California,NA,NA,California,2024-09-12,2024-09-25,1685,LV,Rob Bonta,3.5,DEM,https://today.usc.edu/wp-content/uploads/2024/09/California-Elections-and-Policy-Poll-Statewide-Poll-Toplines-and-Crosstabs-FINAL.pdf,Email,FALSE,NA,FALSE,TRUE
University of Southern California,NA,NA,California,2024-09-12,2024-09-25,1685,LV,Xavier Becerra,2.9,DEM,https://today.usc.edu/wp-content/uploads/2024/09/California-Elections-and-Policy-Poll-Statewide-Poll-Toplines-and-Crosstabs-FINAL.pdf,Email,FALSE,NA,FALSE,TRUE
University of Southern California,NA,NA,California,2024-09-12,2024-09-25,1685,LV,Rick Caruso,2.6,DEM,https://today.usc.edu/wp-content/uploads/2024/09/California-Elections-and-Policy-Poll-Statewide-Poll-Toplines-and-Crosstabs-FINAL.pdf,Email,FALSE,NA,FALSE,TRUE
University of Southern California,NA,NA,California,2024-09-12,2024-09-25,1685,LV,Betty T. Yee,2.6,DEM,https://today.usc.edu/wp-content/uploads/2024/09/California-Elections-and-Policy-Poll-Statewide-Poll-Toplines-and-Crosstabs-FINAL.pdf,Email,FALSE,NA,FALSE,TRUE
University of Southern California,NA,NA,California,2024-09-12,2024-09-25,1685,LV,Eleni Kounalakis,2.1,DEM,https://today.usc.edu/wp-content/uploads/2024/09/California-Elections-and-Policy-Poll-Statewide-Poll-Toplines-and-Crosstabs-FINAL.pdf,Email,FALSE,NA,FALSE,TRUE
University of Southern California,NA,NA,California,2024-09-12,2024-09-25,1685,LV,Toni G. Atkins,1.3,DEM,https://today.usc.edu/wp-content/uploads/2024/09/California-Elections-and-Policy-Poll-Statewide-Poll-Toplines-and-Crosstabs-FINAL.pdf,Email,FALSE,NA,FALSE,TRUE
University of Southern California,NA,NA,California,2024-09-12,2024-09-25,1685,LV,Lanhee Chen,1.7,REP,https://today.usc.edu/wp-content/uploads/2024/09/California-Elections-and-Policy-Poll-Statewide-Poll-Toplines-and-Crosstabs-FINAL.pdf,Email,FALSE,NA,FALSE,TRUE
University of Southern California,NA,NA,California,2024-09-12,2024-09-25,1685,LV,Tony K. Thurmond,1.3,DEM,https://today.usc.edu/wp-content/uploads/2024/09/California-Elections-and-Policy-Poll-Statewide-Poll-Toplines-and-Crosstabs-FINAL.pdf,Email,FALSE,NA,FALSE,TRUE
University of Southern California,NA,NA,California,2024-09-12,2024-09-25,1685,LV,Eleni Kounalakis,4.5,DEM,https://today.usc.edu/wp-content/uploads/2024/09/California-Elections-and-Policy-Poll-Statewide-Poll-Toplines-and-Crosstabs-FINAL.pdf,Email,FALSE,NA,FALSE,TRUE
University of Southern California,NA,NA,California,2024-09-12,2024-09-25,1685,LV,Betty T. Yee,4.5,DEM,https://today.usc.edu/wp-content/uploads/2024/09/California-Elections-and-Policy-Poll-Statewide-Poll-Toplines-and-Crosstabs-FINAL.pdf,Email,FALSE,NA,FALSE,TRUE
University of Southern California,NA,NA,California,2024-09-12,2024-09-25,1685,LV,Toni G. Atkins,2.7,DEM,https://today.usc.edu/wp-content/uploads/2024/09/California-Elections-and-Policy-Poll-Statewide-Poll-Toplines-and-Crosstabs-FINAL.pdf,Email,FALSE,NA,FALSE,TRUE
University of Southern California,NA,NA,California,2024-09-12,2024-09-25,1685,LV,Tony K. Thurmond,2.6,DEM,https://today.usc.edu/wp-content/uploads/2024/09/California-Elections-and-Policy-Poll-Statewide-Poll-Toplines-and-Crosstabs-FINAL.pdf,Email,FALSE,NA,FALSE,TRUE
University of Southern California,NA,NA,California,2024-09-12,2024-09-25,1685,LV,Antonio Ramón Villaraigosa,7.6,DEM,https://today.usc.edu/wp-content/uploads/2024/09/California-Elections-and-Policy-Poll-Statewide-Poll-Toplines-and-Crosstabs-FINAL.pdf,Email,FALSE,NA,FALSE,TRUE
University of Southern California,NA,NA,California,2024-09-12,2024-09-25,1685,LV,Antonio Ramón Villaraigosa,2.6,DEM,https://today.usc.edu/wp-content/uploads/2024/09/California-Elections-and-Policy-Poll-Statewide-Poll-Toplines-and-Crosstabs-FINAL.pdf,Email,FALSE,NA,FALSE,TRUE
David Binder Research,Eleni Kounalakis,Eleni Kounalakis,California,2024-10-10,2024-10-15,NA,NAN,Tony K. Thurmond,7,DEM,https://www.politico.com/newsletters/california-playbook/2024/10/25/rob-bonta-gives-back-72k-in-fraught-campaign-funds-00185460,NA,FALSE,DEM,TRUE,TRUE
David Binder Research,Eleni Kounalakis,Eleni Kounalakis,California,2024-10-10,2024-10-15,NA,NAN,Eleni Kounalakis,18,DEM,https://www.politico.com/newsletters/california-playbook/2024/10/25/rob-bonta-gives-back-72k-in-fraught-campaign-funds-00185460,NA,FALSE,DEM,TRUE,TRUE
David Binder Research,Eleni Kounalakis,Eleni Kounalakis,California,2024-10-10,2024-10-15,NA,NAN,Toni G. Atkins,6,DEM,https://www.politico.com/newsletters/california-playbook/2024/10/25/rob-bonta-gives-back-72k-in-fraught-campaign-funds-00185460,NA,FALSE,DEM,TRUE,TRUE
David Binder Research,Eleni Kounalakis,Eleni Kounalakis,California,2024-10-10,2024-10-15,NA,NAN,Betty T. Yee,4,DEM,https://www.politico.com/newsletters/california-playbook/2024/10/25/rob-bonta-gives-back-72k-in-fraught-campaign-funds-00185460,NA,FALSE,DEM,TRUE,TRUE
David Binder Research,Eleni Kounalakis,Eleni Kounalakis,California,2024-10-10,2024-10-15,NA,NAN,John Cox,27,REP,https://www.politico.com/newsletters/california-playbook/2024/10/25/rob-bonta-gives-back-72k-in-fraught-campaign-funds-00185460,NA,FALSE,DEM,TRUE,TRUE
David Binder Research,Eleni Kounalakis,Eleni Kounalakis,California,2024-10-10,2024-10-15,NA,NAN,Antonio Ramón Villaraigosa,9,DEM,https://www.politico.com/newsletters/california-playbook/2024/10/25/rob-bonta-gives-back-72k-in-fraught-campaign-funds-00185460,NA,FALSE,DEM,TRUE,TRUE
University of California Berkeley,Los Angeles Times,NA,California,2024-10-22,2024-10-29,4838,RV,Katie Porter,10,DEM,https://escholarship.org/uc/item/97b1p0sq,Email,FALSE,NA,FALSE,TRUE
University of California Berkeley,Los Angeles Times,NA,California,2024-10-22,2024-10-29,4838,RV,Brian Dahle,6,REP,https://escholarship.org/uc/item/97b1p0sq,Email,FALSE,NA,FALSE,TRUE
University of California Berkeley,Los Angeles Times,NA,California,2024-10-22,2024-10-29,4838,RV,Eleni Kounalakis,3,DEM,https://escholarship.org/uc/item/97b1p0sq,Email,FALSE,NA,FALSE,TRUE
University of California Berkeley,Los Angeles Times,NA,California,2024-10-22,2024-10-29,4838,RV,Steve Hilton,3,REP,https://escholarship.org/uc/item/97b1p0sq,Email,FALSE,NA,FALSE,TRUE
University of California Berkeley,Los Angeles Times,NA,California,2024-10-22,2024-10-29,4838,RV,Rob Bonta,3,DEM,https://escholarship.org/uc/item/97b1p0sq,Email,FALSE,NA,FALSE,TRUE
University of California Berkeley,Los Angeles Times,NA,California,2024-10-22,2024-10-29,4838,RV,Xavier Becerra,3,DEM,https://escholarship.org/uc/item/97b1p0sq,Email,FALSE,NA,FALSE,TRUE
University of California Berkeley,Los Angeles Times,NA,California,2024-10-22,2024-10-29,4838,RV,Chad Bianco,8,REP,https://escholarship.org/uc/item/97b1p0sq,Email,FALSE,NA,FALSE,TRUE
University of California Berkeley,Los Angeles Times,NA,California,2024-10-22,2024-10-29,4838,RV,Rick Caruso,2,DEM,https://escholarship.org/uc/item/97b1p0sq,Email,FALSE,NA,FALSE,TRUE
University of California Berkeley,Los Angeles Times,NA,California,2024-10-22,2024-10-29,4838,RV,Lanhee Chen,2,REP,https://escholarship.org/uc/item/97b1p0sq,Email,FALSE,NA,FALSE,TRUE
University of California Berkeley,Los Angeles Times,NA,California,2024-10-22,2024-10-29,4838,RV,Tony K. Thurmond,1,DEM,https://escholarship.org/uc/item/97b1p0sq,Email,FALSE,NA,FALSE,TRUE
University of California Berkeley,Los Angeles Times,NA,California,2024-10-22,2024-10-29,4838,RV,Toni G. Atkins,1,DEM,https://escholarship.org/uc/item/97b1p0sq,Email,FALSE,NA,FALSE,TRUE
University of California Berkeley,Los Angeles Times,NA,California,2024-10-22,2024-10-29,4838,RV,Antonio Ramón Villaraigosa,4,DEM,https://escholarship.org/uc/item/97b1p0sq,Email,FALSE,NA,FALSE,TRUE
University of California Berkeley,Los Angeles Times,NA,California,2024-10-22,2024-10-29,4838,RV,Betty T. Yee,2,DEM,https://escholarship.org/uc/item/97b1p0sq,Email,FALSE,NA,FALSE,TRUE
Breakthrough Campaigns,Woman Up (PAC),NA,California,2024-11-22,2024-11-26,618,LV,Antonio Ramón Villaraigosa,3,DEM,https://www.politico.com/newsletters/california-playbook/2024/12/11/katie-porter-joins-the-2026-internal-poll-club-00193698,NA,FALSE,DEM,FALSE,TRUE
Breakthrough Campaigns,Woman Up (PAC),NA,California,2024-11-22,2024-11-26,618,LV,Chad Bianco,14,REP,https://www.politico.com/newsletters/california-playbook/2024/12/11/katie-porter-joins-the-2026-internal-poll-club-00193698,NA,FALSE,DEM,FALSE,TRUE
Breakthrough Campaigns,Woman Up (PAC),NA,California,2024-11-22,2024-11-26,618,LV,Steve Garvey,21,REP,https://www.politico.com/newsletters/california-playbook/2024/12/11/katie-porter-joins-the-2026-internal-poll-club-00193698,NA,FALSE,DEM,FALSE,TRUE
Breakthrough Campaigns,Woman Up (PAC),NA,California,2024-11-22,2024-11-26,618,LV,Stephen J. Cloobeck,1,DEM,https://www.politico.com/newsletters/california-playbook/2024/12/11/katie-porter-joins-the-2026-internal-poll-club-00193698,NA,FALSE,DEM,FALSE,TRUE
Breakthrough Campaigns,Woman Up (PAC),NA,California,2024-11-22,2024-11-26,618,LV,Tony K. Thurmond,2,DEM,https://www.politico.com/newsletters/california-playbook/2024/12/11/katie-porter-joins-the-2026-internal-poll-club-00193698,NA,FALSE,DEM,FALSE,TRUE
Breakthrough Campaigns,Woman Up (PAC),NA,California,2024-11-22,2024-11-26,618,LV,Eleni Kounalakis,9,DEM,https://www.politico.com/newsletters/california-playbook/2024/12/11/katie-porter-joins-the-2026-internal-poll-club-00193698,NA,FALSE,DEM,FALSE,TRUE
Breakthrough Campaigns,Woman Up (PAC),NA,California,2024-11-22,2024-11-26,618,LV,Betty T. Yee,6,DEM,https://www.politico.com/newsletters/california-playbook/2024/12/11/katie-porter-joins-the-2026-internal-poll-club-00193698,NA,FALSE,DEM,FALSE,TRUE
Breakthrough Campaigns,Woman Up (PAC),NA,California,2024-11-22,2024-11-26,618,LV,Katie Porter,24,DEM,https://www.politico.com/newsletters/california-playbook/2024/12/11/katie-porter-joins-the-2026-internal-poll-club-00193698,NA,FALSE,DEM,FALSE,TRUE
Breakthrough Campaigns,Woman Up (PAC),NA,California,2024-11-22,2024-11-26,618,LV,Toni G. Atkins,3,DEM,https://www.politico.com/newsletters/california-playbook/2024/12/11/katie-porter-joins-the-2026-internal-poll-club-00193698,NA,FALSE,DEM,FALSE,TRUE
Breakthrough Campaigns,Woman Up (PAC),NA,California,2024-11-22,2024-11-26,610,LV,Katie Porter,21,DEM,https://www.politico.com/newsletters/california-playbook/2024/12/11/katie-porter-joins-the-2026-internal-poll-club-00193698,NA,FALSE,DEM,FALSE,TRUE
Breakthrough Campaigns,Woman Up (PAC),NA,California,2024-11-22,2024-11-26,618,LV,Xavier Becerra,6,DEM,https://www.politico.com/newsletters/california-playbook/2024/12/11/katie-porter-joins-the-2026-internal-poll-club-00193698,NA,FALSE,DEM,FALSE,TRUE
Breakthrough Campaigns,Woman Up (PAC),NA,California,2024-11-22,2024-11-26,610,LV,Eleni Kounalakis,8,DEM,https://www.politico.com/newsletters/california-playbook/2024/12/11/katie-porter-joins-the-2026-internal-poll-club-00193698,NA,FALSE,DEM,FALSE,TRUE
Breakthrough Campaigns,Woman Up (PAC),NA,California,2024-11-22,2024-11-26,610,LV,Rob Bonta,6,DEM,https://www.politico.com/newsletters/california-playbook/2024/12/11/katie-porter-joins-the-2026-internal-poll-club-00193698,NA,FALSE,DEM,FALSE,TRUE
Breakthrough Campaigns,Woman Up (PAC),NA,California,2024-11-22,2024-11-26,610,LV,Rick Caruso,5,DEM,https://www.politico.com/newsletters/california-playbook/2024/12/11/katie-porter-joins-the-2026-internal-poll-club-00193698,NA,FALSE,DEM,FALSE,TRUE
Breakthrough Campaigns,Woman Up (PAC),NA,California,2024-11-22,2024-11-26,610,LV,Laphonza Romanique Butler,3,DEM,https://www.politico.com/newsletters/california-playbook/2024/12/11/katie-porter-joins-the-2026-internal-poll-club-00193698,NA,FALSE,DEM,FALSE,TRUE
Breakthrough Campaigns,Woman Up (PAC),NA,California,2024-11-22,2024-11-26,610,LV,Tony K. Thurmond,3,DEM,https://www.politico.com/newsletters/california-playbook/2024/12/11/katie-porter-joins-the-2026-internal-poll-club-00193698,NA,FALSE,DEM,FALSE,TRUE
Breakthrough Campaigns,Woman Up (PAC),NA,California,2024-11-22,2024-11-26,610,LV,Betty T. Yee,3,DEM,https://www.politico.com/newsletters/california-playbook/2024/12/11/katie-porter-joins-the-2026-internal-poll-club-00193698,NA,FALSE,DEM,FALSE,TRUE
Breakthrough Campaigns,Woman Up (PAC),NA,California,2024-11-22,2024-11-26,610,LV,Xavier Becerra,2,DEM,https://www.politico.com/newsletters/california-playbook/2024/12/11/katie-porter-joins-the-2026-internal-poll-club-00193698,NA,FALSE,DEM,FALSE,TRUE
Breakthrough Campaigns,Woman Up (PAC),NA,California,2024-11-22,2024-11-26,610,LV,Toni G. Atkins,1,DEM,https://www.politico.com/newsletters/california-playbook/2024/12/11/katie-porter-joins-the-2026-internal-poll-club-00193698,NA,FALSE,DEM,FALSE,TRUE
Breakthrough Campaigns,Woman Up (PAC),NA,California,2024-11-22,2024-11-26,610,LV,Stephen J. Cloobeck,0,DEM,https://www.politico.com/newsletters/california-playbook/2024/12/11/katie-porter-joins-the-2026-internal-poll-club-00193698,NA,FALSE,DEM,FALSE,TRUE
Breakthrough Campaigns,Woman Up (PAC),NA,California,2024-11-22,2024-11-26,610,LV,Steve Garvey,18,REP,https://www.politico.com/newsletters/california-playbook/2024/12/11/katie-porter-joins-the-2026-internal-poll-club-00193698,NA,FALSE,DEM,FALSE,TRUE
Breakthrough Campaigns,Woman Up (PAC),NA,California,2024-11-22,2024-11-26,610,LV,Brian Dahle,9,REP,https://www.politico.com/newsletters/california-playbook/2024/12/11/katie-porter-joins-the-2026-internal-poll-club-00193698,NA,FALSE,DEM,FALSE,TRUE
Breakthrough Campaigns,Woman Up (PAC),NA,California,2024-11-22,2024-11-26,610,LV,Chad Bianco,6,REP,https://www.politico.com/newsletters/california-playbook/2024/12/11/katie-porter-joins-the-2026-internal-poll-club-00193698,NA,FALSE,DEM,FALSE,TRUE
Breakthrough Campaigns,Woman Up (PAC),NA,California,2024-11-22,2024-11-26,610,LV,Antonio Ramón Villaraigosa,3,DEM,https://www.politico.com/newsletters/california-playbook/2024/12/11/katie-porter-joins-the-2026-internal-poll-club-00193698,NA,FALSE,DEM,FALSE,TRUE
Capitol Weekly,NA,NA,California,2025-02-03,2025-02-07,1200,RV,Lanhee Chen,10,REP,https://capitolweekly.net/ca-120-dems-in-a-funk-but-harris-and-newsom-could-still-shine/,NA,FALSE,NA,FALSE,TRUE
Capitol Weekly,NA,NA,California,2025-02-03,2025-02-07,1200,RV,Betty T. Yee,2,DEM,https://capitolweekly.net/ca-120-dems-in-a-funk-but-harris-and-newsom-could-still-shine/,NA,FALSE,NA,FALSE,TRUE
Capitol Weekly,NA,NA,California,2025-02-03,2025-02-07,1200,RV,John Cox,21,REP,https://capitolweekly.net/ca-120-dems-in-a-funk-but-harris-and-newsom-could-still-shine/,NA,FALSE,NA,FALSE,TRUE
Capitol Weekly,NA,NA,California,2025-02-03,2025-02-07,1200,RV,Rick Caruso,8,DEM,https://capitolweekly.net/ca-120-dems-in-a-funk-but-harris-and-newsom-could-still-shine/,NA,FALSE,NA,FALSE,TRUE
Capitol Weekly,NA,NA,California,2025-02-03,2025-02-07,1200,RV,Laphonza Romanique Butler,2,DEM,https://capitolweekly.net/ca-120-dems-in-a-funk-but-harris-and-newsom-could-still-shine/,NA,FALSE,NA,FALSE,TRUE
Capitol Weekly,NA,NA,California,2025-02-03,2025-02-07,1200,RV,Xavier Becerra,4,DEM,https://capitolweekly.net/ca-120-dems-in-a-funk-but-harris-and-newsom-could-still-shine/,NA,FALSE,NA,FALSE,TRUE
Capitol Weekly,NA,NA,California,2025-02-03,2025-02-07,1200,RV,Toni G. Atkins,2,DEM,https://capitolweekly.net/ca-120-dems-in-a-funk-but-harris-and-newsom-could-still-shine/,NA,FALSE,NA,FALSE,TRUE
Capitol Weekly,NA,NA,California,2025-02-03,2025-02-07,1200,RV,Rob Bonta,7,DEM,https://capitolweekly.net/ca-120-dems-in-a-funk-but-harris-and-newsom-could-still-shine/,NA,FALSE,NA,FALSE,TRUE
Capitol Weekly,NA,NA,California,2025-02-03,2025-02-07,1200,RV,Eleni Kounalakis,2,DEM,https://capitolweekly.net/ca-120-dems-in-a-funk-but-harris-and-newsom-could-still-shine/,NA,FALSE,NA,FALSE,TRUE
Capitol Weekly,NA,NA,California,2025-02-03,2025-02-07,1200,RV,Kamala Harris,23,DEM,https://capitolweekly.net/ca-120-dems-in-a-funk-but-harris-and-newsom-could-still-shine/,NA,FALSE,NA,FALSE,TRUE
Capitol Weekly,NA,NA,California,2025-02-03,2025-02-07,1200,RV,Katie Porter,16,DEM,https://capitolweekly.net/ca-120-dems-in-a-funk-but-harris-and-newsom-could-still-shine/,NA,FALSE,NA,FALSE,TRUE
Capitol Weekly,NA,NA,California,2025-02-03,2025-02-07,1200,RV,Tony K. Thurmond,1,DEM,https://capitolweekly.net/ca-120-dems-in-a-funk-but-harris-and-newsom-could-still-shine/,NA,FALSE,NA,FALSE,TRUE
Capitol Weekly,NA,NA,California,2025-02-03,2025-02-07,1200,RV,Stephen J. Cloobeck,0,DEM,https://capitolweekly.net/ca-120-dems-in-a-funk-but-harris-and-newsom-could-still-shine/,NA,FALSE,NA,FALSE,TRUE
Capitol Weekly,NA,NA,California,2025-02-03,2025-02-07,1200,RV,Antonio Ramón Villaraigosa,2,DEM,https://capitolweekly.net/ca-120-dems-in-a-funk-but-harris-and-newsom-could-still-shine/,NA,FALSE,NA,FALSE,TRUE
Capitol Weekly,NA,NA,California,2025-02-03,2025-02-07,1200,RV,Eleni Kounalakis,5,DEM,https://capitolweekly.net/ca-120-dems-in-a-funk-but-harris-and-newsom-could-still-shine/,NA,FALSE,NA,FALSE,TRUE
Capitol Weekly,NA,NA,California,2025-02-03,2025-02-07,1200,RV,Xavier Becerra,5,DEM,https://capitolweekly.net/ca-120-dems-in-a-funk-but-harris-and-newsom-could-still-shine/,NA,FALSE,NA,FALSE,TRUE
Capitol Weekly,NA,NA,California,2025-02-03,2025-02-07,1200,RV,Stephen J. Cloobeck,0,DEM,https://capitolweekly.net/ca-120-dems-in-a-funk-but-harris-and-newsom-could-still-shine/,NA,FALSE,NA,FALSE,TRUE
Capitol Weekly,NA,NA,California,2025-02-03,2025-02-07,1200,RV,Katie Porter,26,DEM,https://capitolweekly.net/ca-120-dems-in-a-funk-but-harris-and-newsom-could-still-shine/,NA,FALSE,NA,FALSE,TRUE
Capitol Weekly,NA,NA,California,2025-02-03,2025-02-07,1200,RV,Lanhee Chen,9,REP,https://capitolweekly.net/ca-120-dems-in-a-funk-but-harris-and-newsom-could-still-shine/,NA,FALSE,NA,FALSE,TRUE
Capitol Weekly,NA,NA,California,2025-02-03,2025-02-07,1200,RV,Betty T. Yee,3,DEM,https://capitolweekly.net/ca-120-dems-in-a-funk-but-harris-and-newsom-could-still-shine/,NA,FALSE,NA,FALSE,TRUE
Capitol Weekly,NA,NA,California,2025-02-03,2025-02-07,1200,RV,John Cox,21,REP,https://capitolweekly.net/ca-120-dems-in-a-funk-but-harris-and-newsom-could-still-shine/,NA,FALSE,NA,FALSE,TRUE
Capitol Weekly,NA,NA,California,2025-02-03,2025-02-07,1200,RV,Antonio Ramón Villaraigosa,3,DEM,https://capitolweekly.net/ca-120-dems-in-a-funk-but-harris-and-newsom-could-still-shine/,NA,FALSE,NA,FALSE,TRUE
Capitol Weekly,NA,NA,California,2025-02-03,2025-02-07,1200,RV,Laphonza Romanique Butler,4,DEM,https://capitolweekly.net/ca-120-dems-in-a-funk-but-harris-and-newsom-could-still-shine/,NA,FALSE,NA,FALSE,TRUE
Capitol Weekly,NA,NA,California,2025-02-03,2025-02-07,1200,RV,Tony K. Thurmond,2,DEM,https://capitolweekly.net/ca-120-dems-in-a-funk-but-harris-and-newsom-could-still-shine/,NA,FALSE,NA,FALSE,TRUE
Capitol Weekly,NA,NA,California,2025-02-03,2025-02-07,1200,RV,Toni G. Atkins,3,DEM,https://capitolweekly.net/ca-120-dems-in-a-funk-but-harris-and-newsom-could-still-shine/,NA,FALSE,NA,FALSE,TRUE
Capitol Weekly,NA,NA,California,2025-02-03,2025-02-07,1200,RV,Rob Bonta,9,DEM,https://capitolweekly.net/ca-120-dems-in-a-funk-but-harris-and-newsom-could-still-shine/,NA,FALSE,NA,FALSE,TRUE
Capitol Weekly,NA,NA,California,2025-02-03,2025-02-07,1200,RV,Rick Caruso,8,DEM,https://capitolweekly.net/ca-120-dems-in-a-funk-but-harris-and-newsom-could-still-shine/,NA,FALSE,NA,FALSE,TRUE
Emerson College,"Inside California Politics, The Hill",NA,California,2025-04-12,2025-04-14,911,LV,Xavier Becerra,1.8,DEM,https://emersoncollegepolling.com/april-2025-california-poll-harris-leads-hypothetical-gubernatorial-primary-50-of-voters-think-she-should-not-run/,Online Opt-In Panel/Text-to-Web,FALSE,NA,FALSE,TRUE
Emerson College,"Inside California Politics, The Hill",NA,California,2025-04-12,2025-04-14,911,LV,Eleni Kounalakis,2,DEM,https://emersoncollegepolling.com/april-2025-california-poll-harris-leads-hypothetical-gubernatorial-primary-50-of-voters-think-she-should-not-run/,Online Opt-In Panel/Text-to-Web,FALSE,NA,FALSE,TRUE
Emerson College,"Inside California Politics, The Hill",NA,California,2025-04-12,2025-04-14,911,LV,Tony K. Thurmond,0.7,DEM,https://emersoncollegepolling.com/april-2025-california-poll-harris-leads-hypothetical-gubernatorial-primary-50-of-voters-think-she-should-not-run/,Online Opt-In Panel/Text-to-Web,FALSE,NA,FALSE,TRUE
Emerson College,"Inside California Politics, The Hill",NA,California,2025-04-12,2025-04-14,911,LV,Betty T. Yee,1.1,DEM,https://emersoncollegepolling.com/april-2025-california-poll-harris-leads-hypothetical-gubernatorial-primary-50-of-voters-think-she-should-not-run/,Online Opt-In Panel/Text-to-Web,FALSE,NA,FALSE,TRUE
Emerson College,"Inside California Politics, The Hill",NA,California,2025-04-12,2025-04-14,911,LV,Michael Younger,0.2,DEM,https://emersoncollegepolling.com/april-2025-california-poll-harris-leads-hypothetical-gubernatorial-primary-50-of-voters-think-she-should-not-run/,Online Opt-In Panel/Text-to-Web,FALSE,NA,FALSE,TRUE
Emerson College,"Inside California Politics, The Hill",NA,California,2025-04-12,2025-04-14,911,LV,Katie Porter,7.7,DEM,https://emersoncollegepolling.com/april-2025-california-poll-harris-leads-hypothetical-gubernatorial-primary-50-of-voters-think-she-should-not-run/,Online Opt-In Panel/Text-to-Web,FALSE,NA,FALSE,TRUE
Emerson College,"Inside California Politics, The Hill",NA,California,2025-04-12,2025-04-14,911,LV,Antonio Ramón Villaraigosa,1.9,DEM,https://emersoncollegepolling.com/april-2025-california-poll-harris-leads-hypothetical-gubernatorial-primary-50-of-voters-think-she-should-not-run/,Online Opt-In Panel/Text-to-Web,FALSE,NA,FALSE,TRUE
Emerson College,"Inside California Politics, The Hill",NA,California,2025-04-12,2025-04-14,911,LV,Leo S. Zacky,0.3,REP,https://emersoncollegepolling.com/april-2025-california-poll-harris-leads-hypothetical-gubernatorial-primary-50-of-voters-think-she-should-not-run/,Online Opt-In Panel/Text-to-Web,FALSE,NA,FALSE,TRUE
Emerson College,"Inside California Politics, The Hill",NA,California,2025-04-12,2025-04-14,911,LV,Sharifah Hardie,0.9,REP,https://emersoncollegepolling.com/april-2025-california-poll-harris-leads-hypothetical-gubernatorial-primary-50-of-voters-think-she-should-not-run/,Online Opt-In Panel/Text-to-Web,FALSE,NA,FALSE,TRUE
Emerson College,"Inside California Politics, The Hill",NA,California,2025-04-12,2025-04-14,911,LV,Brandon Jones,0.6,REP,https://emersoncollegepolling.com/april-2025-california-poll-harris-leads-hypothetical-gubernatorial-primary-50-of-voters-think-she-should-not-run/,Online Opt-In Panel/Text-to-Web,FALSE,NA,FALSE,TRUE
Emerson College,"Inside California Politics, The Hill",NA,California,2025-04-12,2025-04-14,911,LV,Daniel Mercuri,0.4,REP,https://emersoncollegepolling.com/april-2025-california-poll-harris-leads-hypothetical-gubernatorial-primary-50-of-voters-think-she-should-not-run/,Online Opt-In Panel/Text-to-Web,FALSE,NA,FALSE,TRUE
Emerson College,"Inside California Politics, The Hill",NA,California,2025-04-12,2025-04-14,911,LV,Kyle Langford,1.9,REP,https://emersoncollegepolling.com/april-2025-california-poll-harris-leads-hypothetical-gubernatorial-primary-50-of-voters-think-she-should-not-run/,Online Opt-In Panel/Text-to-Web,FALSE,NA,FALSE,TRUE
Emerson College,"Inside California Politics, The Hill",NA,California,2025-04-12,2025-04-14,911,LV,Butch Ware,0.1,GRE,https://emersoncollegepolling.com/april-2025-california-poll-harris-leads-hypothetical-gubernatorial-primary-50-of-voters-think-she-should-not-run/,Online Opt-In Panel/Text-to-Web,FALSE,NA,FALSE,TRUE
Emerson College,"Inside California Politics, The Hill",NA,California,2025-04-12,2025-04-14,911,LV,Jimmy Parker,1.1,REP,https://emersoncollegepolling.com/april-2025-california-poll-harris-leads-hypothetical-gubernatorial-primary-50-of-voters-think-she-should-not-run/,Online Opt-In Panel/Text-to-Web,FALSE,NA,FALSE,TRUE
Emerson College,"Inside California Politics, The Hill",NA,California,2025-04-12,2025-04-14,911,LV,Stephen J. Cloobeck,1.1,DEM,https://emersoncollegepolling.com/april-2025-california-poll-harris-leads-hypothetical-gubernatorial-primary-50-of-voters-think-she-should-not-run/,Online Opt-In Panel/Text-to-Web,FALSE,NA,FALSE,TRUE
Emerson College,"Inside California Politics, The Hill",NA,California,2025-04-12,2025-04-14,911,LV,Chad Bianco,4.2,REP,https://emersoncollegepolling.com/april-2025-california-poll-harris-leads-hypothetical-gubernatorial-primary-50-of-voters-think-she-should-not-run/,Online Opt-In Panel/Text-to-Web,FALSE,NA,FALSE,TRUE
Emerson College,"Inside California Politics, The Hill",NA,California,2025-04-12,2025-04-14,911,LV,Toni G. Atkins,0.7,DEM,https://emersoncollegepolling.com/april-2025-california-poll-harris-leads-hypothetical-gubernatorial-primary-50-of-voters-think-she-should-not-run/,Online Opt-In Panel/Text-to-Web,FALSE,NA,FALSE,TRUE
Emerson College,"Inside California Politics, The Hill",NA,California,2025-04-12,2025-04-14,899,LV,Butch Ware,0.3,GRE,https://emersoncollegepolling.com/april-2025-california-poll-harris-leads-hypothetical-gubernatorial-primary-50-of-voters-think-she-should-not-run/,Online Opt-In Panel/Text-to-Web,FALSE,NA,FALSE,TRUE
Emerson College,"Inside California Politics, The Hill",NA,California,2025-04-12,2025-04-14,899,LV,Jimmy Parker,1.4,REP,https://emersoncollegepolling.com/april-2025-california-poll-harris-leads-hypothetical-gubernatorial-primary-50-of-voters-think-she-should-not-run/,Online Opt-In Panel/Text-to-Web,FALSE,NA,FALSE,TRUE
Emerson College,"Inside California Politics, The Hill",NA,California,2025-04-12,2025-04-14,899,LV,Toni G. Atkins,2,DEM,https://emersoncollegepolling.com/april-2025-california-poll-harris-leads-hypothetical-gubernatorial-primary-50-of-voters-think-she-should-not-run/,Online Opt-In Panel/Text-to-Web,FALSE,NA,FALSE,TRUE
Emerson College,"Inside California Politics, The Hill",NA,California,2025-04-12,2025-04-14,899,LV,Stephen J. Cloobeck,1.4,DEM,https://emersoncollegepolling.com/april-2025-california-poll-harris-leads-hypothetical-gubernatorial-primary-50-of-voters-think-she-should-not-run/,Online Opt-In Panel/Text-to-Web,FALSE,NA,FALSE,TRUE
Emerson College,"Inside California Politics, The Hill",NA,California,2025-04-12,2025-04-14,899,LV,Eleni Kounalakis,2.8,DEM,https://emersoncollegepolling.com/april-2025-california-poll-harris-leads-hypothetical-gubernatorial-primary-50-of-voters-think-she-should-not-run/,Online Opt-In Panel/Text-to-Web,FALSE,NA,FALSE,TRUE
Emerson College,"Inside California Politics, The Hill",NA,California,2025-04-12,2025-04-14,899,LV,Tony K. Thurmond,1.6,DEM,https://emersoncollegepolling.com/april-2025-california-poll-harris-leads-hypothetical-gubernatorial-primary-50-of-voters-think-she-should-not-run/,Online Opt-In Panel/Text-to-Web,FALSE,NA,FALSE,TRUE
Emerson College,"Inside California Politics, The Hill",NA,California,2025-04-12,2025-04-14,899,LV,Betty T. Yee,2.6,DEM,https://emersoncollegepolling.com/april-2025-california-poll-harris-leads-hypothetical-gubernatorial-primary-50-of-voters-think-she-should-not-run/,Online Opt-In Panel/Text-to-Web,FALSE,NA,FALSE,TRUE
Emerson College,"Inside California Politics, The Hill",NA,California,2025-04-12,2025-04-14,899,LV,Michael Younger,0.4,DEM,https://emersoncollegepolling.com/april-2025-california-poll-harris-leads-hypothetical-gubernatorial-primary-50-of-voters-think-she-should-not-run/,Online Opt-In Panel/Text-to-Web,FALSE,NA,FALSE,TRUE
Emerson College,"Inside California Politics, The Hill",NA,California,2025-04-12,2025-04-14,899,LV,Xavier Becerra,3,DEM,https://emersoncollegepolling.com/april-2025-california-poll-harris-leads-hypothetical-gubernatorial-primary-50-of-voters-think-she-should-not-run/,Online Opt-In Panel/Text-to-Web,FALSE,NA,FALSE,TRUE
Emerson College,"Inside California Politics, The Hill",NA,California,2025-04-12,2025-04-14,899,LV,Katie Porter,12.4,DEM,https://emersoncollegepolling.com/april-2025-california-poll-harris-leads-hypothetical-gubernatorial-primary-50-of-voters-think-she-should-not-run/,Online Opt-In Panel/Text-to-Web,FALSE,NA,FALSE,TRUE
Emerson College,"Inside California Politics, The Hill",NA,California,2025-04-12,2025-04-14,899,LV,Chad Bianco,4.3,REP,https://emersoncollegepolling.com/april-2025-california-poll-harris-leads-hypothetical-gubernatorial-primary-50-of-voters-think-she-should-not-run/,Online Opt-In Panel/Text-to-Web,FALSE,NA,FALSE,TRUE
Emerson College,"Inside California Politics, The Hill",NA,California,2025-04-12,2025-04-14,899,LV,Sharifah Hardie,0.4,REP,https://emersoncollegepolling.com/april-2025-california-poll-harris-leads-hypothetical-gubernatorial-primary-50-of-voters-think-she-should-not-run/,Online Opt-In Panel/Text-to-Web,FALSE,NA,FALSE,TRUE
Emerson College,"Inside California Politics, The Hill",NA,California,2025-04-12,2025-04-14,899,LV,Brandon Jones,1,REP,https://emersoncollegepolling.com/april-2025-california-poll-harris-leads-hypothetical-gubernatorial-primary-50-of-voters-think-she-should-not-run/,Online Opt-In Panel/Text-to-Web,FALSE,NA,FALSE,TRUE
Emerson College,"Inside California Politics, The Hill",NA,California,2025-04-12,2025-04-14,899,LV,Daniel Mercuri,0.6,REP,https://emersoncollegepolling.com/april-2025-california-poll-harris-leads-hypothetical-gubernatorial-primary-50-of-voters-think-she-should-not-run/,Online Opt-In Panel/Text-to-Web,FALSE,NA,FALSE,TRUE
Emerson College,"Inside California Politics, The Hill",NA,California,2025-04-12,2025-04-14,899,LV,Kyle Langford,1.8,REP,https://emersoncollegepolling.com/april-2025-california-poll-harris-leads-hypothetical-gubernatorial-primary-50-of-voters-think-she-should-not-run/,Online Opt-In Panel/Text-to-Web,FALSE,NA,FALSE,TRUE
Emerson College,"Inside California Politics, The Hill",NA,California,2025-04-12,2025-04-14,911,LV,Kamala Harris,31.2,DEM,https://emersoncollegepolling.com/april-2025-california-poll-harris-leads-hypothetical-gubernatorial-primary-50-of-voters-think-she-should-not-run/,Online Opt-In Panel/Text-to-Web,FALSE,NA,FALSE,TRUE
Emerson College,"Inside California Politics, The Hill",NA,California,2025-04-12,2025-04-14,899,LV,Leo S. Zacky,0,REP,https://emersoncollegepolling.com/april-2025-california-poll-harris-leads-hypothetical-gubernatorial-primary-50-of-voters-think-she-should-not-run/,Online Opt-In Panel/Text-to-Web,FALSE,NA,FALSE,TRUE
Emerson College,"Inside California Politics, The Hill",NA,California,2025-04-12,2025-04-14,899,LV,Antonio Ramón Villaraigosa,4.9,DEM,https://emersoncollegepolling.com/april-2025-california-poll-harris-leads-hypothetical-gubernatorial-primary-50-of-voters-think-she-should-not-run/,Online Opt-In Panel/Text-to-Web,FALSE,NA,FALSE,TRUE
University of California Irvine School of Social Ecology/Truedot,NA,NA,California,2025-05-29,2025-06-04,2000,A,Xavier Becerra,2,DEM,https://issuu.com/ucisocialecology/docs/7-2-2025-uci-oc_poll-4,Online Opt-In Panel,FALSE,NA,FALSE,TRUE
University of California Irvine School of Social Ecology/Truedot,NA,NA,California,2025-05-29,2025-06-04,2000,A,Kyle Langford,2,REP,https://issuu.com/ucisocialecology/docs/7-2-2025-uci-oc_poll-4,Online Opt-In Panel,FALSE,NA,FALSE,TRUE
University of California Irvine School of Social Ecology/Truedot,NA,NA,California,2025-05-29,2025-06-04,2000,A,Eleni Kounalakis,2,DEM,https://issuu.com/ucisocialecology/docs/7-2-2025-uci-oc_poll-4,Online Opt-In Panel,FALSE,NA,FALSE,TRUE
University of California Irvine School of Social Ecology/Truedot,NA,NA,California,2025-05-29,2025-06-04,2000,A,Antonio Ramón Villaraigosa,4,DEM,https://issuu.com/ucisocialecology/docs/7-2-2025-uci-oc_poll-4,Online Opt-In Panel,FALSE,NA,FALSE,TRUE
University of California Irvine School of Social Ecology/Truedot,NA,NA,California,2025-05-29,2025-06-04,2000,A,Kamala Harris,24,DEM,https://issuu.com/ucisocialecology/docs/7-2-2025-uci-oc_poll-4,Online Opt-In Panel,FALSE,NA,FALSE,TRUE
University of California Irvine School of Social Ecology/Truedot,NA,NA,California,2025-05-29,2025-06-04,2000,A,Rick Caruso,9,DEM,https://issuu.com/ucisocialecology/docs/7-2-2025-uci-oc_poll-4,Online Opt-In Panel,FALSE,NA,FALSE,TRUE
University of California Irvine School of Social Ecology/Truedot,NA,NA,California,2025-05-29,2025-06-04,2000,A,Chad Bianco,4,REP,https://issuu.com/ucisocialecology/docs/7-2-2025-uci-oc_poll-4,Online Opt-In Panel,FALSE,NA,FALSE,TRUE
University of California Irvine School of Social Ecology/Truedot,NA,NA,California,2025-05-29,2025-06-04,2000,A,Katie Porter,6,DEM,https://issuu.com/ucisocialecology/docs/7-2-2025-uci-oc_poll-4,Online Opt-In Panel,FALSE,NA,FALSE,TRUE
University of California Berkeley Jack Citrin Center for Public Opinion Research/Possibility Lab/TrueDot,"Politico, California Constitution Center at Berkeley Law School",NA,California,2025-07-31,2025-08-12,875,RV,Chad Bianco,15,REP,https://www.politico.com/news/2025/08/21/katie-porter-california-governor-race-poll-00517347,Text/Online Ad/Email,FALSE,NA,FALSE,TRUE
University of California Berkeley Jack Citrin Center for Public Opinion Research/Possibility Lab/TrueDot,"Politico, California Constitution Center at Berkeley Law School",NA,California,2025-07-31,2025-08-12,875,RV,Tony K. Thurmond,2,DEM,https://www.politico.com/news/2025/08/21/katie-porter-california-governor-race-poll-00517347,Text/Online Ad/Email,FALSE,NA,FALSE,TRUE
University of California Berkeley Jack Citrin Center for Public Opinion Research/Possibility Lab/TrueDot,"Politico, California Constitution Center at Berkeley Law School",NA,California,2025-07-31,2025-08-12,875,RV,Toni G. Atkins,4,DEM,https://www.politico.com/news/2025/08/21/katie-porter-california-governor-race-poll-00517347,Text/Online Ad/Email,FALSE,NA,FALSE,TRUE
University of California Berkeley Jack Citrin Center for Public Opinion Research/Possibility Lab/TrueDot,"Politico, California Constitution Center at Berkeley Law School",NA,California,2025-07-31,2025-08-12,875,RV,Rick Caruso,6,DEM,https://www.politico.com/news/2025/08/21/katie-porter-california-governor-race-poll-00517347,Text/Online Ad/Email,FALSE,NA,FALSE,TRUE
University of California Berkeley Jack Citrin Center for Public Opinion Research/Possibility Lab/TrueDot,"Politico, California Constitution Center at Berkeley Law School",NA,California,2025-07-31,2025-08-12,875,RV,Betty T. Yee,6,DEM,https://www.politico.com/news/2025/08/21/katie-porter-california-governor-race-poll-00517347,Text/Online Ad/Email,FALSE,NA,FALSE,TRUE
University of California Berkeley Jack Citrin Center for Public Opinion Research/Possibility Lab/TrueDot,"Politico, California Constitution Center at Berkeley Law School",NA,California,2025-07-31,2025-08-12,875,RV,Eleni Kounalakis,7,DEM,https://www.politico.com/news/2025/08/21/katie-porter-california-governor-race-poll-00517347,Text/Online Ad/Email,FALSE,NA,FALSE,TRUE
University of California Berkeley Jack Citrin Center for Public Opinion Research/Possibility Lab/TrueDot,"Politico, California Constitution Center at Berkeley Law School",NA,California,2025-07-31,2025-08-12,875,RV,Antonio Ramón Villaraigosa,9,DEM,https://www.politico.com/news/2025/08/21/katie-porter-california-governor-race-poll-00517347,Text/Online Ad/Email,FALSE,NA,FALSE,TRUE
University of California Berkeley Jack Citrin Center for Public Opinion Research/Possibility Lab/TrueDot,"Politico, California Constitution Center at Berkeley Law School",NA,California,2025-07-31,2025-08-12,875,RV,Xavier Becerra,9,DEM,https://www.politico.com/news/2025/08/21/katie-porter-california-governor-race-poll-00517347,Text/Online Ad/Email,FALSE,NA,FALSE,TRUE
University of California Berkeley Jack Citrin Center for Public Opinion Research/Possibility Lab/TrueDot,"Politico, California Constitution Center at Berkeley Law School",NA,California,2025-07-31,2025-08-12,875,RV,Steve Hilton,10,REP,https://www.politico.com/news/2025/08/21/katie-porter-california-governor-race-poll-00517347,Text/Online Ad/Email,FALSE,NA,FALSE,TRUE
University of California Berkeley Jack Citrin Center for Public Opinion Research/Possibility Lab/TrueDot,"Politico, California Constitution Center at Berkeley Law School",NA,California,2025-07-31,2025-08-12,875,RV,Katie Porter,21,DEM,https://www.politico.com/news/2025/08/21/katie-porter-california-governor-race-poll-00517347,Text/Online Ad/Email,FALSE,NA,FALSE,TRUE
University of California Berkeley Jack Citrin Center for Public Opinion Research/Possibility Lab/TrueDot,"Politico, California Constitution Center at Berkeley Law School",NA,California,2025-07-31,2025-08-12,875,RV,Stephen J. Cloobeck,2,DEM,https://www.politico.com/news/2025/08/21/katie-porter-california-governor-race-poll-00517347,Text/Online Ad/Email,FALSE,NA,FALSE,TRUE
Emerson College,NA,NA,California,2025-08-04,2025-08-05,1000,RV,Sharifah Hardie,0.7,REP,https://emersoncollegepolling.com/california-2026-poll/,Online Opt-In Panel/Text-to-Web/Email,FALSE,NA,FALSE,TRUE
Emerson College,NA,NA,California,2025-08-04,2025-08-05,1000,RV,Steve Hilton,11.8,REP,https://emersoncollegepolling.com/california-2026-poll/,Online Opt-In Panel/Text-to-Web/Email,FALSE,NA,FALSE,TRUE
Emerson College,NA,NA,California,2025-08-04,2025-08-05,1000,RV,Toni G. Atkins,1.5,DEM,https://emersoncollegepolling.com/california-2026-poll/,Online Opt-In Panel/Text-to-Web/Email,FALSE,NA,FALSE,TRUE
Emerson College,NA,NA,California,2025-08-04,2025-08-05,1000,RV,Eleni Kounalakis,2.5,DEM,https://emersoncollegepolling.com/california-2026-poll/,Online Opt-In Panel/Text-to-Web/Email,FALSE,NA,FALSE,TRUE
Emerson College,NA,NA,California,2025-08-04,2025-08-05,1000,RV,Tony K. Thurmond,1,DEM,https://emersoncollegepolling.com/california-2026-poll/,Online Opt-In Panel/Text-to-Web/Email,FALSE,NA,FALSE,TRUE
Emerson College,NA,NA,California,2025-08-04,2025-08-05,1000,RV,Betty T. Yee,1.9,DEM,https://emersoncollegepolling.com/california-2026-poll/,Online Opt-In Panel/Text-to-Web/Email,FALSE,NA,FALSE,TRUE
Emerson College,NA,NA,California,2025-08-04,2025-08-05,1000,RV,Katie Porter,17.6,DEM,https://emersoncollegepolling.com/california-2026-poll/,Online Opt-In Panel/Text-to-Web/Email,FALSE,NA,FALSE,TRUE
Emerson College,NA,NA,California,2025-08-04,2025-08-05,1000,RV,Xavier Becerra,2.7,DEM,https://emersoncollegepolling.com/california-2026-poll/,Online Opt-In Panel/Text-to-Web/Email,FALSE,NA,FALSE,TRUE
Emerson College,NA,NA,California,2025-08-04,2025-08-05,1000,RV,Antonio Ramón Villaraigosa,4.6,DEM,https://emersoncollegepolling.com/california-2026-poll/,Online Opt-In Panel/Text-to-Web/Email,FALSE,NA,FALSE,TRUE
Emerson College,NA,NA,California,2025-08-04,2025-08-05,1000,RV,Stephen J. Cloobeck,2.4,DEM,https://emersoncollegepolling.com/california-2026-poll/,Online Opt-In Panel/Text-to-Web/Email,FALSE,NA,FALSE,TRUE
Emerson College,NA,NA,California,2025-08-04,2025-08-05,1000,RV,Chad Bianco,7.1,REP,https://emersoncollegepolling.com/california-2026-poll/,Online Opt-In Panel/Text-to-Web/Email,FALSE,NA,FALSE,TRUE
Emerson College,NA,NA,California,2025-08-04,2025-08-05,1000,RV,Butch Ware,0.6,GRE,https://emersoncollegepolling.com/california-2026-poll/,Online Opt-In Panel/Text-to-Web/Email,FALSE,NA,FALSE,TRUE
Emerson College,NA,NA,California,2025-08-04,2025-08-05,1000,RV,Jimmy Parker,0.5,REP,https://emersoncollegepolling.com/california-2026-poll/,Online Opt-In Panel/Text-to-Web/Email,FALSE,NA,FALSE,TRUE
Emerson College,NA,NA,California,2025-08-04,2025-08-05,1000,RV,Leo S. Zacky,0.6,REP,https://emersoncollegepolling.com/california-2026-poll/,Online Opt-In Panel/Text-to-Web/Email,FALSE,NA,FALSE,TRUE
Emerson College,NA,NA,California,2025-08-04,2025-08-05,1000,RV,Kyle Langford,0.3,REP,https://emersoncollegepolling.com/california-2026-poll/,Online Opt-In Panel/Text-to-Web/Email,FALSE,NA,FALSE,TRUE
Emerson College,NA,NA,California,2025-08-04,2025-08-05,1000,RV,Daniel Mercuri,0.6,REP,https://emersoncollegepolling.com/california-2026-poll/,Online Opt-In Panel/Text-to-Web/Email,FALSE,NA,FALSE,TRUE
Emerson College,NA,NA,California,2025-08-04,2025-08-05,1000,RV,Brandon Jones,0.6,REP,https://emersoncollegepolling.com/california-2026-poll/,Online Opt-In Panel/Text-to-Web/Email,FALSE,NA,FALSE,TRUE
Emerson College,NA,NA,California,2025-08-04,2025-08-05,1000,RV,Rick Caruso,4.1,DEM,https://emersoncollegepolling.com/california-2026-poll/,Online Opt-In Panel/Text-to-Web/Email,FALSE,NA,FALSE,TRUE
University of California Berkeley,Los Angeles Times,NA,California,2025-08-11,2025-08-17,4950,RV,Stephen J. Cloobeck,0,DEM,https://www.latimes.com/california/story/2025-08-26/la-times-berkeley-poll-california-governors-race-kamala-harris-katie-porter-chad-bianco-gavin-newsom,Text-to-Web/Email,FALSE,NA,FALSE,TRUE
University of California Berkeley,Los Angeles Times,NA,California,2025-08-11,2025-08-17,4950,RV,Toni G. Atkins,1,DEM,https://www.latimes.com/california/story/2025-08-26/la-times-berkeley-poll-california-governors-race-kamala-harris-katie-porter-chad-bianco-gavin-newsom,Text-to-Web/Email,FALSE,NA,FALSE,TRUE
University of California Berkeley,Los Angeles Times,NA,California,2025-08-11,2025-08-17,4950,RV,Tony K. Thurmond,1,DEM,https://www.latimes.com/california/story/2025-08-26/la-times-berkeley-poll-california-governors-race-kamala-harris-katie-porter-chad-bianco-gavin-newsom,Text-to-Web/Email,FALSE,NA,FALSE,TRUE
University of California Berkeley,Los Angeles Times,NA,California,2025-08-11,2025-08-17,4950,RV,Richard Allen Grenell,2,REP,https://www.latimes.com/california/story/2025-08-26/la-times-berkeley-poll-california-governors-race-kamala-harris-katie-porter-chad-bianco-gavin-newsom,Text-to-Web/Email,FALSE,NA,FALSE,TRUE
University of California Berkeley,Los Angeles Times,NA,California,2025-08-11,2025-08-17,4950,RV,Brian Dahle,2,REP,https://www.latimes.com/california/story/2025-08-26/la-times-berkeley-poll-california-governors-race-kamala-harris-katie-porter-chad-bianco-gavin-newsom,Text-to-Web/Email,FALSE,NA,FALSE,TRUE
University of California Berkeley,Los Angeles Times,NA,California,2025-08-11,2025-08-17,4950,RV,Betty T. Yee,2,DEM,https://www.latimes.com/california/story/2025-08-26/la-times-berkeley-poll-california-governors-race-kamala-harris-katie-porter-chad-bianco-gavin-newsom,Text-to-Web/Email,FALSE,NA,FALSE,TRUE
University of California Berkeley,Los Angeles Times,NA,California,2025-08-11,2025-08-17,4950,RV,Xavier Becerra,9,DEM,https://www.latimes.com/california/story/2025-08-26/la-times-berkeley-poll-california-governors-race-kamala-harris-katie-porter-chad-bianco-gavin-newsom,Text-to-Web/Email,FALSE,NA,FALSE,TRUE
University of California Berkeley,Los Angeles Times,NA,California,2025-08-11,2025-08-17,4950,RV,Antonio Ramón Villaraigosa,4,DEM,https://www.latimes.com/california/story/2025-08-26/la-times-berkeley-poll-california-governors-race-kamala-harris-katie-porter-chad-bianco-gavin-newsom,Text-to-Web/Email,FALSE,NA,FALSE,TRUE
University of California Berkeley,Los Angeles Times,NA,California,2025-08-11,2025-08-17,4950,RV,Steve Hilton,6,REP,https://www.latimes.com/california/story/2025-08-26/la-times-berkeley-poll-california-governors-race-kamala-harris-katie-porter-chad-bianco-gavin-newsom,Text-to-Web/Email,FALSE,NA,FALSE,TRUE
University of California Berkeley,Los Angeles Times,NA,California,2025-08-11,2025-08-17,4950,RV,Chad Bianco,10,REP,https://www.latimes.com/california/story/2025-08-26/la-times-berkeley-poll-california-governors-race-kamala-harris-katie-porter-chad-bianco-gavin-newsom,Text-to-Web/Email,FALSE,NA,FALSE,TRUE
University of California Berkeley,Los Angeles Times,NA,California,2025-08-11,2025-08-17,4950,RV,Katie Porter,17,DEM,https://www.latimes.com/california/story/2025-08-26/la-times-berkeley-poll-california-governors-race-kamala-harris-katie-porter-chad-bianco-gavin-newsom,Text-to-Web/Email,FALSE,NA,FALSE,TRUE
University of California Berkeley,Los Angeles Times,NA,California,2025-08-11,2025-08-17,4950,RV,Rick Caruso,4,DEM,https://www.latimes.com/california/story/2025-08-26/la-times-berkeley-poll-california-governors-race-kamala-harris-katie-porter-chad-bianco-gavin-newsom,Text-to-Web/Email,FALSE,NA,FALSE,TRUE
John Zogby Strategies,NA,NA,California,2025-09-07,2025-09-09,1000,LV,Richard Allen Grenell,8,REP,https://californiaglobe.com/fr/new-zogby-poll-steve-hilton-leads-republicans-nearly-all-democrats-in-ca-governors-race/,NA,FALSE,NA,FALSE,TRUE
John Zogby Strategies,NA,NA,California,2025-09-07,2025-09-09,1000,LV,Chad Bianco,10.9,REP,https://californiaglobe.com/fr/new-zogby-poll-steve-hilton-leads-republicans-nearly-all-democrats-in-ca-governors-race/,NA,FALSE,NA,FALSE,TRUE
John Zogby Strategies,NA,NA,California,2025-09-07,2025-09-09,1000,LV,Antonio Ramón Villaraigosa,11.1,DEM,https://californiaglobe.com/fr/new-zogby-poll-steve-hilton-leads-republicans-nearly-all-democrats-in-ca-governors-race/,NA,FALSE,NA,FALSE,TRUE
John Zogby Strategies,NA,NA,California,2025-09-07,2025-09-09,1000,LV,Steve Hilton,14.1,REP,https://californiaglobe.com/fr/new-zogby-poll-steve-hilton-leads-republicans-nearly-all-democrats-in-ca-governors-race/,NA,FALSE,NA,FALSE,TRUE
John Zogby Strategies,NA,NA,California,2025-09-07,2025-09-09,1000,LV,Xavier Becerra,9.4,DEM,https://californiaglobe.com/fr/new-zogby-poll-steve-hilton-leads-republicans-nearly-all-democrats-in-ca-governors-race/,NA,FALSE,NA,FALSE,TRUE
John Zogby Strategies,NA,NA,California,2025-09-07,2025-09-09,1000,LV,Katie Porter,24.8,DEM,https://californiaglobe.com/fr/new-zogby-poll-steve-hilton-leads-republicans-nearly-all-democrats-in-ca-governors-race/,NA,FALSE,NA,FALSE,TRUE
Emerson College,NA,NA,California,2025-09-15,2025-09-16,1000,RV,Jimmy Parker,0.9,REP,https://emersoncollegepolling.com/california-2025-poll-majority-support-proposition-50-in-november-special-election/,Online Opt-In Panel/Text-to-Web/Probability Panel,FALSE,NA,FALSE,TRUE
Emerson College,NA,NA,California,2025-09-15,2025-09-16,1000,RV,Toni G. Atkins,1,DEM,https://emersoncollegepolling.com/california-2025-poll-majority-support-proposition-50-in-november-special-election/,Online Opt-In Panel/Text-to-Web/Probability Panel,FALSE,NA,FALSE,TRUE
Emerson College,NA,NA,California,2025-09-15,2025-09-16,1000,RV,Stephen J. Cloobeck,0.5,DEM,https://emersoncollegepolling.com/california-2025-poll-majority-support-proposition-50-in-november-special-election/,Online Opt-In Panel/Text-to-Web/Probability Panel,FALSE,NA,FALSE,TRUE
Emerson College,NA,NA,California,2025-09-15,2025-09-16,1000,RV,Tony K. Thurmond,1.1,DEM,https://emersoncollegepolling.com/california-2025-poll-majority-support-proposition-50-in-november-special-election/,Online Opt-In Panel/Text-to-Web/Probability Panel,FALSE,NA,FALSE,TRUE
Emerson College,NA,NA,California,2025-09-15,2025-09-16,1000,RV,Betty T. Yee,1.5,DEM,https://emersoncollegepolling.com/california-2025-poll-majority-support-proposition-50-in-november-special-election/,Online Opt-In Panel/Text-to-Web/Probability Panel,FALSE,NA,FALSE,TRUE
Emerson College,NA,NA,California,2025-09-15,2025-09-16,1000,RV,Katie Porter,15.5,DEM,https://emersoncollegepolling.com/california-2025-poll-majority-support-proposition-50-in-november-special-election/,Online Opt-In Panel/Text-to-Web/Probability Panel,FALSE,NA,FALSE,TRUE
Emerson College,NA,NA,California,2025-09-15,2025-09-16,1000,RV,Xavier Becerra,3.4,DEM,https://emersoncollegepolling.com/california-2025-poll-majority-support-proposition-50-in-november-special-election/,Online Opt-In Panel/Text-to-Web/Probability Panel,FALSE,NA,FALSE,TRUE
Emerson College,NA,NA,California,2025-09-15,2025-09-16,1000,RV,Antonio Ramón Villaraigosa,3.9,DEM,https://emersoncollegepolling.com/california-2025-poll-majority-support-proposition-50-in-november-special-election/,Online Opt-In Panel/Text-to-Web/Probability Panel,FALSE,NA,FALSE,TRUE
Emerson College,NA,NA,California,2025-09-15,2025-09-16,1000,RV,Steve Hilton,9.8,REP,https://emersoncollegepolling.com/california-2025-poll-majority-support-proposition-50-in-november-special-election/,Online Opt-In Panel/Text-to-Web/Probability Panel,FALSE,NA,FALSE,TRUE
Emerson College,NA,NA,California,2025-09-15,2025-09-16,1000,RV,Sharifah Hardie,0.8,REP,https://emersoncollegepolling.com/california-2025-poll-majority-support-proposition-50-in-november-special-election/,Online Opt-In Panel/Text-to-Web/Probability Panel,FALSE,NA,FALSE,TRUE
Emerson College,NA,NA,California,2025-09-15,2025-09-16,1000,RV,Brandon Jones,0.4,REP,https://emersoncollegepolling.com/california-2025-poll-majority-support-proposition-50-in-november-special-election/,Online Opt-In Panel/Text-to-Web/Probability Panel,FALSE,NA,FALSE,TRUE
Emerson College,NA,NA,California,2025-09-15,2025-09-16,1000,RV,Daniel Mercuri,1.2,REP,https://emersoncollegepolling.com/california-2025-poll-majority-support-proposition-50-in-november-special-election/,Online Opt-In Panel/Text-to-Web/Probability Panel,FALSE,NA,FALSE,TRUE
Emerson College,NA,NA,California,2025-09-15,2025-09-16,1000,RV,Kyle Langford,0.7,REP,https://emersoncollegepolling.com/california-2025-poll-majority-support-proposition-50-in-november-special-election/,Online Opt-In Panel/Text-to-Web/Probability Panel,FALSE,NA,FALSE,TRUE
Emerson College,NA,NA,California,2025-09-15,2025-09-16,1000,RV,Leo S. Zacky,0.1,REP,https://emersoncollegepolling.com/california-2025-poll-majority-support-proposition-50-in-november-special-election/,Online Opt-In Panel/Text-to-Web/Probability Panel,FALSE,NA,FALSE,TRUE
Emerson College,NA,NA,California,2025-09-15,2025-09-16,1000,RV,Alex Padilla,6.9,DEM,https://emersoncollegepolling.com/california-2025-poll-majority-support-proposition-50-in-november-special-election/,Online Opt-In Panel/Text-to-Web/Probability Panel,FALSE,NA,FALSE,TRUE
Emerson College,NA,NA,California,2025-09-15,2025-09-16,1000,RV,Chad Bianco,7.5,REP,https://emersoncollegepolling.com/california-2025-poll-majority-support-proposition-50-in-november-special-election/,Online Opt-In Panel/Text-to-Web/Probability Panel,FALSE,NA,FALSE,TRUE
Emerson College,NA,NA,California,2025-09-15,2025-09-16,1000,RV,Butch Ware,0.6,GRE,https://emersoncollegepolling.com/california-2025-poll-majority-support-proposition-50-in-november-special-election/,Online Opt-In Panel/Text-to-Web/Probability Panel,FALSE,NA,FALSE,TRUE
Emerson College,NA,NA,California,2025-09-15,2025-09-16,1000,RV,Jimmy Parker,1.3,REP,https://emersoncollegepolling.com/california-2025-poll-majority-support-proposition-50-in-november-special-election/,Online Opt-In Panel/Text-to-Web/Probability Panel,FALSE,NA,FALSE,TRUE
Emerson College,NA,NA,California,2025-09-15,2025-09-16,1000,RV,Butch Ware,0.4,GRE,https://emersoncollegepolling.com/california-2025-poll-majority-support-proposition-50-in-november-special-election/,Online Opt-In Panel/Text-to-Web/Probability Panel,FALSE,NA,FALSE,TRUE
Emerson College,NA,NA,California,2025-09-15,2025-09-16,1000,RV,Toni G. Atkins,1.4,DEM,https://emersoncollegepolling.com/california-2025-poll-majority-support-proposition-50-in-november-special-election/,Online Opt-In Panel/Text-to-Web/Probability Panel,FALSE,NA,FALSE,TRUE
Emerson College,NA,NA,California,2025-09-15,2025-09-16,1000,RV,Stephen J. Cloobeck,0.1,DEM,https://emersoncollegepolling.com/california-2025-poll-majority-support-proposition-50-in-november-special-election/,Online Opt-In Panel/Text-to-Web/Probability Panel,FALSE,NA,FALSE,TRUE
Emerson College,NA,NA,California,2025-09-15,2025-09-16,1000,RV,Tony K. Thurmond,1.3,DEM,https://emersoncollegepolling.com/california-2025-poll-majority-support-proposition-50-in-november-special-election/,Online Opt-In Panel/Text-to-Web/Probability Panel,FALSE,NA,FALSE,TRUE
Emerson College,NA,NA,California,2025-09-15,2025-09-16,1000,RV,Betty T. Yee,3,DEM,https://emersoncollegepolling.com/california-2025-poll-majority-support-proposition-50-in-november-special-election/,Online Opt-In Panel/Text-to-Web/Probability Panel,FALSE,NA,FALSE,TRUE
Emerson College,NA,NA,California,2025-09-15,2025-09-16,1000,RV,Katie Porter,15.8,DEM,https://emersoncollegepolling.com/california-2025-poll-majority-support-proposition-50-in-november-special-election/,Online Opt-In Panel/Text-to-Web/Probability Panel,FALSE,NA,FALSE,TRUE
Emerson College,NA,NA,California,2025-09-15,2025-09-16,1000,RV,Xavier Becerra,4.8,DEM,https://emersoncollegepolling.com/california-2025-poll-majority-support-proposition-50-in-november-special-election/,Online Opt-In Panel/Text-to-Web/Probability Panel,FALSE,NA,FALSE,TRUE
Emerson College,NA,NA,California,2025-09-15,2025-09-16,1000,RV,Antonio Ramón Villaraigosa,3.8,DEM,https://emersoncollegepolling.com/california-2025-poll-majority-support-proposition-50-in-november-special-election/,Online Opt-In Panel/Text-to-Web/Probability Panel,FALSE,NA,FALSE,TRUE
Emerson College,NA,NA,California,2025-09-15,2025-09-16,1000,RV,Chad Bianco,7.9,REP,https://emersoncollegepolling.com/california-2025-poll-majority-support-proposition-50-in-november-special-election/,Online Opt-In Panel/Text-to-Web/Probability Panel,FALSE,NA,FALSE,TRUE
Emerson College,NA,NA,California,2025-09-15,2025-09-16,1000,RV,Steve Hilton,9.9,REP,https://emersoncollegepolling.com/california-2025-poll-majority-support-proposition-50-in-november-special-election/,Online Opt-In Panel/Text-to-Web/Probability Panel,FALSE,NA,FALSE,TRUE
Emerson College,NA,NA,California,2025-09-15,2025-09-16,1000,RV,Sharifah Hardie,0.9,REP,https://emersoncollegepolling.com/california-2025-poll-majority-support-proposition-50-in-november-special-election/,Online Opt-In Panel/Text-to-Web/Probability Panel,FALSE,NA,FALSE,TRUE
Emerson College,NA,NA,California,2025-09-15,2025-09-16,1000,RV,Brandon Jones,1.1,REP,https://emersoncollegepolling.com/california-2025-poll-majority-support-proposition-50-in-november-special-election/,Online Opt-In Panel/Text-to-Web/Probability Panel,FALSE,NA,FALSE,TRUE
Emerson College,NA,NA,California,2025-09-15,2025-09-16,1000,RV,Daniel Mercuri,0.4,REP,https://emersoncollegepolling.com/california-2025-poll-majority-support-proposition-50-in-november-special-election/,Online Opt-In Panel/Text-to-Web/Probability Panel,FALSE,NA,FALSE,TRUE
Emerson College,NA,NA,California,2025-09-15,2025-09-16,1000,RV,Kyle Langford,0.9,REP,https://emersoncollegepolling.com/california-2025-poll-majority-support-proposition-50-in-november-special-election/,Online Opt-In Panel/Text-to-Web/Probability Panel,FALSE,NA,FALSE,TRUE
Emerson College,NA,NA,California,2025-09-15,2025-09-16,1000,RV,Leo S. Zacky,0.1,REP,https://emersoncollegepolling.com/california-2025-poll-majority-support-proposition-50-in-november-special-election/,Online Opt-In Panel/Text-to-Web/Probability Panel,FALSE,NA,FALSE,TRUE
Emerson College,NA,NA,California,2025-09-15,2025-09-16,1000,RV,Rick Caruso,3.7,DEM,https://emersoncollegepolling.com/california-2025-poll-majority-support-proposition-50-in-november-special-election/,Online Opt-In Panel/Text-to-Web/Probability Panel,FALSE,NA,FALSE,TRUE
Emerson College,NA,NA,California,2025-09-15,2025-09-16,1000,RV,Rick Caruso,4.1,DEM,https://emersoncollegepolling.com/california-2025-poll-majority-support-proposition-50-in-november-special-election/,Online Opt-In Panel/Text-to-Web/Probability Panel,FALSE,NA,FALSE,TRUE
Bold Decision,California Chamber of Commerce,NA,California,2025-10-16,2025-10-21,509,LV,Chad Bianco,14,REP,https://www.bold-decision.com/post/11th-annual-calchamber-survey-explores-ca-voter-attitudes,Online Opt-In Panel/Text-to-Web/Probability Panel,FALSE,REP,FALSE,TRUE
Bold Decision,California Chamber of Commerce,NA,California,2025-10-16,2025-10-21,509,LV,Steve Hilton,13,REP,https://www.bold-decision.com/post/11th-annual-calchamber-survey-explores-ca-voter-attitudes,Online Opt-In Panel/Text-to-Web/Probability Panel,FALSE,REP,FALSE,TRUE
Bold Decision,California Chamber of Commerce,NA,California,2025-10-16,2025-10-21,509,LV,Katie Porter,12,DEM,https://www.bold-decision.com/post/11th-annual-calchamber-survey-explores-ca-voter-attitudes,Online Opt-In Panel/Text-to-Web/Probability Panel,FALSE,REP,FALSE,TRUE
Bold Decision,California Chamber of Commerce,NA,California,2025-10-16,2025-10-21,509,LV,Antonio Ramón Villaraigosa,7,DEM,https://www.bold-decision.com/post/11th-annual-calchamber-survey-explores-ca-voter-attitudes,Online Opt-In Panel/Text-to-Web/Probability Panel,FALSE,REP,FALSE,TRUE
Bold Decision,California Chamber of Commerce,NA,California,2025-10-16,2025-10-21,509,LV,Tom Steyer,7,DEM,https://www.bold-decision.com/post/11th-annual-calchamber-survey-explores-ca-voter-attitudes,Online Opt-In Panel/Text-to-Web/Probability Panel,FALSE,REP,FALSE,TRUE
Bold Decision,California Chamber of Commerce,NA,California,2025-10-16,2025-10-21,509,LV,Xavier Becerra,8,DEM,https://www.bold-decision.com/post/11th-annual-calchamber-survey-explores-ca-voter-attitudes,Online Opt-In Panel/Text-to-Web/Probability Panel,FALSE,REP,FALSE,TRUE
Bold Decision,California Chamber of Commerce,NA,California,2025-10-16,2025-10-21,509,LV,Betty T. Yee,4,DEM,https://www.bold-decision.com/post/11th-annual-calchamber-survey-explores-ca-voter-attitudes,Online Opt-In Panel/Text-to-Web/Probability Panel,FALSE,REP,FALSE,TRUE
Bold Decision,California Chamber of Commerce,NA,California,2025-10-16,2025-10-21,509,LV,Stephen J. Cloobeck,2,DEM,https://www.bold-decision.com/post/11th-annual-calchamber-survey-explores-ca-voter-attitudes,Online Opt-In Panel/Text-to-Web/Probability Panel,FALSE,REP,FALSE,TRUE
Bold Decision,California Chamber of Commerce,NA,California,2025-10-16,2025-10-21,509,LV,Tony K. Thurmond,1,DEM,https://www.bold-decision.com/post/11th-annual-calchamber-survey-explores-ca-voter-attitudes,Online Opt-In Panel/Text-to-Web/Probability Panel,FALSE,REP,FALSE,TRUE
Bold Decision,California Chamber of Commerce,NA,California,2025-10-16,2025-10-21,509,LV,Ian Calderon,2,DEM,https://www.bold-decision.com/post/11th-annual-calchamber-survey-explores-ca-voter-attitudes,Online Opt-In Panel/Text-to-Web/Probability Panel,FALSE,REP,FALSE,TRUE
Public Policy Institute of California,NA,NA,California,2025-11-13,2025-11-19,1086,LV,Katie Porter,21,DEM,https://www.ppic.org/publication/ppic-statewide-survey-californians-and-their-government-december-2025/,Probability Panel,FALSE,NA,FALSE,TRUE
Public Policy Institute of California,NA,NA,California,2025-11-13,2025-11-19,1086,LV,Xavier Becerra,14,DEM,https://www.ppic.org/publication/ppic-statewide-survey-californians-and-their-government-december-2025/,Probability Panel,FALSE,NA,FALSE,TRUE
Public Policy Institute of California,NA,NA,California,2025-11-13,2025-11-19,1086,LV,Steve Hilton,14,REP,https://www.ppic.org/publication/ppic-statewide-survey-californians-and-their-government-december-2025/,Probability Panel,FALSE,NA,FALSE,TRUE
Public Policy Institute of California,NA,NA,California,2025-11-13,2025-11-19,1086,LV,Chad Bianco,10,REP,https://www.ppic.org/publication/ppic-statewide-survey-californians-and-their-government-december-2025/,Probability Panel,FALSE,NA,FALSE,TRUE
Public Policy Institute of California,NA,NA,California,2025-11-13,2025-11-19,1086,LV,Antonio Ramón Villaraigosa,8,DEM,https://www.ppic.org/publication/ppic-statewide-survey-californians-and-their-government-december-2025/,Probability Panel,FALSE,NA,FALSE,TRUE
Public Policy Institute of California,NA,NA,California,2025-11-13,2025-11-19,1086,LV,Betty T. Yee,7,DEM,https://www.ppic.org/publication/ppic-statewide-survey-californians-and-their-government-december-2025/,Probability Panel,FALSE,NA,FALSE,TRUE
Public Policy Institute of California,NA,NA,California,2025-11-13,2025-11-19,1086,LV,Tony K. Thurmond,2,DEM,https://www.ppic.org/publication/ppic-statewide-survey-californians-and-their-government-december-2025/,Probability Panel,FALSE,NA,FALSE,TRUE
Public Policy Institute of California,NA,NA,California,2025-11-13,2025-11-19,1086,LV,Ian Calderon,1,DEM,https://www.ppic.org/publication/ppic-statewide-survey-californians-and-their-government-december-2025/,Probability Panel,FALSE,NA,FALSE,TRUE
Public Policy Institute of California,NA,NA,California,2025-11-13,2025-11-19,1086,LV,Sharifah Hardie,1,REP,https://www.ppic.org/publication/ppic-statewide-survey-californians-and-their-government-december-2025/,Probability Panel,FALSE,NA,FALSE,TRUE
Public Policy Institute of California,NA,NA,California,2025-11-13,2025-11-19,1086,LV,Brandon Jones,1,DEM,https://www.ppic.org/publication/ppic-statewide-survey-californians-and-their-government-december-2025/,Probability Panel,FALSE,NA,FALSE,TRUE
Public Policy Institute of California,NA,NA,California,2025-11-13,2025-11-19,1086,LV,Kyle Langford,1,REP,https://www.ppic.org/publication/ppic-statewide-survey-californians-and-their-government-december-2025/,Probability Panel,FALSE,NA,FALSE,TRUE
Public Policy Institute of California,NA,NA,California,2025-11-13,2025-11-19,1086,LV,Daniel Mercuri,1,REP,https://www.ppic.org/publication/ppic-statewide-survey-californians-and-their-government-december-2025/,Probability Panel,FALSE,NA,FALSE,TRUE
Public Policy Institute of California,NA,NA,California,2025-11-13,2025-11-19,1086,LV,Butch Ware,1,GRE,https://www.ppic.org/publication/ppic-statewide-survey-californians-and-their-government-december-2025/,Probability Panel,FALSE,NA,FALSE,TRUE
Public Policy Institute of California,NA,NA,California,2025-11-13,2025-11-19,1086,LV,Jimmy Parker,1,REP,https://www.ppic.org/publication/ppic-statewide-survey-californians-and-their-government-december-2025/,Probability Panel,FALSE,NA,FALSE,TRUE
Public Policy Institute of California,NA,NA,California,2025-11-13,2025-11-19,1086,LV,Stephen J. Cloobeck,0,DEM,https://www.ppic.org/publication/ppic-statewide-survey-californians-and-their-government-december-2025/,Probability Panel,FALSE,NA,FALSE,TRUE
Public Policy Institute of California,NA,NA,California,2025-11-13,2025-11-19,1086,LV,Leo S. Zacky,0,REP,https://www.ppic.org/publication/ppic-statewide-survey-californians-and-their-government-december-2025/,Probability Panel,FALSE,NA,FALSE,TRUE
FM3 Research,California Issues Forum,NA,California,2025-11-30,2025-12-07,821,LV,Steve Hilton,18,REP,https://www.politico.com/newsletters/california-playbook/2025/12/17/meet-the-crypto-billionaire-hedging-his-bets-for-governor-00694484,NA,FALSE,NA,FALSE,TRUE
FM3 Research,California Issues Forum,NA,California,2025-11-30,2025-12-07,821,LV,Eric Swalwell,17,DEM,https://www.politico.com/newsletters/california-playbook/2025/12/17/meet-the-crypto-billionaire-hedging-his-bets-for-governor-00694484,NA,FALSE,NA,FALSE,TRUE
FM3 Research,California Issues Forum,NA,California,2025-11-30,2025-12-07,821,LV,Chad Bianco,17,REP,https://www.politico.com/newsletters/california-playbook/2025/12/17/meet-the-crypto-billionaire-hedging-his-bets-for-governor-00694484,NA,FALSE,NA,FALSE,TRUE
FM3 Research,California Issues Forum,NA,California,2025-11-30,2025-12-07,821,LV,Katie Porter,13,DEM,https://www.politico.com/newsletters/california-playbook/2025/12/17/meet-the-crypto-billionaire-hedging-his-bets-for-governor-00694484,NA,FALSE,NA,FALSE,TRUE
FM3 Research,California Issues Forum,NA,California,2025-11-30,2025-12-07,821,LV,Tom Steyer,6,DEM,https://www.politico.com/newsletters/california-playbook/2025/12/17/meet-the-crypto-billionaire-hedging-his-bets-for-governor-00694484,NA,FALSE,NA,FALSE,TRUE
FM3 Research,California Issues Forum,NA,California,2025-11-30,2025-12-07,821,LV,Xavier Becerra,3,DEM,https://www.politico.com/newsletters/california-playbook/2025/12/17/meet-the-crypto-billionaire-hedging-his-bets-for-governor-00694484,NA,FALSE,NA,FALSE,TRUE
FM3 Research,California Issues Forum,NA,California,2025-11-30,2025-12-07,821,LV,Antonio Ramón Villaraigosa,3,DEM,https://www.politico.com/newsletters/california-playbook/2025/12/17/meet-the-crypto-billionaire-hedging-his-bets-for-governor-00694484,NA,FALSE,NA,FALSE,TRUE
FM3 Research,California Issues Forum,NA,California,2025-11-30,2025-12-07,821,LV,Betty T. Yee,1,DEM,https://www.politico.com/newsletters/california-playbook/2025/12/17/meet-the-crypto-billionaire-hedging-his-bets-for-governor-00694484,NA,FALSE,NA,FALSE,TRUE
FM3 Research,California Issues Forum,NA,California,2025-11-30,2025-12-07,821,LV,Tony K. Thurmond,1,DEM,https://www.politico.com/newsletters/california-playbook/2025/12/17/meet-the-crypto-billionaire-hedging-his-bets-for-governor-00694484,NA,FALSE,NA,FALSE,TRUE
FM3 Research,California Issues Forum,NA,California,2025-11-30,2025-12-07,821,LV,Ian Calderon,0,DEM,https://www.politico.com/newsletters/california-playbook/2025/12/17/meet-the-crypto-billionaire-hedging-his-bets-for-governor-00694484,NA,FALSE,NA,FALSE,TRUE
Public Policy Polling,NA,Katie Porter,California,2026-01-20,2026-01-21,1001,V,Chad Bianco,18,REP,https://www.politico.com/newsletters/california-playbook/2026/01/23/ambition-overload-and-musical-chairs-00743326?nname=california-playbook&nid=00000150-384f-da43-aff2-bf7fd35a0000&nrid=67f2b64a-7464-4f91-82cd-6bfa9effa8ba,NA,FALSE,DEM,TRUE,TRUE
Public Policy Polling,NA,Katie Porter,California,2026-01-20,2026-01-21,1001,V,Steve Hilton,17,REP,https://www.politico.com/newsletters/california-playbook/2026/01/23/ambition-overload-and-musical-chairs-00743326?nname=california-playbook&nid=00000150-384f-da43-aff2-bf7fd35a0000&nrid=67f2b64a-7464-4f91-82cd-6bfa9effa8ba,NA,FALSE,DEM,TRUE,TRUE
Public Policy Polling,NA,Katie Porter,California,2026-01-20,2026-01-21,1001,V,Eric Swalwell,11,DEM,https://www.politico.com/newsletters/california-playbook/2026/01/23/ambition-overload-and-musical-chairs-00743326?nname=california-playbook&nid=00000150-384f-da43-aff2-bf7fd35a0000&nrid=67f2b64a-7464-4f91-82cd-6bfa9effa8ba,NA,FALSE,DEM,TRUE,TRUE
Public Policy Polling,NA,Katie Porter,California,2026-01-20,2026-01-21,1001,V,Tom Steyer,8,DEM,https://www.politico.com/newsletters/california-playbook/2026/01/23/ambition-overload-and-musical-chairs-00743326?nname=california-playbook&nid=00000150-384f-da43-aff2-bf7fd35a0000&nrid=67f2b64a-7464-4f91-82cd-6bfa9effa8ba,NA,FALSE,DEM,TRUE,TRUE
Public Policy Polling,NA,Katie Porter,California,2026-01-20,2026-01-21,1001,V,Xavier Becerra,6,DEM,https://www.politico.com/newsletters/california-playbook/2026/01/23/ambition-overload-and-musical-chairs-00743326?nname=california-playbook&nid=00000150-384f-da43-aff2-bf7fd35a0000&nrid=67f2b64a-7464-4f91-82cd-6bfa9effa8ba,NA,FALSE,DEM,TRUE,TRUE
Public Policy Polling,NA,Katie Porter,California,2026-01-20,2026-01-21,1001,V,Matt Mahan,5,DEM,https://www.politico.com/newsletters/california-playbook/2026/01/23/ambition-overload-and-musical-chairs-00743326?nname=california-playbook&nid=00000150-384f-da43-aff2-bf7fd35a0000&nrid=67f2b64a-7464-4f91-82cd-6bfa9effa8ba,NA,FALSE,DEM,TRUE,TRUE
Public Policy Polling,NA,Katie Porter,California,2026-01-20,2026-01-21,1001,V,Antonio Ramón Villaraigosa,2,DEM,https://www.politico.com/newsletters/california-playbook/2026/01/23/ambition-overload-and-musical-chairs-00743326?nname=california-playbook&nid=00000150-384f-da43-aff2-bf7fd35a0000&nrid=67f2b64a-7464-4f91-82cd-6bfa9effa8ba,NA,FALSE,DEM,TRUE,TRUE
Public Policy Polling,NA,Katie Porter,California,2026-01-20,2026-01-21,1001,V,Tony K. Thurmond,1,DEM,https://www.politico.com/newsletters/california-playbook/2026/01/23/ambition-overload-and-musical-chairs-00743326?nname=california-playbook&nid=00000150-384f-da43-aff2-bf7fd35a0000&nrid=67f2b64a-7464-4f91-82cd-6bfa9effa8ba,NA,FALSE,DEM,TRUE,TRUE
David Binder Research,California Environmental Voters,NA,California,2026-01-17,2026-01-20,800,LV,Chad Bianco,17,REP,https://www.politico.com/newsletters/california-climate/2026/01/27/trump-and-newsoms-tug-of-water-00751296,NA,FALSE,DEM,FALSE,TRUE
David Binder Research,California Environmental Voters,NA,California,2026-01-17,2026-01-20,800,LV,Steve Hilton,14,REP,https://www.politico.com/newsletters/california-climate/2026/01/27/trump-and-newsoms-tug-of-water-00751296,NA,FALSE,DEM,FALSE,TRUE
David Binder Research,California Environmental Voters,NA,California,2026-01-17,2026-01-20,800,LV,Katie Porter,11,DEM,https://www.politico.com/newsletters/california-climate/2026/01/27/trump-and-newsoms-tug-of-water-00751296,NA,FALSE,DEM,FALSE,TRUE
David Binder Research,California Environmental Voters,NA,California,2026-01-17,2026-01-20,800,LV,Eric Swalwell,11,DEM,https://www.politico.com/newsletters/california-climate/2026/01/27/trump-and-newsoms-tug-of-water-00751296,NA,FALSE,DEM,FALSE,TRUE
David Binder Research,California Environmental Voters,NA,California,2026-01-17,2026-01-20,800,LV,Tom Steyer,8,DEM,https://www.politico.com/newsletters/california-climate/2026/01/27/trump-and-newsoms-tug-of-water-00751296,NA,FALSE,DEM,FALSE,TRUE
David Binder Research,California Environmental Voters,NA,California,2026-01-17,2026-01-20,800,LV,Xavier Becerra,5,DEM,https://www.politico.com/newsletters/california-climate/2026/01/27/trump-and-newsoms-tug-of-water-00751296,NA,FALSE,DEM,FALSE,TRUE
David Binder Research,California Environmental Voters,NA,California,2026-01-17,2026-01-20,800,LV,Antonio Ramón Villaraigosa,3,DEM,https://www.politico.com/newsletters/california-climate/2026/01/27/trump-and-newsoms-tug-of-water-00751296,NA,FALSE,DEM,FALSE,TRUE
David Binder Research,California Environmental Voters,NA,California,2026-01-17,2026-01-20,800,LV,Tony K. Thurmond,2,DEM,https://www.politico.com/newsletters/california-climate/2026/01/27/trump-and-newsoms-tug-of-water-00751296,NA,FALSE,DEM,FALSE,TRUE
David Binder Research,California Environmental Voters,NA,California,2026-01-17,2026-01-20,800,LV,Betty T. Yee,1,DEM,https://www.politico.com/newsletters/california-climate/2026/01/27/trump-and-newsoms-tug-of-water-00751296,NA,FALSE,DEM,FALSE,TRUE
David Binder Research,California Environmental Voters,NA,California,2026-01-17,2026-01-20,800,LV,Ian Calderon,0,DEM,https://www.politico.com/newsletters/california-climate/2026/01/27/trump-and-newsoms-tug-of-water-00751296,NA,FALSE,DEM,FALSE,TRUE
David Binder Research,California Environmental Voters,NA,California,2026-01-17,2026-01-20,800,LV,Jon Slavet,0,REP,https://www.politico.com/newsletters/california-climate/2026/01/27/trump-and-newsoms-tug-of-water-00751296,NA,FALSE,DEM,FALSE,TRUE
David Binder Research,California Environmental Voters,NA,California,2026-01-17,2026-01-20,800,LV,Leo S. Zacky,0,REP,https://www.politico.com/newsletters/california-climate/2026/01/27/trump-and-newsoms-tug-of-water-00751296,NA,FALSE,DEM,FALSE,TRUE
Emerson College,NA,NA,California,2025-10-20,2025-10-21,900,LV,Stephen J. Cloobeck,0.7,DEM,https://emersoncollegepolling.com/california-2025-poll-voters-poised-to-approve-proposition-50-with-57-support/,Online Opt-In Panel/Text-to-Web,FALSE,NA,FALSE,TRUE
Emerson College,NA,NA,California,2025-10-20,2025-10-21,900,LV,Tony K. Thurmond,2.7,DEM,https://emersoncollegepolling.com/california-2025-poll-voters-poised-to-approve-proposition-50-with-57-support/,Online Opt-In Panel/Text-to-Web,FALSE,NA,FALSE,TRUE
Emerson College,NA,NA,California,2025-10-20,2025-10-21,900,LV,Betty T. Yee,1.6,DEM,https://emersoncollegepolling.com/california-2025-poll-voters-poised-to-approve-proposition-50-with-57-support/,Online Opt-In Panel/Text-to-Web,FALSE,NA,FALSE,TRUE
Emerson College,NA,NA,California,2025-10-20,2025-10-21,900,LV,Katie Porter,14.7,DEM,https://emersoncollegepolling.com/california-2025-poll-voters-poised-to-approve-proposition-50-with-57-support/,Online Opt-In Panel/Text-to-Web,FALSE,NA,FALSE,TRUE
Emerson College,NA,NA,California,2025-10-20,2025-10-21,900,LV,Xavier Becerra,5,DEM,https://emersoncollegepolling.com/california-2025-poll-voters-poised-to-approve-proposition-50-with-57-support/,Online Opt-In Panel/Text-to-Web,FALSE,NA,FALSE,TRUE
Emerson College,NA,NA,California,2025-10-20,2025-10-21,900,LV,Antonio Ramón Villaraigosa,5.2,DEM,https://emersoncollegepolling.com/california-2025-poll-voters-poised-to-approve-proposition-50-with-57-support/,Online Opt-In Panel/Text-to-Web,FALSE,NA,FALSE,TRUE
Emerson College,NA,NA,California,2025-10-20,2025-10-21,900,LV,Chad Bianco,10.7,REP,https://emersoncollegepolling.com/california-2025-poll-voters-poised-to-approve-proposition-50-with-57-support/,Online Opt-In Panel/Text-to-Web,FALSE,NA,FALSE,TRUE
Emerson College,NA,NA,California,2025-10-20,2025-10-21,900,LV,Steve Hilton,15.7,REP,https://emersoncollegepolling.com/california-2025-poll-voters-poised-to-approve-proposition-50-with-57-support/,Online Opt-In Panel/Text-to-Web,FALSE,NA,FALSE,TRUE
Emerson College,NA,NA,California,2025-10-20,2025-10-21,900,LV,Ian Calderon,1.1,DEM,https://emersoncollegepolling.com/california-2025-poll-voters-poised-to-approve-proposition-50-with-57-support/,Online Opt-In Panel/Text-to-Web,FALSE,NA,FALSE,TRUE
University of California Berkeley,Los Angeles Times,NA,California,2025-10-20,2025-10-27,8141,RV,Chad Bianco,13,REP,https://www.latimes.com/california/story/2025-11-07/la-times-berkeley-poll-on-2026-california-governors-race,Text-to-Web/Email,FALSE,NA,FALSE,TRUE
University of California Berkeley,Los Angeles Times,NA,California,2025-10-20,2025-10-27,8141,RV,Katie Porter,11,DEM,https://www.latimes.com/california/story/2025-11-07/la-times-berkeley-poll-on-2026-california-governors-race,Text-to-Web/Email,FALSE,NA,FALSE,TRUE
University of California Berkeley,Los Angeles Times,NA,California,2025-10-20,2025-10-27,8141,RV,Xavier Becerra,8,DEM,https://www.latimes.com/california/story/2025-11-07/la-times-berkeley-poll-on-2026-california-governors-race,Text-to-Web/Email,FALSE,NA,FALSE,TRUE
University of California Berkeley,Los Angeles Times,NA,California,2025-10-20,2025-10-27,8141,RV,Steve Hilton,8,REP,https://www.latimes.com/california/story/2025-11-07/la-times-berkeley-poll-on-2026-california-governors-race,Text-to-Web/Email,FALSE,NA,FALSE,TRUE
University of California Berkeley,Los Angeles Times,NA,California,2025-10-20,2025-10-27,8141,RV,Antonio Ramón Villaraigosa,5,DEM,https://www.latimes.com/california/story/2025-11-07/la-times-berkeley-poll-on-2026-california-governors-race,Text-to-Web/Email,FALSE,NA,FALSE,TRUE
University of California Berkeley,Los Angeles Times,NA,California,2025-10-20,2025-10-27,8141,RV,Betty T. Yee,3,DEM,https://www.latimes.com/california/story/2025-11-07/la-times-berkeley-poll-on-2026-california-governors-race,Text-to-Web/Email,FALSE,NA,FALSE,TRUE
University of California Berkeley,Los Angeles Times,NA,California,2025-10-20,2025-10-27,8141,RV,Rick Caruso,3,DEM,https://www.latimes.com/california/story/2025-11-07/la-times-berkeley-poll-on-2026-california-governors-race,Text-to-Web/Email,FALSE,NA,FALSE,TRUE
University of California Berkeley,Los Angeles Times,NA,California,2025-10-20,2025-10-27,8141,RV,Tony K. Thurmond,1,DEM,https://www.latimes.com/california/story/2025-11-07/la-times-berkeley-poll-on-2026-california-governors-race,Text-to-Web/Email,FALSE,NA,FALSE,TRUE
University of California Berkeley,Los Angeles Times,NA,California,2025-10-20,2025-10-27,8141,RV,Tom Steyer,1,DEM,https://www.latimes.com/california/story/2025-11-07/la-times-berkeley-poll-on-2026-california-governors-race,Text-to-Web/Email,FALSE,NA,FALSE,TRUE
University of California Berkeley,Los Angeles Times,NA,California,2025-10-20,2025-10-27,8141,RV,Ian Calderon,0,DEM,https://www.latimes.com/california/story/2025-11-07/la-times-berkeley-poll-on-2026-california-governors-race,Text-to-Web/Email,FALSE,NA,FALSE,TRUE
University of California Berkeley,Los Angeles Times,NA,California,2025-10-20,2025-10-27,8141,RV,Stephen J. Cloobeck,0,DEM,https://www.latimes.com/california/story/2025-11-07/la-times-berkeley-poll-on-2026-california-governors-race,Text-to-Web/Email,FALSE,NA,FALSE,TRUE
Tavern Research,NA,Xavier Becerra,California,2025-10-27,2025-10-30,1001,LV,Chad Bianco,16,REP,https://mailchi.mp/xavierbecerra2026/jh75g2r42d-13840594,NA,FALSE,DEM,TRUE,TRUE
Tavern Research,NA,Xavier Becerra,California,2025-10-27,2025-10-30,1001,LV,Katie Porter,15,DEM,https://mailchi.mp/xavierbecerra2026/jh75g2r42d-13840594,NA,FALSE,DEM,TRUE,TRUE
Tavern Research,NA,Xavier Becerra,California,2025-10-27,2025-10-30,1001,LV,Steve Hilton,12,REP,https://mailchi.mp/xavierbecerra2026/jh75g2r42d-13840594,NA,FALSE,DEM,TRUE,TRUE
Tavern Research,NA,Xavier Becerra,California,2025-10-27,2025-10-30,1001,LV,Xavier Becerra,9,DEM,https://mailchi.mp/xavierbecerra2026/jh75g2r42d-13840594,NA,FALSE,DEM,TRUE,TRUE
Tavern Research,NA,Xavier Becerra,California,2025-10-27,2025-10-30,1001,LV,Antonio Ramón Villaraigosa,5,DEM,https://mailchi.mp/xavierbecerra2026/jh75g2r42d-13840594,NA,FALSE,DEM,TRUE,TRUE
Tavern Research,NA,Xavier Becerra,California,2025-10-27,2025-10-30,1001,LV,Betty T. Yee,3,DEM,https://mailchi.mp/xavierbecerra2026/jh75g2r42d-13840594,NA,FALSE,DEM,TRUE,TRUE
Tavern Research,NA,Xavier Becerra,California,2025-10-27,2025-10-30,1001,LV,Tony K. Thurmond,2,DEM,https://mailchi.mp/xavierbecerra2026/jh75g2r42d-13840594,NA,FALSE,DEM,TRUE,TRUE
Tavern Research,NA,Xavier Becerra,California,2025-10-27,2025-10-30,1001,LV,Stephen J. Cloobeck,1,DEM,https://mailchi.mp/xavierbecerra2026/jh75g2r42d-13840594,NA,FALSE,DEM,TRUE,TRUE
Tavern Research,NA,Xavier Becerra,California,2025-10-27,2025-10-30,1001,LV,Ian Calderon,1,DEM,https://mailchi.mp/xavierbecerra2026/jh75g2r42d-13840594,NA,FALSE,DEM,TRUE,TRUE
Tulchin Research,NA,Antonio Ramón Villaraigosa,California,2025-10-31,2025-10-31,919,LV,Chad Bianco,20,REP,https://amp.sacbee.com/news/politics-government/capitol-alert/article312762875.html,NA,FALSE,DEM,TRUE,TRUE
Tulchin Research,NA,Antonio Ramón Villaraigosa,California,2025-10-31,2025-10-31,919,LV,Steve Hilton,18,REP,https://amp.sacbee.com/news/politics-government/capitol-alert/article312762875.html,NA,FALSE,DEM,TRUE,TRUE
Tulchin Research,NA,Antonio Ramón Villaraigosa,California,2025-10-31,2025-10-31,919,LV,Katie Porter,15,DEM,https://amp.sacbee.com/news/politics-government/capitol-alert/article312762875.html,NA,FALSE,DEM,TRUE,TRUE
Tulchin Research,NA,Antonio Ramón Villaraigosa,California,2025-10-31,2025-10-31,919,LV,Antonio Ramón Villaraigosa,19,DEM,https://amp.sacbee.com/news/politics-government/capitol-alert/article312762875.html,NA,FALSE,DEM,TRUE,TRUE
EMC Research,NA,Eric Swalwell,California,2025-10-22,2025-10-26,1000,LV,Steve Hilton,20,REP,https://punchbowl.news/article/campaigns/swalwell-mulls-gov-bid/,NA,FALSE,DEM,TRUE,TRUE
EMC Research,NA,Eric Swalwell,California,2025-10-22,2025-10-26,1000,LV,Katie Porter,16,DEM,https://punchbowl.news/article/campaigns/swalwell-mulls-gov-bid/,NA,FALSE,DEM,TRUE,TRUE
EMC Research,NA,Eric Swalwell,California,2025-10-22,2025-10-26,1000,LV,Chad Bianco,14,REP,https://punchbowl.news/article/campaigns/swalwell-mulls-gov-bid/,NA,FALSE,DEM,TRUE,TRUE
EMC Research,NA,Eric Swalwell,California,2025-10-22,2025-10-26,1000,LV,Eric Swalwell,11,DEM,https://punchbowl.news/article/campaigns/swalwell-mulls-gov-bid/,NA,FALSE,DEM,TRUE,TRUE
EMC Research,NA,Eric Swalwell,California,2025-10-22,2025-10-26,1000,LV,Xavier Becerra,9,DEM,https://punchbowl.news/article/campaigns/swalwell-mulls-gov-bid/,NA,FALSE,DEM,TRUE,TRUE
EMC Research,NA,Eric Swalwell,California,2025-10-22,2025-10-26,1000,LV,Antonio Ramón Villaraigosa,5,DEM,https://punchbowl.news/article/campaigns/swalwell-mulls-gov-bid/,NA,FALSE,DEM,TRUE,TRUE
EMC Research,NA,Eric Swalwell,California,2025-10-22,2025-10-26,1000,LV,Tom Steyer,3,DEM,https://punchbowl.news/article/campaigns/swalwell-mulls-gov-bid/,NA,FALSE,DEM,TRUE,TRUE
EMC Research,NA,Eric Swalwell,California,2025-10-22,2025-10-26,1000,LV,Betty T. Yee,3,DEM,https://punchbowl.news/article/campaigns/swalwell-mulls-gov-bid/,NA,FALSE,DEM,TRUE,TRUE
EMC Research,NA,Eric Swalwell,California,2025-10-22,2025-10-26,1000,LV,Butch Ware,2,GRE,https://punchbowl.news/article/campaigns/swalwell-mulls-gov-bid/,NA,FALSE,DEM,TRUE,TRUE
EMC Research,NA,Eric Swalwell,California,2025-10-22,2025-10-26,1000,LV,Ian Calderon,1,DEM,https://punchbowl.news/article/campaigns/swalwell-mulls-gov-bid/,NA,FALSE,DEM,TRUE,TRUE
CivicLens Research,NA,NA,California,2025-12-14,2025-12-16,400,LV,Steve Hilton,17.8,REP,https://x.com/CivicLensData/status/2001756345486446747,Text-to-Web,FALSE,NA,FALSE,TRUE
CivicLens Research,NA,NA,California,2025-12-14,2025-12-16,400,LV,Chad Bianco,13.9,REP,https://x.com/CivicLensData/status/2001756345486446747,Text-to-Web,FALSE,NA,FALSE,TRUE
CivicLens Research,NA,NA,California,2025-12-14,2025-12-16,400,LV,Eric Swalwell,12.2,DEM,https://x.com/CivicLensData/status/2001756345486446747,Text-to-Web,FALSE,NA,FALSE,TRUE
CivicLens Research,NA,NA,California,2025-12-14,2025-12-16,400,LV,Katie Porter,9.2,DEM,https://x.com/CivicLensData/status/2001756345486446747,Text-to-Web,FALSE,NA,FALSE,TRUE
CivicLens Research,NA,NA,California,2025-12-14,2025-12-16,400,LV,Tom Steyer,6.8,DEM,https://x.com/CivicLensData/status/2001756345486446747,Text-to-Web,FALSE,NA,FALSE,TRUE
CivicLens Research,NA,NA,California,2025-12-14,2025-12-16,400,LV,Tony K. Thurmond,2.6,DEM,https://x.com/CivicLensData/status/2001756345486446747,Text-to-Web,FALSE,NA,FALSE,TRUE
CivicLens Research,NA,NA,California,2025-12-14,2025-12-16,400,LV,Antonio Ramón Villaraigosa,1.7,DEM,https://x.com/CivicLensData/status/2001756345486446747,Text-to-Web,FALSE,NA,FALSE,TRUE
CivicLens Research,NA,NA,California,2025-12-14,2025-12-16,400,LV,Xavier Becerra,1.1,DEM,https://x.com/CivicLensData/status/2001756345486446747,Text-to-Web,FALSE,NA,FALSE,TRUE
CivicLens Research,NA,NA,California,2025-12-14,2025-12-16,400,LV,Ian Calderon,0,DEM,https://x.com/CivicLensData/status/2001756345486446747,Text-to-Web,FALSE,NA,FALSE,TRUE
